manufacturer,model_raw,count
acura,mdx,678
acura,mdx sh-awd sport utility,464
acura,tl,464
acura,mdx sh-awd w/technology,259
acura,rdx,253
acura,tsx,242
acura,rdx sport utility 4d,226
acura,tlx,178
acura,tsx sedan 4d,143
acura,mdx sport utility 4d,135
acura,rdx technology pkg sport,121
acura,ilx sedan 4d,119
acura,ilx,108
acura,mdx advance pkg sport,99
acura,ilx premium pkg sedan 4d,88
acura,tlx 3.5 w/technology pkg,88
acura,mdx technology pkg sport,86
acura,rdx sh-awd sport utility,84
acura,rdx advance pkg sport,83
acura,rdx sh-awd a-spec pkg,80
acura,rl,65
acura,tl sedan 4d,55
acura,tlx 3.5 sedan 4d,55
acura,ilx 2.0l sedan 4d,54
acura,mdx advance and,49
acura,tl sh-awd sedan 4d,49
acura,rsx,42
acura,ilx technology plus and,41
acura,tlx 2.4 sedan 4d,40
acura,mdx sport hybrid sh-awd,39
acura,rdx sh-awd technology pkg,39
acura,tsx wagon 4d,39
acura,rdx technology and,38
acura,mdx awd,30
acura,ilx special edition sedan,28
acura,mdx sh-awd,26
acura,mdx sh-awd w/advance pkg,25
acura,mdx sh-awd w/tech,23
acura,ilx premium and a-spec,18
acura,ilx technology and a-spec,18
acura,rlx sedan 4d,18
acura,rlx,17
acura,rdx sh-awd advance pkg,16
acura,tl special edition sedan,16
acura,3.2 tl,15
acura,mdx touring,15
acura,rdx sh-awd,15
acura,rlx sport hybrid sh-awd,15
acura,rdx awd,14
acura,tl type s,13
acura,mdx tech package,12
acura,tlx 2.4 w/technology pkg,12
acura,cl,11
acura,integra,11
acura,rl sh-awd w/tech,11
acura,mdx 3.7l advance package,10
acura,mdx sh-awd w/advance and,10
acura,nsx,10
acura,tl 3.2,10
acura,tsx 2.4,10
acura,tsx w/tech,10
acura,tsx sedan,9
acura,rdx fwd w/advance pkg,8
acura,rdx technology,8
acura,tl tech,8
acura,ilx 2.0l,7
acura,integra ls,7
acura,mdx sh-awd w/tech pckg nav,7
acura,rdx sh-awd w/tech,7
acura,tl advance,7
acura,tl tech auto,7
acura,tlx 3.5l v6,7
acura,3.2tl,6
acura,cl type s,6
acura,mdx 9-spd at w/tech package,6
acura,mdx awd tech pkg,6
acura,rl sh-awd,6
acura,tl type-s,6
acura,tsx base,6
acura,tsx tech pkg,6
acura,3.2 cl type s,5
acura,ilx premium fwd,5
acura,ilx sedan,5
acura,ilx tech pkg,5
acura,mdx 3.5l w/advance,5
acura,mdx 4wd 4dr,5
acura,rdx tech pkg,5
acura,rdx w/tech,5
acura,tl base,5
acura,tl w/navi,5
acura,tlx 3.5 w/advance pkg,5
acura,ilx prem atech,4
acura,mdx sh awd,4
acura,mdx sh w/tech 4dr suv w/,4
acura,mdx sh-awd w/advance,4
acura,mdx touring w/navi w/res,4
acura,rdx base sh-awd awd,4
acura,rdx fwd w/a-spec pkg sport,4
acura,rdx w/a-spec pkg,4
acura,rdx w/advance 4dr suv,4
acura,tl basesedan,4
acura,tl fwd,4
acura,tlx base fwd,4
acura,tsx sport wagon,4
acura,3.0cl,3
acura,3.5rl,3
acura,mdx basesuv,3
acura,mdx sh-awd w/tech w/res,3
acura,mdx sport,3
acura,mdx sport/entertainment p,3
acura,rdx awd 4dr,3
acura,rdx base awdsuv,3
acura,rdx tech,3
acura,rdx w/techsuv w/,3
acura,rl 3.5,3
acura,rl 3.5 5l awd rlx,3
acura,rsx leather,3
acura,tlx 2.4l,3
acura,tlx a-spec fwd gas sedan,3
acura,tlx w/a-spec pkg red,3
acura,tsx tech package,3
alfa-romeo,romeo stelvio ti sport,263
alfa-romeo,romeo giulia sedan 4d,119
alfa-romeo,romeo stelvio sport suv 4d,105
alfa-romeo,romeo giulia ti sedan 4d,77
alfa-romeo,romeo stelvio,57
alfa-romeo,romeo stelvio sport utility,56
alfa-romeo,romeo giulia,37
alfa-romeo,romeo stelvio ti sport suv,24
alfa-romeo,romeo stelvio ti sport awd,23
alfa-romeo,romeo giulia ti sport sedan,15
alfa-romeo,romeo spider,12
alfa-romeo,romeo giulia sport sedan 4d,10
alfa-romeo,romeo giulia (952),7
alfa-romeo,romeo giulia q4 awd gas,6
alfa-romeo,romeo giulia ti sport,6
alfa-romeo,romeo giulia ti,5
alfa-romeo,romeo spider graduate,5
alfa-romeo,romeo giulia quadrifoglio,3
alfa-romeo,romeo spider veloce,3
alfa-romeo,romeo stelvio awd,3
aston-martin,martin db11,6
aston-martin,martin db9,5
audi,a4,625
audi,q5,409
audi,a6,273
audi,q7,241
audi,a6 2.0t premium plus sedan,186
audi,q5 premium sport utility 4d,184
audi,a3,157
audi,q8 premium sport utility 4d,153
audi,s5 premium plus sedan 4d,150
audi,a6 2.0t premium sedan 4d,134
audi,a5,132
audi,s5 premium plus coupe 2d,127
audi,a7,110
audi,a4 ultra premium sedan 4d,106
audi,a4 allroad premium wagon 4d,99
audi,a4 allroad premium plus,97
audi,a6 45 tfsi premium plus,92
audi,q3,92
audi,s5 prestige coupe 2d,89
audi,s5,88
audi,a6 3.0t premium plus sedan,83
audi,tt,83
audi,s4,75
audi,a8,65
audi,a6 3.0t prestige sedan 4d,60
audi,a4 quattro,59
audi,q5 3.0t premium plus sport,56
audi,s5 premium plus convertible,55
audi,allroad premium plus wagon,49
audi,q7 3.0t premium plus sport,49
audi,q5 45 tfsi premium plus,48
audi,sq5,44
audi,a4 2.0t quattro,43
audi,q5 premium plus,41
audi,s5 prestige sedan 4d,40
audi,a3 premium sedan 4d,39
audi,a5 premium coupe 2d,38
audi,a5 premium plus coupe 2d,38
audi,a3 e-tron,37
audi,s4 premium plus sedan 4d,37
audi,a4 premium plus sedan 4d,36
audi,q5 tdi premium plus sport,36
audi,allroad,35
audi,tt roadster,35
audi,a3 premium plus sedan 4d,34
audi,a6 45 tfsi premium sedan 4d,34
audi,a4 2.0t premium plus,32
audi,a5 premium plus sedan 4d,32
audi,q5 premium plus sport,32
audi,q7 3.0t s line prestige,31
audi,a3 sportback e-tron premium,30
audi,s5 prestige convertible 2d,30
audi,s6,29
audi,a4 premium sedan 4d,27
audi,q5 2.0t quattro premium,27
audi,s4 prestige sedan 4d,27
audi,a6 quattro,26
audi,a7 3.0t prestige quattro,25
audi,s4 quattro,25
audi,a4 allroad prestige wagon,23
audi,a6 3.0t quattro sedan 4d,23
audi,s3 premium plus sedan 4d,23
audi,s6 prestige quattro awd,23
audi,s7 prestige sedan 4d,23
audi,sq5 premium plus sport,23
audi,s7 sedan 4d,22
audi,a6 3.0t quattro,21
audi,a7 premium plus sedan 4d,20
audi,a8 4.0t quattro dealer serviced since new with all records*97k msrp* sport-conv-comfort-cold weather-camera assistance-led headlights and much more*no accidents*non smoker previous owner,20
audi,s5 quattro coupe 2d,19
audi,a5 premium sedan 4d,18
audi,tt rs quattro coupe 2d,18
audi,s3,17
audi,s8,16
audi,a3 tdi premium sedan 4d,15
audi,a5 2.0t quattro premium,15
audi,q5 quattro premium plus,14
audi,q7 3.0t premium sport,14
audi,rs5,14
audi,a3 2.0t premium,13
audi,a4 2.0t quattro premium,13
audi,a5 sportback,13
audi,a3 2.0t,12
audi,a4 allroad,12
audi,a7 prestige sedan 4d,12
audi,q3 premium sport utility 4d,12
audi,q5 prestige sport utility,12
audi,q7 tdi prestige sport,12
audi,s7,12
audi,a4 3.0 cabriolet,11
audi,a4 avant,11
audi,a5 2.0t premium plus,11
audi,a6 3.2 quattro,11
audi,a8 l,11
audi,a3 sportback e-tron,10
audi,a4 2.0t avant quattro,10
audi,a5 2.0t premium plus quattr,10
audi,a6 competition sedan 4d,10
audi,allroad quattro,10
audi,q5 3.2 quattro premium,10
audi,q7 3.0t premium plus,10
audi,q8,10
audi,tt coupe 2d,10
audi,a3 2.0 tdi premium,9
audi,a3 2.0t premium plus,9
audi,a3 sedan,9
audi,a4 1.8t quattro,9
audi,a4 quattro premium plus,9
audi,q3 sport premium utility 4d,9
audi,q5 2.0t premium,9
audi,q5 2.0t quattro premium plus,9
audi,q7 premium plus,9
audi,r8,9
audi,a4 2.0t,8
audi,a4 convertible,8
audi,a5 quattro,8
audi,a7 3.0t quattro,8
audi,a8 l quattro,8
audi,allroad prestige wagon 4d,8
audi,q5 2.0t premium plus,8
audi,q5 bad credit,8
audi,s4 3.0t premium plus,8
audi,a3 2.0t quattro,7
audi,a3 premium,7
audi,a3 tdi premium plus,7
audi,a4 2.0t premiumsedan,7
audi,a4 premium,7
audi,a5 coupe,7
audi,a7 3.0t quattro prestige,7
audi,a8 l 4.0t sport sedan 4d,7
audi,a8 quattro,7
audi,a8l,7
audi,a8l quattro,7
audi,a4 2.0t premium,6
audi,a5 premium plus cabriolet,6
audi,a5 prestige coupe 2d,6
audi,a6 premium plus,6
audi,a8 l 4.0t sedan 4d,6
audi,a8 l 4.2 quattro sedan 4d,6
audi,a8 l tdi sedan 4d,6
audi,q3 2.0t premium plus,6
audi,q3 premium,6
audi,q3 premium plus,6
audi,q3 sport premium plus,6
audi,q5 3.0t quattro technik,6
audi,q5 45 tfsi prestige sport,6
audi,q5 premium,6
audi,q5 premium awd gas suv auto,6
audi,q7 3.0t premuim plus,6
audi,q7 3.0t prestige sport,6
audi,q7 tdi prestige,6
audi,rs 5 coupe 2d,6
audi,s4 prestige,6
audi,a3 prestige sedan 4d,5
audi,a3 tdi,5
audi,a4 quattro premium,5
audi,a4 quattro s-line,5
audi,a4 s-line,5
audi,a5 cabriolet,5
audi,a5 manual,5
audi,a8 3.0t sedan 4d,5
audi,a8 l quattro awd,5
audi,q3 premium plus sport,5
audi,q5 2.0 tfsi premium plus,5
audi,q5 premium plus awd,5
audi,q7 3.0t quattro premium,5
audi,q7 premium plus quattro awd,5
audi,s5 premium plus quattro,5
audi,s5 prestige,5
audi,tt 2.0t,5
audi,tt quattro,5
audi,tts,5
audi,1.8t convertible 2d,4
audi,2016 a3 sportback e-tron,4
audi,a3 1.8t premium,4
audi,a3 2.0 tdi premium plus,4
audi,a3 2.0t premium plus pzev,4
audi,a3 2.0t premium wagon 4d,4
audi,a4 2.0 quattro,4
audi,a4 2dr cabriolet 1.8t cvt,4
audi,a4 45 premium sedan 4d,4
audi,a4 4wd,4
audi,a4 premium plus awd,4
audi,a5 2.0t fronttrak premium,4
audi,a6 4.2 quattro,4
audi,a6 premium plus awd gas,4
audi,a6 premium quattro,4
audi,a6 s-line,4
audi,a7 prestige,4
audi,a8 4.0t quattro,4
audi,all road,4
audi,q3 prestige,4
audi,q5 2.0t premium plus sport,4
audi,q5 2.0t quattro progressiv,4
audi,q5 45 tfsi titanium premium,4
audi,q7 2.0t premium plus sport,4
audi,q7 2.0t premium sport,4
audi,s3 tfsi premium plus sedan,4
audi,s5 sportback,4
audi,s7 4.0t,4
audi,sq5 premium plus,4
audi,a 6,3
audi,a3 premium plus,3
audi,a3 s line premium sedan 4d,3
audi,"a4 ** s line package,",3
audi,a4 2.0t quattro premium awd,3
audi,a4 3.0 quattro,3
audi,a4 40 premium sedan 4d,3
audi,a4 avant awd wagon,3
audi,a4 premium plus,3
audi,a4 titanium premium sedan,3
audi,a4 ultra premium plus sedan,3
audi,a5 2.0t premium plus coupe,3
audi,a5 premium,3
audi,a5 quattro premium plus,3
audi,a6 2.8 quattro,3
audi,a6 3.0 t,3
audi,a6 3.0t quattro premium,3
audi,a6 quattro premium plus,3
audi,a7 3.0t quattro prestige awd,3
audi,a7 quattro,3
audi,allroad 2.7t,3
audi,q3 s line premium plus,3
audi,q3 s line prestige sport,3
audi,q5 2.0t quattro premium plus *nav *moon roof *clean *carfax local *s*u*v,3
audi,q5 3.2 quattro premium plus,3
audi,q5 prestige,3
audi,q5 quattro,3
audi,q7 3.0l tdi prestige,3
audi,q7 3.6 premium quattro,3
audi,q7 quattro premium plus,3
audi,q7 se premium plus,3
audi,q7 tdi,3
audi,q8 3.0t quattro prestige,3
audi,rs 4,3
audi,rs 5,3
audi,rs 5 hatchback sedan 4d,3
audi,rs 7,3
audi,rs7,3
audi,s4 4dr sdn quattro awd man,3
audi,s4 prestige quattro,3
audi,s5 coupe,3
audi,s5 quattro premium plus,3
audi,s6 avant,3
audi,s8 4.0t twin turbo,3
bentley,bentley arnage,20
bentley,bentley continental flying spur,19
bentley,bentley continental gt,13
bentley,bentley bentayga activity editi,10
bentley,bentley continental gtc,5
bentley,bentley continental supersports,5
bentley,bentley continental gt v8,4
bentley,bentley flying spur,4
bentley,bentley gt w12 twin turbo,4
bentley,bentley continental flying,3
bmw,3 series,788
bmw,x5,735
bmw,328i,549
bmw,5 series,524
bmw,x3,485
bmw,3 series 330i xdrive sedan,300
bmw,3 series 340i sedan 4d,219
bmw,x1,208
bmw,528i,206
bmw,3-series,182
bmw,335i,164
bmw,535i,163
bmw,1 series 128i coupe 2d,149
bmw,4 series 440i xdrive gran,148
bmw,x6 xdrive35i sport utility,119
bmw,4 series 430i convertible 2d,118
bmw,x3 xdrive28i,116
bmw,325i,114
bmw,328xi,113
bmw,4 series,110
bmw,7 series,107
bmw,x5 xdrive35i,100
bmw,z4 sdrive35is roadster 2d,97
bmw,m3,93
bmw,x5 xdrive50i sport utility,87
bmw,x6,86
bmw,530i,84
bmw,320i,83
bmw,x3 sdrive30i sport utility,80
bmw,1 series 135i convertible 2d,79
bmw,z4,74
bmw,x3 xdrive30i sport utility,73
bmw,5-series,69
bmw,x5 xdrive35i sport utility,69
bmw,330i,67
bmw,3 series 328i xdrive,65
bmw,x1 xdrive28i,65
bmw,328i xdrive,63
bmw,330xi xdrive awd sport sedan,62
bmw,m3 convertible 2d,61
bmw,m4,56
bmw,x5 xdrive35d sport utility,55
bmw,3 series 328i,54
bmw,m5,52
bmw,6 series,51
bmw,7 series 750i xdrive sedan,49
bmw,x4,49
bmw,3 series m340i sedan 4d,48
bmw,m3 coupe 2d,48
bmw,325xi,46
bmw,528xi,46
bmw,550i,46
bmw,6 series 640i convertible 2d,46
bmw,1 series 135i coupe 2d,45
bmw,i3 hatchback 4d,45
bmw,x5 xdrive35i awd luxury suv,45
bmw,x5 xdrive40e iperformance,45
bmw,430i,44
bmw,x5 xdrive35i awd suv,44
bmw,750li,43
bmw,2 series 230i coupe 2d,39
bmw,5 series 535d xdrive sedan,39
bmw,5 series 530i xdrive sedan,38
bmw,5 series 535i sedan 4d,38
bmw,5 series 540i xdrive sedan,38
bmw,525i,38
bmw,750xi xdrive m-sport edition,38
bmw,3 series 335i xdrive sedan,37
bmw,440xi xdrive gran coupe,37
bmw,650xi xdrive gran coupe,37
bmw,x3 xdrive35i,37
bmw,3 series 335i convertible 2d,36
bmw,4 series 430i xdrive,36
bmw,428i,36
bmw,5 series 530i sedan 4d,36
bmw,z3,36
bmw,535i xdrive,35
bmw,540i,35
bmw,750i,35
bmw,x5 xdrive35d,35
bmw,z4 sdrive28i roadster 2d,35
bmw,535xi,34
bmw,1 series 128i convertible 2d,33
bmw,3 series 328d xdrive sport,33
bmw,4 series 428i gran coupe,33
bmw,7 series 740i sedan 4d,33
bmw,320i xdrive,32
bmw,4 series 428i xdrive,32
bmw,650i,32
bmw,2 series,31
bmw,2 series m240i coupe 2d,31
bmw,325ci,31
bmw,7-series,30
bmw,x5 xdrive50i,30
bmw,5 series 535i gran turismo,29
bmw,330ci,28
bmw,4 series 428i coupe 2d,28
bmw,4 series 430i gran coupe,28
bmw,4 series 440i convertible 2d,28
bmw,740i,28
bmw,4 series 440i gran coupe,27
bmw,i3,27
bmw,x1 xdrive28i sport utility,27
bmw,3 series 328i convertible 2d,26
bmw,528i xdrive,26
bmw,x5 xdrive40i sport utility,26
bmw,128i,25
bmw,328xi xdrive coupe,25
bmw,5 series 528i,25
bmw,x3 m40i sport utility 4d,25
bmw,x3 xdrive28i sport utility,25
bmw,z3 convertible,25
bmw,m6 coupe 4d,24
bmw,x5 3.0i,24
bmw,x1 sdrive28i,23
bmw,x3 3.0i,23
bmw,2 series 230i xdrive coupe,22
bmw,3 series 320i xdrive,22
bmw,335xi,22
bmw,5 series 528i xdrive,22
bmw,5 series gran turismo,22
bmw,m6,22
bmw,x5 xdrive50i m-sport 7-pass,22
bmw,128i convertible,21
bmw,3 series 340i xdrive sedan,21
bmw,330xi,21
bmw,i8,21
bmw,x3 xdrive30i,21
bmw,x6 xdrive35i,21
bmw,2 series 228i coupe 2d,20
bmw,328,20
bmw,535i 6-spd sport sedan,20
bmw,640i,20
bmw,x1 sdrive28i sport utility,20
bmw,x2,20
bmw,x5 xdrive30i,20
bmw,528xi xdrive awd,19
bmw,530xi,19
bmw,325ci convertible,18
bmw,328xi xdrive awd,18
bmw,x6 m,18
bmw,z3 roadster,18
bmw,3 series 335i sedan 4d,17
bmw,4 series 435i gran coupe,17
bmw,4 series 435i xdrive coupe,17
bmw,5 series 550i sedan 4d,17
bmw,x5 xdrive 4.8i awd sport-suv,17
bmw,135i,16
bmw,i3 s w/range extender,16
bmw,m4 coupe 2d,16
bmw,3 series 328d sedan 4d,15
bmw,323i,15
bmw,328i convertible,15
bmw,335i xdrive,15
bmw,4 series 430i xdrive gran,15
bmw,4 series 440i coupe 2d,15
bmw,435i,15
bmw,5 series 530e xdrive,15
bmw,5 series 535i xdrive,15
bmw,650i convertible,15
bmw,750i / alpina b7,15
bmw,x1 xdrive35i,15
bmw,328d,14
bmw,4 series 440i gran coupe 4d,14
bmw,428i gran coupe,14
bmw,550i xdrive,14
bmw,6 series 650i convertible 2d,14
bmw,645ci convertible,14
bmw,7 series 750i sedan 4d,14
bmw,x3 3.0si,14
bmw,x4 xdrive28i,14
bmw,x5 sdrive35i,14
bmw,x5 sdrive35i sport utility,14
bmw,x5 xdrive35i premium,14
bmw,z3 m roadster,14
bmw,3 series 330i sedan 4d,13
bmw,3 series 330i xdrive,13
bmw,4 series 428i convertible 2d,13
bmw,5 series 530i,13
bmw,x2 sdrive28i sport utility,13
bmw,x3 xdrive 28i,13
bmw,x5 m,13
bmw,x6 sdrive35i sport utility,13
bmw,2 series m235i xdrive,12
bmw,3 series 328i gran turismo,12
bmw,3 series 340i gran turismo,12
bmw,325cic,12
bmw,328d xdrive awd tdi,12
bmw,330e,12
bmw,335i convertible,12
bmw,5 series 535i,12
bmw,740il,12
bmw,m3 sedan 4d,12
bmw,x2 xdrive28i,12
bmw,x5 4.4i,12
bmw,z4 2.5i,12
bmw,3 series 320i,11
bmw,3 series 328xi,11
bmw,330ci convertible,11
bmw,4 series 428i xdrive coupe,11
bmw,4 series 430i xdrive coupe,11
bmw,5 series 528i sedan 4d,11
bmw,530e,11
bmw,535i xdrive awd,11
bmw,7 series 750li xdrive sedan,11
bmw,750i xdrive,11
bmw,x5 xdrive50i m-sport w/3rd r,11
bmw,z4 3.0i,11
bmw,3 series 330i gran turismo,10
bmw,3 series 335i,10
bmw,650i gran coupe,10
bmw,745li,10
bmw,i3 base w/range extender,10
bmw,z4 3.0i 3.0i,10
bmw,1 series,9
bmw,230i,9
bmw,3 series 330e iperformance,9
bmw,318i,9
bmw,328i sedan,9
bmw,5 series 535i xdrive sedan,9
bmw,640,9
bmw,745i,9
bmw,750i / b7,9
bmw,750li xdrive,9
bmw,i3 range extender hatchback,9
bmw,m3 coupe,9
bmw,x5 4.4i 4.4i,9
bmw,128i coupe,8
bmw,3 series 330i xdrive sport,8
bmw,325i convertible,8
bmw,328ci,8
bmw,328i coupe,8
bmw,335i coupe,8
bmw,645ci,8
bmw,750li / alpina b7,8
bmw,m roadster,8
bmw,x3 sdrive30i,8
bmw,x4 m40i sport utility 4d,8
bmw,x5 3.5i premium,8
bmw,x5m,8
bmw,2 series 228i convertible 2d,7
bmw,2 series 228i xdrive gran,7
bmw,2002,7
bmw,228i,7
bmw,3 series 325i,7
bmw,3 series 328i sedan 4d,7
bmw,328 i sulev,7
bmw,328i sport,7
bmw,328i xdrive awd,7
bmw,330xi awd,7
bmw,335xi awd,7
bmw,340i,7
bmw,4 series 440i xdrive coupe,7
bmw,428i xdrive,7
bmw,435,7
bmw,5 series 530e xdrive sedan,7
bmw,528,7
bmw,530,7
bmw,740li,7
bmw,e46 m3,7
bmw,m3 convertible,7
bmw,x3 xdrive30i awd gas suv,7
bmw,x5 xdrive35i sport activity,7
bmw,x5 xdrive40e sport utility,7
bmw,1 series 128i,6
bmw,3 series 335d sedan 4d,6
bmw,3-series 328i,6
bmw,328i hard top convertible,6
bmw,335,6
bmw,335i sport,6
bmw,430i m pkg,6
bmw,528e,6
bmw,535 xi,6
bmw,540i xdrive,6
bmw,6 series 640i gran coupe,6
bmw,6-series,6
bmw,750 li,6
bmw,750il,6
bmw,760li,6
bmw,e39 540i,6
bmw,x3 xdrive 30i awd gas suv,6
bmw,135i m sport,5
bmw,228i xdrive,5
bmw,3 series 330i,5
bmw,325i sedan,5
bmw,328d xdrive awd,5
bmw,328i sport 6 speed manual,5
bmw,328xi coupe,5
bmw,328xi wagon,5
bmw,4 series 435i,5
bmw,4 series 435i xdrive gran,5
bmw,4-series,5
bmw,428,5
bmw,428i coupe,5
bmw,435i xdrive,5
bmw,5 series 535i m sport,5
bmw,5 series iperformance,5
bmw,528 i,5
bmw,528i 5-series,5
bmw,535 i m-sport,5
bmw,540i bad credit,5
bmw,540i m-sport,5
bmw,545i,5
bmw,635csi,5
bmw,640i gran coupe,5
bmw,alpina b6 gran coupe xdrive,5
bmw,e30,5
bmw,m2,5
bmw,x1 28i sport line pkg,5
bmw,x1 xdrive 28i,5
bmw,x1 xdrive28i awd! awd,5
bmw,x1 xdrive35i awdsuv,5
bmw,x2 xdrive28i sport utility,5
bmw,x3 xdrive30i awdsuv,5
bmw,x4 xdrive28i sport utility,5
bmw,x5 sport package,5
bmw,x5 xdrive 50i,5
bmw,x5 xdrive50i 6-speed automatic,5
bmw,x6 xdrive50i,5
bmw,z4 convertible,5
bmw,1-series,4
bmw,2 series m240i xdrive,4
bmw,3 series sdn 328i rwd,4
bmw,325,4
bmw,325 ci,4
bmw,325xi awd,4
bmw,328 xi,4
bmw,328d sports line,4
bmw,328i hardtop convertible,4
bmw,328i m sport,4
bmw,328i nav sport pkg.,4
bmw,330 ci,4
bmw,330i xdrive,4
bmw,330i xdrive awd,4
bmw,335d,4
bmw,4 series 428i xdrive gran,4
bmw,4 series 430i gran coupe 4d,4
bmw,4 series 435i xdrive,4
bmw,428 i,4
bmw,430i convertible,4
bmw,435i m sport package,4
bmw,5 series 528i xdrive sedan,4
bmw,5-series 528i xdrive 6-speed automatic,4
bmw,525xi,4
bmw,528xi awd,4
bmw,530i xdrive,4
bmw,535 xi awd,4
bmw,6 series 650i xdrive gran,4
bmw,640i coupe,4
bmw,7 series 740li sedan 4d,4
bmw,7 series 750li xdrive,4
bmw,750lxi,4
bmw,m4 - fully loaded! - head-u,4
bmw,m4 coupe,4
bmw,m5 sedan 4d,4
bmw,m550i,4
bmw,x1 awd 4dr xdrive28i,4
bmw,x1 xdrive28i 8-speed automatic,4
bmw,x3 sdrive28i,4
bmw,x3 xdrive28i 28i,4
bmw,x3 xdrive28i awd 4dr suv,4
bmw,x3 xdrive35i sport utility,4
bmw,x3si awd,4
bmw,x5 3.0si,4
bmw,x5 awd 4dr 4.8i,4
bmw,x5 xdrive35i premium awd,4
bmw,x5 xdrive35i sports activity,4
bmw,x5 xdrive48i,4
bmw,x6 xdrive 50i xdrive50i,4
bmw,z4 sdrive28i,4
bmw,z4 sdrive30i roadster 2d,4
bmw,1-series 128i coupe,3
bmw,128,3
bmw,135i convertible,3
bmw,3 series 320i 4dr sedan,3
bmw,3 series 320i xdrive sedan,3
bmw,3 series 328i 4dr sedan,3
bmw,3 series 328i convertible,3
bmw,3 series 328i xdrive sedan,3
bmw,3 series 340i,3
bmw,3 series gran turismo,3
bmw,3-series 320i sedan,3
bmw,3-series 328i xdrive sedan 8-speed automatic,3
bmw,320 xi,3
bmw,320i sedan,3
bmw,320xi,3
bmw,323ci,3
bmw,325e,3
bmw,325ic,3
bmw,325is,3
bmw,325xi wagon,3
bmw,328 i,3
bmw,328i gt,3
bmw,328i gt xdrive awd,3
bmw,328i sulev,3
bmw,328i xd,3
bmw,328xi 3-series awd,3
bmw,328xi awd,3
bmw,330 xi,3
bmw,330i gt m-sport awd,3
bmw,330i zhp,3
bmw,335is,3
bmw,335xi awd coupe,3
bmw,4 series 428ix,3
bmw,428i convertible,3
bmw,430i xdrive,3
bmw,435i gran coupe,3
bmw,435i gran coupe m-sport,3
bmw,435i xdrive convertible,3
bmw,5 series 525i,3
bmw,5 series 530e iperformance,3
bmw,5 series 535d sedan 4d,3
bmw,5 series 535isedan,3
bmw,5 series 535xi,3
bmw,525,3
bmw,528xi xdrive,3
bmw,530 xi,3
bmw,535i gt,3
bmw,535i xdrive m series,3
bmw,535xi wagon,3
bmw,545i sedan,3
bmw,550i m sport,3
bmw,550i xdrive 550xi,3
bmw,6 series 640i coupe 2d,3
bmw,6 series 645ci,3
bmw,6 series 650i xdrive,3
bmw,650i m sport gran coupe,3
bmw,7 series 740li xdrive sedan,3
bmw,7 series 750li,3
bmw,7-series 740li,3
bmw,740i m sport package,3
bmw,750,3
bmw,750i m package,3
bmw,8 series,3
bmw,850i,3
bmw,alpina b7,3
bmw,i8 hybrid 1.5l turbo,3
bmw,m models x6,3
bmw,m235,3
bmw,m3 sedan,3
bmw,x1 28i xdrive,3
bmw,x1 xdrive28i awd,3
bmw,x3 3.0i sport utility 4d,3
bmw,x3 m40i,3
bmw,x3 x3 xdrive28i,3
bmw,x3 xdrive,3
bmw,x3 xdrive28i awdsuv,3
bmw,x5 3.0l awd suv,3
bmw,x5 sdrive35i sdrive35i,3
bmw,x5 sdrive35i twin turbo,3
bmw,x5 xdrive 35i awd gas suv,3
bmw,x5 xdrive35d diesel 3rd,3
bmw,x5 xdrive35i premium sport,3
bmw,x5 xdrive40e awd,3
bmw,x7,3
bmw,z3 2.3,3
bmw,z3 2.5i,3
bmw,z3 2.8,3
bmw,z3 2.8l 2.8l,3
bmw,z4 35i roadster 2d,3
bmw,z4 sdrive35i,3
buick,enclave,667
buick,lacrosse,383
buick,encore,311
buick,lucerne,223
buick,encore gx select sport,219
buick,enclave essence sport,213
buick,lesabre,181
buick,regal,151
buick,enclave premium sport,147
buick,century,144
buick,verano,138
buick,enclave leather sport,116
buick,enclave avenir sport,101
buick,regal premium ii sedan 4d,85
buick,rendezvous,85
buick,envision,79
buick,enclave leather,64
buick,encore gx essence sport,59
buick,lucerne cxl,58
buick,lacrosse cxl,51
buick,park avenue,49
buick,riviera,44
buick,lesabre custom,41
buick,encore preferred,40
buick,enclave cxl,37
buick,encore preferred ii sport,31
buick,encore essence sport,30
buick,lacrosse cx,30
buick,lesabre limited,30
buick,regal tourx preferred,30
buick,century custom,28
buick,encore premium sport,28
buick,regal sport touring sedan,26
buick,regal sportback preferred,22
buick,reatta,21
buick,skylark,20
buick,enclave awd,18
buick,envision preferred sport,18
buick,lacrosse premium,18
buick,lucerne cx,18
buick,regal gs sedan 4d,18
buick,enclave premium,17
buick,encore preferred sport,17
buick,cascada premium,16
buick,terraza,16
buick,rendezvous cxl,15
buick,encore essence,14
buick,terraza cxl,14
buick,verano premium group sedan,14
buick,encore sport touring,13
buick,lucerne cxl v6,13
buick,regal gs,13
buick,regal tourx essence wagon,13
buick,enclave cxl awd,12
buick,enclave premium awd,12
buick,envision essence sport,12
buick,verano base,12
buick,cascada,11
buick,special,11
buick,enclave convenience sport,10
buick,roadmaster,10
buick,skylark convertible,10
buick,enclave leather group,9
buick,encore gx preferred sport,9
buick,encore sport utility 4d,9
buick,lacrosse essence sedan 4d,9
buick,lucerne cxl premium sedan,9
buick,rainier,9
buick,rendezvous cx,9
buick,enclave avenir,8
buick,enclave premium awd gas,8
buick,lacrosse preferred sedan,8
buick,lacrosse sport touring,8
buick,lesabre sedan,8
buick,verano leather group,8
buick,verano sedan 4d,8
buick,enclave cxl-1,7
buick,enclave premium awd w/3rd,7
buick,encore gx,7
buick,encore leather sport,7
buick,encore premium,7
buick,envision premium ii,7
buick,lacross cx,7
buick,lacrosse cxs,7
buick,lacrosse leather,7
buick,lacrosse leather sedan 4d,7
buick,regal sportback,7
buick,verano convenience group,7
buick,verano sport touring sedan,7
buick,century limited,6
buick,electra 225,6
buick,encore leather,6
buick,encore w/ backup camera,6
buick,envision premium sport,6
buick,lucerne cxs,6
buick,regal cxl,6
buick,regal preferred ii,6
buick,regal premium,6
buick,roadmaster limited,6
buick,skylark custom,6
buick,super,6
buick,verano convenience sedan,6
buick,encore essence awd,5
buick,grand national,5
buick,lasabre,5
buick,lasabre custom,5
buick,lesabre customsedan,5
buick,lucern,5
buick,rainier cxl awd,5
buick,rivera,5
buick,roadmaster wagon,5
buick,encore convenience sport,4
buick,envision essence,4
buick,envision preferred,4
buick,envision premium i sport,4
buick,estate wagon,4
buick,gs,4
buick,lacrosse cxl 4dr sedan,4
buick,lacrosse preferred,4
buick,lacrosse premium ii,4
buick,lasabre limited,4
buick,lesabre 4dr sdn custom,4
buick,park ave,4
buick,park avenue 4dr sdn,4
buick,regal sedan 4d,4
buick,regal sportback essence,4
buick,regal turbo,4
buick,roadmaster base,4
buick,roadmaster estate wagon,4
buick,cascada sport touring,3
buick,enclave awd gas suv auto,3
buick,enclave premium group,3
buick,encore awd,3
buick,encore convenience,3
buick,encore gx preferred,3
buick,encore premium awd,3
buick,lacrosse 4dr sdn cxl,3
buick,lacrosse cxl sedan,3
buick,lacrosse premium ii sedan,3
buick,lacrosse premium sedan 4d,3
buick,lacrosse touring,3
buick,le sabre,3
buick,lecern,3
buick,lucerne super,3
buick,park avenue ultra,3
buick,rainier awd,3
buick,rainier cxl,3
buick,regal ls,3
buick,regal premium 1,3
buick,regal sportback gs,3
buick,regal turbo premium 1,3
cadillac,escalade,696
cadillac,cts,558
cadillac,srx,468
cadillac,xt4 sport suv 4d,372
cadillac,deville,244
cadillac,dts,243
cadillac,ct5 premium luxury,240
cadillac,ats,229
cadillac,xts,210
cadillac,escalade esv,202
cadillac,cts 2.0 luxury sedan 4d,130
cadillac,xt5,98
cadillac,sts,90
cadillac,srx luxury collection,88
cadillac,cts sedan 4d,85
cadillac,eldorado,78
cadillac,ats sedan,55
cadillac,xt5 premium luxury,54
cadillac,xt5 luxury sport,53
cadillac,xt4 premium luxury,52
cadillac,escalade esv premium,51
cadillac,cts sedan,46
cadillac,ct5 luxury sedan 4d,44
cadillac,srx luxury,42
cadillac,cts 2.0 luxury,40
cadillac,xt5 sport utility 4d,40
cadillac,xt4,39
cadillac,escalade esv luxury,37
cadillac,ats sedan 4d,35
cadillac,ct6,33
cadillac,cts 3.6 luxury sedan 4d,33
cadillac,escalade ext,32
cadillac,srx premium collection,32
cadillac,seville,31
cadillac,escalade luxury,29
cadillac,ats luxury coupe 2d,28
cadillac,xt6 premium luxury,26
cadillac,srx performance,25
cadillac,allante,24
cadillac,escalade awd,24
cadillac,xts luxury sedan 4d,24
cadillac,escalade esv platinum,23
cadillac,ats luxury sedan 4d,22
cadillac,ct6 luxury,22
cadillac,cts cts-v coupe 2d,22
cadillac,xt5 platinum sport,22
cadillac,fleetwood,21
cadillac,escalade esv awd,20
cadillac,escalade premium,20
cadillac,fleetwood brougham,20
cadillac,xt6,20
cadillac,cts-v,19
cadillac,ats 2.0l turbo,18
cadillac,srx v8,18
cadillac,seville sls,17
cadillac,xts luxury,17
cadillac,ats 3.6l luxury sedan,16
cadillac,cts coupe,16
cadillac,cts4,16
cadillac,xt5 sport suv 4d,16
cadillac,srx awd,15
cadillac,xlr,15
cadillac,ct4,14
cadillac,ats 2.0l turbo standard,13
cadillac,ct6 3.6 luxury sedan 4d,13
cadillac,cts luxury collection,13
cadillac,xt5 luxury,13
cadillac,ats luxury,12
cadillac,eldorado biarritz,12
cadillac,xts luxury collection,12
cadillac,ats 2.0l turbo luxury,11
cadillac,coupe deville,11
cadillac,escalade platinum,11
cadillac,escalade platinum 4x4,11
cadillac,sedan deville,11
cadillac,brougham,10
cadillac,eldorado esc,10
cadillac,escalade premium sport,10
cadillac,xlr convertible,10
cadillac,ats awd,9
cadillac,ats coupe 2d,9
cadillac,ct6 plug-in sedan 4d,9
cadillac,cts 3.6 premium luxury,9
cadillac,ats premium luxury,8
cadillac,deville dts,8
cadillac,"escalade ext""""",8
cadillac,limousine,8
cadillac,xts platinum,8
cadillac,ats-v coupe 2d,7
cadillac,ats4 performance,7
cadillac,cts 3.6 premium,7
cadillac,dts luxury,7
cadillac,dts sedan 4d,7
cadillac,escalade 4x4,7
cadillac,escalade hybrid,7
cadillac,srx luxury awd! awd,7
cadillac,srx sport utility 4d,7
cadillac,srx4,7
cadillac,xts standard sedan 4d,7
cadillac,cts 2.0 standard sedan,6
cadillac,cts 3.6l luxury,6
cadillac,cts luxury awd,6
cadillac,ctsv,6
cadillac,eldorado convertible,6
cadillac,seville sts,6
cadillac,xt5 luxury awd gas suv,6
cadillac,cts 3.6 performance,5
cadillac,cts 4,5
cadillac,cts luxury,5
cadillac,cts-v coupe,5
cadillac,deville concours,5
cadillac,eldorado etc,5
cadillac,elr coupe 2d,5
cadillac,escalade esv 4dr awd platinum edition,5
cadillac,escalade esv premium & luxury pkgs rear dvd pano night vision,5
cadillac,hearse,5
cadillac,sls,5
cadillac,srx luxury fwd,5
cadillac,xt4 luxury sport,5
cadillac,xt4 sport,5
cadillac,ats premium,4
cadillac,ats-v sedan,4
cadillac,ct4 premium luxury,4
cadillac,ct6 luxury awd,4
cadillac,cts 3.0l luxury,4
cadillac,cts awd,4
cadillac,cts cts-v sedan 4d,4
cadillac,cts sedan 4dr sdn 3.0l awd,4
cadillac,cts4 awd,4
cadillac,dts platinum,4
cadillac,escalade ext awd,4
cadillac,escalade luxury awd,4
cadillac,escalade luxury sport,4
cadillac,escalade premium luxury,4
cadillac,lasalle,4
cadillac,srx premium,4
cadillac,sts v6,4
cadillac,xt4 awd premium luxury,4
cadillac,xt5 luxury awd,4
cadillac,xt5 platinum,4
cadillac,xt6 sport suv 4d,4
cadillac,xts 4,4
cadillac,xts premium collection,4
cadillac,xts sedan 4d,4
cadillac,ats 2.0t,3
cadillac,ats 2.5l luxury sedan,3
cadillac,ats coupe,3
cadillac,coupe de ville,3
cadillac,ct4 luxury sedan 4d,3
cadillac,ct4 sport sedan 4d,3
cadillac,cts 2.0l turbo,3
cadillac,cts 2.0l turbo luxury,3
cadillac,cts 3.6l twin turbo,3
cadillac,cts sedan 4dr sdn 3.0l luxury awd,3
cadillac,de ville,3
cadillac,dts luxury ii,3
cadillac,escalade 2wd,3
cadillac,escalade awd 4dr premiu,3
cadillac,escalade sport,3
cadillac,ext,3
cadillac,series 62,3
cadillac,srx-v6 luxury collection,3
cadillac,srx4 awd,3
cadillac,srx~awesome colors~ navigation~ camera~ factory ch,3
cadillac,xt5 platinum awd,3
cadillac,xt5 sport awd,3
cadillac,xts premium,3
chevrolet,silverado 1500,4397
chevrolet,silverado,2726
chevrolet,equinox,1713
chevrolet,corvette,1589
chevrolet,tahoe,1470
chevrolet,malibu,1461
chevrolet,impala,1439
chevrolet,silverado 2500hd,1390
chevrolet,cruze,1329
chevrolet,camaro,996
chevrolet,suburban,927
chevrolet,traverse,853
chevrolet,colorado,677
chevrolet,silverado 1500 regular,614
chevrolet,camaro ss coupe 2d,508
chevrolet,silverado 1500 crew,506
chevrolet,silverado 1500 double,496
chevrolet,corvette grand sport,478
chevrolet,equinox lt,474
chevrolet,colorado extended cab,466
chevrolet,trailblazer,444
chevrolet,avalanche,423
chevrolet,silverado 3500hd,400
chevrolet,silverado 1500 lt,359
chevrolet,malibu lt,308
chevrolet,cruze lt,301
chevrolet,impala lt,297
chevrolet,spark,294
chevrolet,express cargo van,292
chevrolet,silverado 1500 ld,282
chevrolet,sonic,281
chevrolet,express,264
chevrolet,cobalt,263
chevrolet,trax,231
chevrolet,silverado 2500 hd crew,230
chevrolet,tahoe lt,227
chevrolet,tahoe lt sport utility,217
chevrolet,trax lt sport utility,214
chevrolet,hhr,210
chevrolet,silverado 2500,208
chevrolet,colorado crew cab z71,196
chevrolet,silverado 1500 lt 4x4,192
chevrolet,corvette stingray,184
chevrolet,camaro lt coupe 2d,183
chevrolet,2500,182
chevrolet,c10,177
chevrolet,express commercial cutaway,176
chevrolet,corvette coupe 2d,173
chevrolet,malibu ls,167
chevrolet,traverse lt,164
chevrolet,blazer,163
chevrolet,express 2500,147
chevrolet,impala ls,147
chevrolet,corvette convertible,145
chevrolet,cruze limited 1lt,145
chevrolet,cruze limited,140
chevrolet,el camino,133
chevrolet,silverado 2500 hd,131
chevrolet,silverado 3500,130
chevrolet,volt,128
chevrolet,spark activ hatchback,124
chevrolet,equinox ls,123
chevrolet,sonic lt,123
chevrolet,express 3500,121
chevrolet,tahoe ltz,120
chevrolet,aveo,119
chevrolet,cruze ls,113
chevrolet,colorado crew cab lt,108
chevrolet,equinox lt awd,107
chevrolet,suburban 1500,107
chevrolet,3500,106
chevrolet,colorado crew cab work,104
chevrolet,hhr lt,103
chevrolet,silverado 1500 ltz,103
chevrolet,silverado 1500 crew cab,102
chevrolet,impala ltz,100
chevrolet,suburban lt,100
chevrolet,monte carlo,98
chevrolet,1500,95
chevrolet,camaro z28,92
chevrolet,cavalier,91
chevrolet,express cargo,91
chevrolet,express passenger,88
chevrolet,trax lt,88
chevrolet,trailblazer ls,84
chevrolet,silverado 2500 hd crew cab,81
chevrolet,camaro ss,80
chevrolet,cc4500,80
chevrolet,s10,78
chevrolet,spark ev 2lt hatchback,77
chevrolet,corvette stingray z51,74
chevrolet,blazer 2lt sport,73
chevrolet,s10 pickup,71
chevrolet,monte carlo ss,65
chevrolet,silverado 2500hd 4x4,65
chevrolet,cobalt lt,63
chevrolet,trailblazer lt,63
chevrolet,nova,62
chevrolet,silverado 1500 lt z71,62
chevrolet,silverado 2500 ltz,61
chevrolet,spark ls,61
chevrolet,impala ss,59
chevrolet,uplander,59
chevrolet,chevelle,57
chevrolet,cruze lt diesel,57
chevrolet,captiva sport,56
chevrolet,silverado 2500hd work,56
chevrolet,impala limited,55
chevrolet,suburban ltz,55
chevrolet,equinox ltz,53
chevrolet,trax ls,52
chevrolet,camaro ss convertible,51
chevrolet,trax ls sport utility,51
chevrolet,silverado 1500 4x4,50
chevrolet,camaro lt,49
chevrolet,corvette coupe,48
chevrolet,express 2500 cargo van,48
chevrolet,tahoe ls,48
chevrolet,suburban 1500 ltz,47
chevrolet,traverse lt awd,47
chevrolet,tahoe lt 4x4,46
chevrolet,silverado 2500hd ltz,44
chevrolet,lifted silverado 1500,43
chevrolet,malibu ltz,43
chevrolet,silverado 1500 ltz 4x4,43
chevrolet,silverado 2500hd lt,43
chevrolet,corvette z06,42
chevrolet,spark lt,42
chevrolet,colorado crew cab,41
chevrolet,tracker,41
chevrolet,s-10,40
chevrolet,ss sedan 4d,40
chevrolet,astro,39
chevrolet,astro van,39
chevrolet,avalanche ltz,39
chevrolet,silverado 1500 ls,39
chevrolet,silverado 2500 hd ltz,39
chevrolet,silverado lt,39
chevrolet,venture,39
chevrolet,avalanche 1500,38
chevrolet,colorado lt,38
chevrolet,coupe,38
chevrolet,cruze eco,38
chevrolet,ssr,38
chevrolet,trax ltz sport utility,38
chevrolet,c4500,37
chevrolet,camaro rs,37
chevrolet,equinox ltz awd,37
chevrolet,silverado 3500 hd,37
chevrolet,silverado lt z71,36
chevrolet,belair,35
chevrolet,bolt ev,35
chevrolet,camaro lt convertible,35
chevrolet,cobalt ls,35
chevrolet,traverse ls,35
chevrolet,camaro 2ss,34
chevrolet,caprice,34
chevrolet,silverado 1500 4wd,34
chevrolet,silverado 1500 hybrid,34
chevrolet,silverado ltz,34
chevrolet,2500hd,33
chevrolet,cruze ltz,33
chevrolet,hhr ls,33
chevrolet,suburban 2500,33
chevrolet,bel air,32
chevrolet,colorado crew cab zr2,32
chevrolet,cruze 1lt,32
chevrolet,malibu limited,32
chevrolet,silverado 1500 lt 4wd,32
chevrolet,silverado z71,32
chevrolet,aveo lt,31
chevrolet,c/k 1500,31
chevrolet,c20,31
chevrolet,silverado 3500hd 4x4,31
chevrolet,silverado 3500hd lt,31
chevrolet,traverse ltz,31
chevrolet,5500,30
chevrolet,blazer lt,30
chevrolet,colorado z71,30
chevrolet,cruze limited ltz,30
chevrolet,express g2500,30
chevrolet,lumina,30
chevrolet,silverado 1500 custom,30
chevrolet,silverado 3500 high ct,30
chevrolet,tahoe z71,30
chevrolet,captiva,29
chevrolet,captiva sport ls,29
chevrolet,express 1500,29
chevrolet,express cutaway,29
chevrolet,pickup,29
chevrolet,silverado duramax hd,29
chevrolet,3100,28
chevrolet,3500 lcf gas,28
chevrolet,4500 lcf gas,28
chevrolet,express g3500,28
chevrolet,k5 blazer,28
chevrolet,silverado 1500 double cab,28
chevrolet,traverse lt sport,28
chevrolet,c3500,27
chevrolet,k10,27
chevrolet,lifted silverado 2500,27
chevrolet,silverado lt crew cab,27
chevrolet,truck,27
chevrolet,avalanche z71,26
chevrolet,blazer 1lt sport,26
chevrolet,silverado 3500hd ltz,26
chevrolet,van,26
chevrolet,2500hd lt duramax 4x4,25
chevrolet,equinox ls awd,25
chevrolet,express cargo 1500 3dr,25
chevrolet,silverado 1500 work,25
chevrolet,silverado 1500 work tr,25
chevrolet,trailblazer ls 4x4,25
chevrolet,silverado 4x4,24
chevrolet,tahoe ls sport utility,24
chevrolet,tahoe police,24
chevrolet,c10 pickup,23
chevrolet,colorado work truck,23
chevrolet,cruze rs,23
chevrolet,equinox 2lt,23
chevrolet,equinox premier,23
chevrolet,silverado 1500 classic,23
chevrolet,malibu ls sedan 4d,22
chevrolet,silverado 3500 classic,22
chevrolet,sonic ltz,22
chevrolet,trailblazer lt w/1lt,22
chevrolet,volt premium,22
chevrolet,210,21
chevrolet,bolt ev lt hatchback,21
chevrolet,c-10,21
chevrolet,camaro zl1 coupe 2d,21
chevrolet,captiva sport fleet,21
chevrolet,chevorlet express 3500 1 ton,21
chevrolet,corvair,21
chevrolet,cruze 1lt auto,21
chevrolet,silverado 1500 extended cab,21
chevrolet,silverado 1500 ltz z71,21
chevrolet,silverado 2500hd duramax,21
chevrolet,suburban 1500 lt,21
chevrolet,trailblazer ext,21
chevrolet,1500 silverado,20
chevrolet,3500hd 4x4 duramax,20
chevrolet,express cutaway 3500,20
chevrolet,impala premier sedan,20
chevrolet,silverado 1500 rst,20
chevrolet,silverado 1500hd,20
chevrolet,silverado 6500hd,20
chevrolet,spark ev 1lt hatchback,20
chevrolet,tahoe 4x4,20
chevrolet,traverse premier,20
chevrolet,avalanche lt,19
chevrolet,aveo ls,19
chevrolet,c30,19
chevrolet,elcamino,19
chevrolet,silverado 2500 ltz lifted duramax 6.6 liter,19
chevrolet,suburban lt 1500,19
chevrolet,camaro ls,18
chevrolet,silverado 2500 high ct,18
chevrolet,silverado 3500 high country drw 4wd 6.6l duramax,18
chevrolet,silverado lt 1500,18
chevrolet,suburban lt 4x4,18
chevrolet,tahoe ltz 4x4,18
chevrolet,cruze lt sedan 4d,17
chevrolet,s10 blazer,17
chevrolet,silverado hd,17
chevrolet,sonic ls,17
chevrolet,suburban ltz 4x4,17
chevrolet,suburban z71,17
chevrolet,tahoe premier 4x4 gas,17
chevrolet,c5500,16
chevrolet,c6500,16
chevrolet,camaro ls coupe 2d,16
chevrolet,camaro zl1,16
chevrolet,cruze 2lt,16
chevrolet,cruze ls sedan 4d,16
chevrolet,express cargo 2500 3dr,16
chevrolet,express van,16
chevrolet,gmt-400,16
chevrolet,impala police,16
chevrolet,k20,16
chevrolet,silverado 2500hd high,16
chevrolet,silverado diesel 3500,16
chevrolet,volt lt sedan 4d,16
chevrolet,camero,15
chevrolet,cruze lt hatchback 4d,15
chevrolet,express 1500 cargo van,15
chevrolet,g20 van,15
chevrolet,k10 4x4,15
chevrolet,lifted silverado 3500,15
chevrolet,malibu maxx,15
chevrolet,prizm,15
chevrolet,silverado 1500 4wd cre,15
chevrolet,silverado 1500 work truck,15
chevrolet,silverado 1500 z71,15
chevrolet,silverado 2500 ltz lifted crew 4wd,15
chevrolet,suburban premier,15
chevrolet,tahoe ls 4x4,15
chevrolet,venture van,15
chevrolet,blazer premier sport,14
chevrolet,c1500,14
chevrolet,chevelle ss,14
chevrolet,classic,14
chevrolet,express g1500,14
chevrolet,express hightop,14
chevrolet,impala limited ltz,14
chevrolet,impala lt sedan 4d,14
chevrolet,impala premier,14
chevrolet,silverado 1500 lt ext cab lifted,14
chevrolet,silverado 2500 crew cab lt 4x4,14
chevrolet,silverado k1500,14
chevrolet,tahoe ls 4x4 gas suv,14
chevrolet,avalanche black,13
chevrolet,c10 truck,13
chevrolet,c7500,13
chevrolet,city express cargo van,13
chevrolet,cruze lt turbo,13
chevrolet,k30,13
chevrolet,malibu 2lt,13
chevrolet,malibu eco,13
chevrolet,monte carlo ls,13
chevrolet,other,13
chevrolet,r10,13
chevrolet,s-10 pickup,13
chevrolet,silverado 1500 wt,13
chevrolet,silverado 2500 ltz crew cab 6.6 duramax,13
chevrolet,silverado 2500hd lbz,13
chevrolet,silverado 3500 high country drw,13
chevrolet,traverse ltz awd,13
chevrolet,uplander ls,13
chevrolet,3500 dually,12
chevrolet,bel-air,12
chevrolet,box truck,12
chevrolet,c2500,12
chevrolet,city express,12
chevrolet,colorado n work truck,12
chevrolet,equinox lt awd gas suv,12
chevrolet,equinox lt sport,12
chevrolet,impala ltz sedan 4d,12
chevrolet,malibu lt 1lt,12
chevrolet,malibu lt sedan 4d,12
chevrolet,s10 ls,12
chevrolet,scottsdale,12
chevrolet,silverado 1500 high,12
chevrolet,silverado 1500 lt crew,12
chevrolet,silverado 1500 lt crew 1owner 5.3l 4x4 canopy**new bfg t/a ko2**,12
chevrolet,silverado 1500 z-71 ltz,12
chevrolet,silverado 2500hd crew cab,12
chevrolet,silverado 3500 ltz,12
chevrolet,silverado crew cab,12
chevrolet,silverado diesels 3500,12
chevrolet,silverado durmax 2500,12
chevrolet,silverado lt 4x4,12
chevrolet,silverado ltz 4x4,12
chevrolet,tahoe lt 4wd,12
chevrolet,tahoe lt z71,12
chevrolet,traverse ls sport,12
chevrolet,volt lt hatchback 4d,12
chevrolet,3100 pickup,11
chevrolet,3100 truck,11
chevrolet,camaro convertible,11
chevrolet,caprice classic,11
chevrolet,cheyenne,11
chevrolet,colorado zr2,11
chevrolet,cruze premier,11
chevrolet,equinox awd,11
chevrolet,equinox awd 4dr lt w/1lt,11
chevrolet,equinox lt fwd gas suv,11
chevrolet,kodiak,11
chevrolet,malibu hybrid sedan 4d,11
chevrolet,malibu limited ltz,11
chevrolet,nova ss,11
chevrolet,silverado 1500 ltz redline crew cab 6.2 liter,11
chevrolet,silverado 1500 trail,11
chevrolet,silverado 2500 hd 4x4,11
chevrolet,silverado 2500 lt 4x4,11
chevrolet,silverado 3500hd cc,11
chevrolet,silverado medium duty,11
chevrolet,sonic lt auto,11
chevrolet,sonic lt sedan 4d,11
chevrolet,trailblazer 4x4,11
chevrolet,trailblazer ss,11
chevrolet,2500 hd,10
chevrolet,biscayne,10
chevrolet,blazer 4x4,10
chevrolet,camaro 2lt,10
chevrolet,chevorlet stepvan,10
chevrolet,colbalt,10
chevrolet,colorado 2wd,10
chevrolet,cruze ls auto,10
chevrolet,cruze lt hatchback,10
chevrolet,cruze lt rs,10
chevrolet,cruze ltz auto,10
chevrolet,equinox 1owner 88k ml. new tires well maint&clean carfax!!,10
chevrolet,equinox lt 1lt,10
chevrolet,equinox lt 2lt,10
chevrolet,express commercial,10
chevrolet,geo prizm,10
chevrolet,k1500,10
chevrolet,k3500,10
chevrolet,luv,10
chevrolet,silverado 2500 diesel 4x4 6.6l lmm duramax turbo diesel crew cab long bed allison 1000 ltz,10
chevrolet,spark 1lt,10
chevrolet,spark ls hatchback 4d,10
chevrolet,ss,10
chevrolet,suburban 1500 4x4,10
chevrolet,suburban ltz 1500,10
chevrolet,tahoe premier,10
chevrolet,trax turbo,10
chevrolet,volt premier hatchback,10
chevrolet,volt sedan 4d,10
chevrolet,wagon,10
chevrolet,2500hd duramax,9
chevrolet,3500 duramax turbo diesel,9
chevrolet,avalanche 4x4,9
chevrolet,aveo hatchback,9
chevrolet,blazer ls,9
chevrolet,c/k 3500 crew cab,9
chevrolet,chevelle malibu,9
chevrolet,cobalt ss,9
chevrolet,colorado rst 4x4 gas,9
chevrolet,colorado z71 crew cab,9
chevrolet,corvette zr1,9
chevrolet,crew cab,9
chevrolet,duramax,9
chevrolet,impala limited police,9
chevrolet,malibu 1lt,9
chevrolet,silverad0 1500,9
chevrolet,silverado 1500 2wd,9
chevrolet,"silverado 1500 4wd double cab 143.5"" lt w/1lt",9
chevrolet,silverado 1500 ls 4x4,9
chevrolet,silverado 1500 lt 2wd,9
chevrolet,silverado 1500 lt automatic,9
chevrolet,silverado 1500 lt1,9
chevrolet,silverado 2500 hd lt,9
chevrolet,silverado 2500 heavy d,9
chevrolet,silverado 3500 diesel 4x4 6.6l duramax turbo diesel single rear wheel allison automatic,9
chevrolet,silverado 3500hd built after aug 14,9
chevrolet,silverado diesel 2500,9
chevrolet,silverado duramax ltz,9
chevrolet,silverado high country,9
chevrolet,silverado ls,9
chevrolet,silverado ltz z71,9
chevrolet,silverado trail boss,9
chevrolet,silverado z71 4x4,9
chevrolet,sonic rs,9
chevrolet,tahoe ltz 4wd,9
chevrolet,volt premier sedan 4d,9
chevrolet,2500 cargo van,8
chevrolet,3500 hd,8
chevrolet,apache,8
chevrolet,astro cargo van,8
chevrolet,belair 1957,8
chevrolet,camaro 6 speed manual transmission - v6 - recently,8
chevrolet,camaro ls rwd gas,8
chevrolet,colorado 4wd z71,8
chevrolet,corvair monza,8
chevrolet,corvette z51,8
chevrolet,cruze - new tires - gas saver - great commuter car,8
chevrolet,cruze lt fleet,8
chevrolet,cruze lt fwd gas sedan,8
chevrolet,equinox 1lt,8
chevrolet,equinox premier awd,8
chevrolet,express 2500 cargo,8
chevrolet,express cargo 2500,8
chevrolet,impala limited - new tires - recently smogged -,8
chevrolet,impala limited lt,8
chevrolet,impala lt limited - recently smogged - ac and heat,8
chevrolet,malibu classic,8
chevrolet,p30,8
chevrolet,sedan,8
chevrolet,silverado 1500 ltz ext. cab 4wd,8
chevrolet,silverado 1500 ltz lifted crew 4wd,8
chevrolet,silverado 2500 hd double cab,8
chevrolet,silverado 2500 heavy,8
chevrolet,silverado 2500 lt,8
chevrolet,silverado 2500hd 4x4 ex-cab short box,8
chevrolet,silverado 2500hd classic,8
chevrolet,silverado 3500hd wt,8
chevrolet,silverado ambulance,8
chevrolet,silverado c1500,8
chevrolet,silverado diesels 2500,8
chevrolet,silverado durmax 3500,8
chevrolet,silverado lt z71 4x4,8
chevrolet,suburban ltz 4wd,8
chevrolet,trailblazer lt 4x4,8
chevrolet,traverse lt - rear camera - bluetooth - third row,8
chevrolet,uplander cargo,8
chevrolet,c4500 4x4,7
chevrolet,c5500 bus,7
chevrolet,c8500,7
chevrolet,camaro 1ls,7
chevrolet,camaro 1lt,7
chevrolet,camaro 1ss,7
chevrolet,camaro lt w/ manual 6-spd,7
chevrolet,cargo van,7
chevrolet,colorado crew cab 4wd,7
chevrolet,colorado lt 4x4 gas,7
chevrolet,colorado lt crew cab,7
chevrolet,cruze limited 4dr sdn auto lt w/1lt,7
chevrolet,express 3500 passenger,7
chevrolet,express 3500 van,7
chevrolet,fleetline,7
chevrolet,g4500,7
chevrolet,k2500,7
chevrolet,malibu base,7
chevrolet,malibu ls 1fl,7
chevrolet,"malibu lt w/ turbo, navigation",7
chevrolet,malibu ltzsedan,7
chevrolet,malibu rs,7
chevrolet,p30 step van,7
chevrolet,silverado 1500 lt crew cab 4wd,7
chevrolet,silverado 1500 ltz crew cab 4wd,7
chevrolet,silverado 1500 regular cab,7
chevrolet,silverado 1500 z71 4x4,7
chevrolet,silverado 2500 6.0l 1-owner 4x4 crew*new wheels* clean car-fax!!!,7
chevrolet,"silverado 2500 diesel 4x4 6.6l lmm duramax turbo diesel crew cab ltz allison 1000 automatic 6"" lifted one owner",7
chevrolet,silverado 3500 hd ltz,7
chevrolet,ss impala,7
chevrolet,ss sedan,7
chevrolet,suburban 4x4,7
chevrolet,suburban k1500,7
chevrolet,suburban le 4x4,7
chevrolet,suburban ls,7
chevrolet,suburban premier 4x4,7
chevrolet,trail blazer,7
chevrolet,trailblazer ltz,7
chevrolet,trailblazer rs,7
chevrolet,volt premier,7
chevrolet,astro awd,6
chevrolet,aveo 5,6
chevrolet,bolt,6
chevrolet,c4500 kodiak,6
chevrolet,camaro lt1 coupe 2d,6
chevrolet,camaro zl1 convertible,6
chevrolet,cavalier ls,6
chevrolet,chevorlet impala,6
chevrolet,cheyenne super,6
chevrolet,colorado ls,6
chevrolet,colorado z71 4x4,6
chevrolet,corvette c6,6
chevrolet,cruise,6
chevrolet,cruze ltz rs,6
chevrolet,custom 10,6
chevrolet,express 2500 v8,6
chevrolet,express 3500 cargo van,6
chevrolet,express passenger-,6
chevrolet,flatbed,6
chevrolet,g3500,6
chevrolet,girardin,6
chevrolet,impala ls fleet,6
chevrolet,malibu limited ls,6
chevrolet,malibu lt 4dr sedan w,6
chevrolet,malibu lt fwd gas auto,6
chevrolet,malibu ltz - sunroof - leather and heated seats -,6
chevrolet,malibu maxx lt,6
chevrolet,master deluxe,6
chevrolet,nomad,6
chevrolet,pickup truck,6
chevrolet,sedan delivery,6
chevrolet,silverado (classic) 1500 crew cab,6
chevrolet,silverado 1500 rst 4x4,6
chevrolet,silverado 2500 4wd,6
chevrolet,silverado 2500 hd extended cab,6
chevrolet,silverado 2500 ltz 4x4,6
chevrolet,silverado 2500hd built,6
chevrolet,silverado 2500hd ls,6
chevrolet,silverado 3500 4x4,6
chevrolet,silverado 3500 hd extended cab,6
chevrolet,silverado 3500 ltz drw leveled,6
chevrolet,silverado deisel 3500,6
chevrolet,silverado lt z71 2500,6
chevrolet,silverado ltz 1500,6
chevrolet,tahoe 1500 ltz 4x4 gas,6
chevrolet,tahoe commercial,6
chevrolet,tahoe hybrid,6
chevrolet,tahoe z71 4x4,6
chevrolet,trailblazer ext ls,6
chevrolet,traverse ls w/ 3rd row seating,6
chevrolet,traverse premier awd,6
chevrolet,trax lt awd,6
chevrolet,vega,6
chevrolet,1 ton,5
chevrolet,11 nova,5
chevrolet,1500 silverado 4x4,5
chevrolet,1500 suburban,5
chevrolet,3500 4x4 drw,5
chevrolet,3500hd double cab duramax,5
chevrolet,avalanche black diamond,5
chevrolet,avalanche crew,5
chevrolet,avalanche z66,5
chevrolet,c,5
chevrolet,c/10,5
chevrolet,c/k 20,5
chevrolet,c/k 3500 series,5
chevrolet,c3500 crew cab,5
chevrolet,camaro z28 convertible,5
chevrolet,camaro zl1 super charged v-8 1900 miles!!!,5
chevrolet,caprice wagon,5
chevrolet,corvette 3lt,5
chevrolet,cruze lt w/1lt,5
chevrolet,"cruze, lt",5
chevrolet,el camino ss,5
chevrolet,equinox ls sport,5
chevrolet,equinox lt 2wd,5
chevrolet,express 1500 cargo,5
chevrolet,express 2500 extended,5
chevrolet,express 3500 15 pass,5
chevrolet,express 3500 box truck,5
chevrolet,express 3500 kuv,5
chevrolet,express conversion van,5
chevrolet,express lt 3500,5
chevrolet,express passenger van,5
chevrolet,g-30 box,5
chevrolet,hhr panel,5
chevrolet,hhr ss,5
chevrolet,ii nova,5
chevrolet,k30 crew cab dually,5
chevrolet,malibu limited lt,5
chevrolet,malibu lt w/1lt,5
chevrolet,malibu maxx ls,5
chevrolet,panel truck,5
chevrolet,s 10,5
chevrolet,s10 truck,5
chevrolet,silver ltz 4x4,5
chevrolet,silverado 1500 2lt crew cab long box 4wd,5
chevrolet,silverado 1500 crew ca,5
chevrolet,silverado 1500 crewcab,5
chevrolet,"silverado 1500 custom trail boss w/ 4wd, z71 off road",5
chevrolet,silverado 1500 high co,5
chevrolet,silverado 1500 ls 4dr crew cab ls,5
chevrolet,silverado 2500 4x4,5
chevrolet,silverado 2500 high country lifted diesel 4x4 loaded,5
chevrolet,silverado 2500 lifted highcountry 6.6l,5
chevrolet,"silverado 2500hd 2wd ext cab 157.5"" ltz",5
chevrolet,silverado 2500hd flatbed,5
chevrolet,silverado 2500hd heavy,5
chevrolet,silverado 3500 crew cab w/t utility bed drw 4x4,5
chevrolet,silverado 3500 hd high,5
chevrolet,silverado 3500 high country diesel lifted fully optioned 4x4,5
chevrolet,silverado 3500 high country lifted diesel 4x4 loaded,5
chevrolet,silverado 3500 ltz lifted longbed diesel,5
chevrolet,silverado 3500 ltz z71 lifted diesel fully loaded only 34k miles,5
chevrolet,silverado ld,5
chevrolet,silverado ltz crew ca,5
chevrolet,sonic ls sedan 4d,5
chevrolet,sonic lt auto 5-door,5
chevrolet,sonic lt turbo,5
chevrolet,sonic premier sedan 4d,5
chevrolet,spark 1lt hatchback 4d,5
chevrolet,suburban 1500 ls 4wd v,5
chevrolet,suburban 2500 4x4,5
chevrolet,tahoe 4wd 4dr 1500 ltz,5
chevrolet,tahoe lt w/2lt,5
chevrolet,tahoe rst 4x4 gas suv,5
chevrolet,tahoe sport utility,5
chevrolet,traverse lt leather,5
chevrolet,uplander cargo van,5
chevrolet,uplander lt,5
chevrolet,venture ls,5
chevrolet,1500 avalanche ltz 4x4,4
chevrolet,1500 crew cab,4
chevrolet,1500 lt crew cab,4
chevrolet,1500 rst z71,4
chevrolet,2 door,4
chevrolet,2500 hd ltz,4
chevrolet,2500 lt 4x4 dmax,4
chevrolet,2500hd crew cab,4
chevrolet,3500hd,4
chevrolet,3500hd 4x4 utility,4
chevrolet,avalanche 1500 ls 4dr 1500 ls crew cab sb,4
chevrolet,avalanche 2500,4
chevrolet,avalanche ls,4
chevrolet,avalanche lt 1500,4
chevrolet,avalanche z71 4x4,4
chevrolet,c-20,4
chevrolet,c10 stepside,4
chevrolet,c3500hd,4
chevrolet,c50,4
chevrolet,c60,4
chevrolet,camaro 2ls 2ls,4
chevrolet,camaro convertible 2lt,4
chevrolet,camaro iroc z28,4
chevrolet,camaro ls coupe,4
chevrolet,camaro lt 2dr,4
chevrolet,camaro ss 2ss/rs,4
chevrolet,caprice ppv,4
chevrolet,captiva ltz,4
chevrolet,captiva sport lt,4
chevrolet,captiva sport ltz,4
chevrolet,chevorlet,4
chevrolet,chevorlet corvette,4
chevrolet,cheyenne 1500,4
chevrolet,cheyenne 2500,4
chevrolet,city express cargo,4
chevrolet,cobalt sport,4
chevrolet,conversion van,4
chevrolet,corvette coupe cars,4
chevrolet,corvette frc,4
chevrolet,crew cab 4500,4
chevrolet,cruze limited lt,4
chevrolet,cruze ls auto 4dr sed,4
chevrolet,cruze lt auto,4
chevrolet,cruze premier rs,4
chevrolet,deluxe,4
chevrolet,dually,4
chevrolet,equinox 2lt awd,4
chevrolet,equinox lt 2lt awd,4
chevrolet,equinox ltz awd gas,4
chevrolet,express 2500 series,4
chevrolet,express 2500 work van,4
chevrolet,express 3500 15 passenger,4
chevrolet,express 4500,4
chevrolet,express cargo 3500,4
chevrolet,g30 van,4
chevrolet,g3500 12' box truck,4
chevrolet,hhr lr,4
chevrolet,impala ls sedan 4d,4
chevrolet,impala lt fleet,4
chevrolet,impala lt fleetsedan,4
chevrolet,impala premier 2lz,4
chevrolet,k1500 silverado 4x4,4
chevrolet,malibu hybrid,4
chevrolet,malibu ls fleet 4dr s,4
chevrolet,malibu lt automatic,4
chevrolet,malibu ltz 4dr sedan,4
chevrolet,malibu maxx ss,4
chevrolet,mark 3,4
chevrolet,monte carlo lt,4
chevrolet,pick up,4
chevrolet,s-10 blazer,4
chevrolet,"s-10 ext cab 123"" wb ls",4
chevrolet,"silverado 1500 4wd double cab 143.5"" custom",4
chevrolet,silverado 1500 4wd lt,4
chevrolet,silverado 1500 4x4 v8,4
chevrolet,silverado 1500 4x4 z71,4
chevrolet,silverado 1500 ls crew cab long box 4wd,4
chevrolet,silverado 1500 lt crew cab long box 4wd,4
chevrolet,silverado 1500 lt tra,4
chevrolet,"silverado 1500 ltz, $493.72 month, $2k down, 2.9% apr, oac $36980 ltz $493.72 month, $2k down, 2.9% apr, oac,",4
chevrolet,silverado 1500 rst z71,4
chevrolet,silverado 1500 work truck 2wt crew cab long box 4w,4
chevrolet,silverado 2500 hd regular cab,4
chevrolet,silverado 2500hd class,4
chevrolet,silverado 3500 diesel,4
chevrolet,silverado 3500 hd regular cab & chassis,4
chevrolet,silverado 3500 work,4
chevrolet,silverado c20,4
chevrolet,silverado crew cab 4wd,4
chevrolet,silverado crew cab 4x4,4
chevrolet,silverado crew cab 5.3,4
chevrolet,silverado diesel 1500,4
chevrolet,silverado ext cab,4
chevrolet,silverado ext cab 4x4,4
chevrolet,silverado ext cab lt,4
chevrolet,silverado ls 4x4,4
chevrolet,silverado texas ed.,4
chevrolet,silverado z71 crew 4x4,4
chevrolet,sonic lt hatchback 4d,4
chevrolet,special deluxe,4
chevrolet,step van,4
chevrolet,styleline deluxe,4
chevrolet,suburban ls 1500 4dr,4
chevrolet,tahoe 1500,4
chevrolet,tahoe lt 4x4 gas suv,4
chevrolet,tahoe lt sport,4
chevrolet,tahoe ltz 4x4 4dr suv,4
chevrolet,tahoe ltz 4x4 5.3l,4
chevrolet,tahoe ltz loaded 4x4,4
chevrolet,trailblazer 4wd,4
chevrolet,trailblazer ls 4wd,4
chevrolet,trailblazer lt2 4wd 4-speed automatic,4
chevrolet,traverse - rear camera - bluetooth - third row sea,4
chevrolet,traverse 2lt,4
chevrolet,traverse 2lt 2lt awd,4
chevrolet,traverse premium awd,4
chevrolet,venture ls 4dr extend,4
chevrolet,w4500,4
chevrolet,workhorse,4
chevrolet,z71,4
chevrolet,-,3
chevrolet,2 door sedan,3
chevrolet,2500 4x4,3
chevrolet,2500 crew 4x4 dmax,3
chevrolet,2500 hd 4x4,3
chevrolet,2500 hd 4x4 diesel,3
chevrolet,2500hd ext-cab long box pickup,3
chevrolet,3200,3
chevrolet,3500 4x4,3
chevrolet,3500 box truck,3
chevrolet,3500 duramax,3
chevrolet,3500 flatbed,3
chevrolet,3800,3
chevrolet,4 door 4-dr 4door 4dr,3
chevrolet,4-dr silverado 4x4,3
chevrolet,apache 10,3
chevrolet,astro ls,3
chevrolet,astro passenger,3
chevrolet,avalanche 1500crew,3
chevrolet,avalanche ls 4x4,3
chevrolet,aveo aveo lt,3
chevrolet,awd 1500 express cargo,3
chevrolet,blazer premier awd gas,3
chevrolet,blazer rs sport,3
chevrolet,bolt ev lt,3
chevrolet,c 10,3
chevrolet,c-10 truck,3
chevrolet,c/k 10,3
chevrolet,c/k 10 series,3
chevrolet,c10 silverado,3
chevrolet,c70,3
chevrolet,camaro 2dr cpe 1lt,3
chevrolet,camaro rs convertible,3
chevrolet,camaro ss 2dr,3
chevrolet,camaro z28 30th anniversary pace car,3
chevrolet,cavalier z24,3
chevrolet,chevelle ss 396,3
chevrolet,chevelle ss396,3
chevrolet,city express cargo lt,3
chevrolet,ck 2500,3
chevrolet,cobalt 2dr cpe lt,3
chevrolet,colorado 4wd zr2,3
chevrolet,colorado lt crew,3
chevrolet,corvette base,3
chevrolet,corvette c8 v8,3
chevrolet,corvette fuel injected,3
chevrolet,corvette sc 700+hp,3
chevrolet,corvette sting ray,3
chevrolet,corvette stingray spor,3
chevrolet,corvette v8 targa,3
chevrolet,covette,3
chevrolet,cruze 2lt auto,3
chevrolet,cruze 2lt rs,3
chevrolet,cruze eco w/1xf,3
chevrolet,cruze limited 1lt auto,3
chevrolet,cruze limited ls,3
chevrolet,cruze lt automatic,3
chevrolet,cruze lt diesel sedan,3
chevrolet,cruze only 89k miles,3
chevrolet,cruze premier sedan 4d,3
chevrolet,delray,3
chevrolet,el camino conquista,3
chevrolet,equinox lt 4dr suv w/,3
chevrolet,equinox lt w/1lt,3
chevrolet,equinox only 83k,3
chevrolet,equinox sport,3
chevrolet,express 2500 van,3
chevrolet,express 3500 1lt cutaway,3
chevrolet,express 3500 lt,3
chevrolet,express g2500 cargo,3
chevrolet,fleetmaster,3
chevrolet,g20,3
chevrolet,g30,3
chevrolet,geo tracker,3
chevrolet,gmt 400,3
chevrolet,hhr ls_panel 4dr wagon,3
chevrolet,hhr lt sport wagon,3
chevrolet,high top conversion van g1500 cash only,3
chevrolet,ii,3
chevrolet,impala 1lt,3
chevrolet,impala limited ls flee,3
chevrolet,impala lt sedan,3
chevrolet,impala lt v6,3
chevrolet,k3500 single wheel,3
chevrolet,k5,3
chevrolet,kodiak c4500,3
chevrolet,malibu ls fwd gas auto,3
chevrolet,malibu lt sedan,3
chevrolet,malibu lt2,3
chevrolet,"malibu, ls",3
chevrolet,other pickups,3
chevrolet,panel,3
chevrolet,pu,3
chevrolet,s truck,3
chevrolet,s-10 ls,3
chevrolet,s10 blazer 4x4,3
chevrolet,s10 xtreme,3
chevrolet,shortbed,3
chevrolet,"silverado 1500 4wd crew cab 143.5"" ltz w/1lz",3
chevrolet,silverado 1500 classic ls2,3
chevrolet,silverado 1500 hd,3
chevrolet,silverado 1500 hd crew,3
chevrolet,silverado 1500 lt double cab 4wd,3
chevrolet,silverado 1500 lt z71 4x4,3
chevrolet,silverado 1500 lt z71 crew,3
chevrolet,silverado 1500 ltz |,3
chevrolet,silverado 1500hd crew cab,3
chevrolet,silverado 2500 crewcab,3
chevrolet,silverado 2500 utility truck,3
chevrolet,silverado 2500 work,3
chevrolet,silverado 2500 work truck,3
chevrolet,silverado 2500hd 4x2,3
chevrolet,silverado 2500hd 4x4 ext-cab long box,3
chevrolet,silverado 2500hd built after aug 14,3
chevrolet,silverado 2500hd lt1,3
chevrolet,silverado 2500hd ltz crew cab long box 4wd,3
chevrolet,silverado 2500hd z71,3
chevrolet,silverado 3500 4x4 diesel,3
chevrolet,silverado 3500 hd crew,3
chevrolet,silverado 3500 hd crew cab & chassis,3
chevrolet,silverado 3500 lt,3
chevrolet,silverado 4x4 z71,3
chevrolet,silverado crew cab ls 4wd,3
chevrolet,silverado duramax,3
chevrolet,silverado durmax hd,3
chevrolet,silverado high countr,3
chevrolet,silverado hybrid,3
chevrolet,silverado k2500,3
chevrolet,silverado lt 4wd,3
chevrolet,silverado ltz 6.2l,3
chevrolet,silverado ss,3
chevrolet,silverado/sierra 3500hd,3
chevrolet,sliverado,3
chevrolet,sonic 4dr sdn auto lt,3
chevrolet,sonic ls auto w/ turbo,3
chevrolet,sonic lt 1.8,3
chevrolet,sonic lt fwd,3
chevrolet,sonic lt hatchback,3
chevrolet,sonic ltz auto,3
chevrolet,spark hb auto lt w/,3
chevrolet,ssr ls,3
chevrolet,station wagon,3
chevrolet,styleline,3
chevrolet,stylemaster,3
chevrolet,suburban 1500 lt 4x4,3
chevrolet,suburban 4wd 4dr ltz,3
chevrolet,suburban lt 2500,3
chevrolet,suburban z71 4x4,3
chevrolet,tahoe 1500 lt,3
chevrolet,tahoe 1500 ltz,3
chevrolet,tahoe 4wd 4dr 1500 lt w/1lt,3
chevrolet,tahoe k-1500 4x4,3
chevrolet,tahoe ltz 4x4 gas suv,3
chevrolet,tahoe ppv,3
chevrolet,tahoe z71 4x4 gas suv,3
chevrolet,tilt master w4500,3
chevrolet,tracker zr2,3
chevrolet,trailblazer lt 4wd,3
chevrolet,trailblazer sport,3
chevrolet,traverse 1lt,3
chevrolet,traverse 2lt awd,3
chevrolet,traverse awd,3
chevrolet,traverse fwd 4dr ls w/1ls,3
chevrolet,traverse high country,3
chevrolet,traverse ls 4dr suv,3
chevrolet,traverse ls awd,3
chevrolet,traverse lt leather d,3
chevrolet,traverse lt2 awd,3
chevrolet,trax automatic - awd - lt - clean car fax - local suv suv,3
chevrolet,trax fwd 4dr ls,3
chevrolet,trax fwd 4dr lt,3
chevrolet,trax ltz,3
chevrolet,trax ltz sport,3
chevrolet,z28 camaro,3
chrysler,200,683
chrysler,town & country,665
chrysler,300,599
chrysler,town and country,363
chrysler,pt cruiser,332
chrysler,pacifica,288
chrysler,sebring,175
chrysler,town country,128
chrysler,300 limited sedan 4d,117
chrysler,200 limited,104
chrysler,town & country touring,103
chrysler,300 touring l sedan 4d,98
chrysler,sebring convertible,75
chrysler,300c,67
chrysler,300 300s sedan 4d,64
chrysler,crossfire,59
chrysler,300-series,58
chrysler,pacifica touring,47
chrysler,town and country tourin,45
chrysler,300 touring,43
chrysler,200 touring,41
chrysler,300 touring sedan 4d,41
chrysler,300 limited,40
chrysler,pacifica touring plus,40
chrysler,300 300c sedan 4d,34
chrysler,pt cruiser touring,31
chrysler,pacifica touring l,28
chrysler,200 s,27
chrysler,200 lx,26
chrysler,300m,24
chrysler,pt cruiser limited,24
chrysler,pacifica limited,23
chrysler,pacifica touring-l,22
chrysler,300c hemi,21
chrysler,aspen,21
chrysler,aspen limited,21
chrysler,300 sedan 4d,19
chrysler,300 s,18
chrysler,concorde,18
chrysler,sebring touring,18
chrysler,town country lwb,18
chrysler,200 200c sedan 4d,17
chrysler,200 limited sedan 4d,16
chrysler,200 200s sedan 4d,15
chrysler,200 touring sedan 4d,15
chrysler,town & country limited,14
chrysler,300s,13
chrysler,sebring limited,13
chrysler,tc by maserati,13
chrysler,new yorker,12
chrysler,pt cruiser convertible,11
chrysler,vmi ♿,11
chrysler,imperial,9
chrysler,lebaron convertible,9
chrysler,voyager,9
chrysler,voyager lxi minivan 4d,9
chrysler,200 convertible,8
chrysler,300 touring rwd gas,8
chrysler,300s awd,8
chrysler,crossfire limited,8
chrysler,newport,8
chrysler,200 c,7
chrysler,200 touring 4dr sedan,7
chrysler,200s,7
chrysler,300 limited 4dr sedan,7
chrysler,300c awd hemi,7
chrysler,pt cruiser gt,7
chrysler,sebring lxi,7
chrysler,300 awd,6
chrysler,300 limited awd,6
chrysler,300 s awd gas sedan,6
chrysler,pacifica touring l plus,6
chrysler,pt cruiser basewagon,6
chrysler,town & country lx,6
chrysler,town country touring l,6
chrysler,200 s awd gas sedan,5
chrysler,300 series limited,5
chrysler,concorde lx,5
chrysler,concorde lxi,5
chrysler,convertible,5
chrysler,crossfire convertible,5
chrysler,crossfire coupe,5
chrysler,lebaron,5
chrysler,pacifica awd,5
chrysler,pacifica hybrid,5
chrysler,pacifica hybrid limited,5
chrysler,pacifica hybrid tourin,5
chrysler,pacifica touring-l plus,5
chrysler,town & country lwb,5
chrysler,town & country minivan,5
chrysler,town & country touring lwb w/ sto-n-go,5
chrysler,town and country touring,5
chrysler,200 touring convertible,4
chrysler,200-series,4
chrysler,300 limousine,4
chrysler,300 series touring,4
chrysler,300c awd,4
chrysler,5th avenue,4
chrysler,lhs,4
chrysler,pacifica touring fwd,4
chrysler,pacifica touring l fwd,4
chrysler,prowler,4
chrysler,pt cruiser limited edit,4
chrysler,pt crusier,4
chrysler,sebring jxi convertible,4
chrysler,town & country - rear camera - dvd entertainment -,4
chrysler,town and country limite,4
chrysler,town and country lx,4
chrysler,town country touring,4
chrysler,town n country,4
chrysler,town&country,4
chrysler,200 c sedan,3
chrysler,200 limited sedan,3
chrysler,200 series 200c leather heated seats,3
chrysler,200 series limited,3
chrysler,200 ssedan,3
chrysler,300 4dr sdn v6 limited rwd,3
chrysler,300 s v6 awd,3
chrysler,300c 5.7 hemi,3
chrysler,cirrus,3
chrysler,cordoba,3
chrysler,crossfire roadster,3
chrysler,fifth avenue,3
chrysler,imperial crown coupe,3
chrysler,le baron,3
chrysler,pacifica lx,3
chrysler,sebring lx,3
chrysler,town & country touring-l,3
chrysler,town and country lxi,3
chrysler,town and county,3
chrysler,voyager lxi,3
datsun,280zx,19
datsun,240z,14
datsun,280z,6
datsun,2000,3
dodge,grand caravan,1445
dodge,charger,1205
dodge,challenger,716
dodge,durango,648
dodge,journey,641
dodge,dakota,360
dodge,challenger r/t coupe 2d,343
dodge,dart,338
dodge,grand caravan sxt,324
dodge,avenger,293
dodge,caliber,143
dodge,grand caravan se,128
dodge,challenger srt8 coupe 2d,127
dodge,nitro,125
dodge,challenger r/t scat pack,124
dodge,journey sxt,117
dodge,caravan,111
dodge,charger sxt,110
dodge,dart sxt,90
dodge,challenger sxt,73
dodge,journey se,66
dodge,challenger srt 392 coupe,64
dodge,charger r/t sedan 4d,60
dodge,challenger r/t shaker,57
dodge,charger se,57
dodge,challenger r/t,56
dodge,dakota slt,56
dodge,grand caravan passenger,54
dodge,caliber sxt,53
dodge,charger r/t,53
dodge,avenger se,50
dodge,charger gt sedan 4d,50
dodge,charger sxt sedan 4d,50
dodge,grand caravan passenger se,48
dodge,stratus,48
dodge,avenger sxt,46
dodge,durango r/t sport utility,43
dodge,caravan/grand caravan,40
dodge,durango sxt sport utility,39
dodge,grand caravan wheelchair,38
dodge,grand caravan se wheelcha,37
dodge,journey r/t sport utility,37
dodge,journey sxt awd,36
dodge,durango limited,34
dodge,durango slt,34
dodge,grand caravan sxt wheelch,34
dodge,journey se sport utility,34
dodge,neon,34
dodge,charger r/t scat pack,33
dodge,grand caravan gt,33
dodge,charger r/t road and track,32
dodge,durango gt awd gas suv,31
dodge,challenger srt8,30
dodge,challenger sxt coupe 2d,27
dodge,durango sxt,27
dodge,challenger r/t classic,26
dodge,charger scat pack sedan 4d,26
dodge,nitro slt,26
dodge,dart limited,25
dodge,dart se,25
dodge,magnum,25
dodge,3500,24
dodge,charger gt plus sedan 4d,24
dodge,avenger r/t,23
dodge,challenger gt coupe 2d,23
dodge,challenger se,23
dodge,dart se sedan 4d,23
dodge,2500,22
dodge,challenger srt hellcat,22
dodge,durango r/t,22
dodge,caravan se,20
dodge,durango citadel,20
dodge,durango gt sport utility,20
dodge,journey crossroad,20
dodge,journey r/t,20
dodge,magnum sxt,20
dodge,sprinter 2500,20
dodge,dakota sport,19
dodge,dart gt,19
dodge,coronet,17
dodge,grand caravan crew,17
dodge,journey gt sport utility,17
dodge,charger rt,16
dodge,d100,16
dodge,dakota quad cab,16
dodge,journey se value sport,16
dodge,nitro sxt,16
dodge,charger police,15
dodge,neon sxt,15
dodge,charger sxt plus,14
dodge,dart rallye,14
dodge,durango gt plus sport,14
dodge,caliber r/t,13
dodge,dakota club cab,13
dodge,durango r/t awd gas suv,13
dodge,challenger r/t plus shaker,12
dodge,challenger sxt plus,12
dodge,challenger sxt rwd gas,12
dodge,charger sxt awd,12
dodge,dakota 4x4,12
dodge,durango gt,12
dodge,durango limited awd gas,12
dodge,ramcharger,12
dodge,sprinter 3500,12
dodge,charger daytona 392 sedan,11
dodge,dakota slt quad cab,11
dodge,dart aero,11
dodge,durango crew awd,11
dodge,grand caravan rt,11
dodge,journey sxt fwd gas suv,11
dodge,power wagon,11
dodge,5500,10
dodge,coronet 440,10
dodge,dakota slt 4x4,10
dodge,dart swinger,10
dodge,dart sxt sedan 4d,10
dodge,intrepid,10
dodge,stealth,10
dodge,charger se sedan 4d,9
dodge,d250,9
dodge,dart aero sedan 4d,9
dodge,dart limited/gt,9
dodge,durango crew,9
dodge,sprinter,9
dodge,stratus sxt,9
dodge,charger r/t rwd gas sedan,8
dodge,charger se 4dr sedan,8
dodge,charger sxt rwd gas sedan,8
dodge,durango limited awd,8
dodge,grand caravan - stow 'n go - flex fuel - new tires,8
dodge,journey crossroad plus,8
dodge,magnum r/t,8
dodge,nitro r/t,8
dodge,nitro se,8
dodge,truck,8
dodge,caravan sxt,7
dodge,challenger r/t plus,7
dodge,dakota crew cab sport,7
dodge,dart sxt sedan,7
dodge,durango crew awd gas suv,7
dodge,durango slt 4x4,7
dodge,durango sxt awd gas suv,7
dodge,durango sxt sport,7
dodge,grand caravan american value package,7
dodge,grand caravan r/t,7
dodge,journey crew,7
dodge,van,7
dodge,avenger 4dr sdn se,6
dodge,avenger se 4dr sedan,6
dodge,caravan sxt passenger,6
dodge,challenger sxt plus w/ super sport group,6
dodge,charger gt,6
dodge,charger rallye awd gas,6
dodge,durango citadel awd gas,6
dodge,durango hemi,6
dodge,durango rt awd gas suv,6
dodge,grand caravan se wagon,6
dodge,grand caravan sport,6
dodge,journey crossroad awd,6
dodge,journey gt,6
dodge,pilot,6
dodge,viper,6
dodge,viper rt/10,6
dodge,2500 big horn crew cab,5
dodge,2500 quad cab,5
dodge,aspen,5
dodge,caliber express 5 spd,5
dodge,challenger r/t rwd gas,5
dodge,challenger srt hellcat only 6505 miles moon roof hk sound bad,5
dodge,challenger srt hellcat rwd,5
dodge,challenger t/a plus coupe,5
dodge,charger se awd,5
dodge,charger srt8,5
dodge,charger sxt automatic,5
dodge,charger sxt awd gas sedan,5
dodge,charger sxt awd! awd,5
dodge,d150,5
dodge,dakota crew cab 4x4,5
dodge,dart sxt sport rallye,5
dodge,daytona,5
dodge,demon,5
dodge,diplomat,5
dodge,intrepid se,5
dodge,jouney,5
dodge,journey crossroad fwd gas,5
dodge,journey crossroad sport,5
dodge,journey se suv,5
dodge,magnum rt,5
dodge,nitro 4x4,5
dodge,nitro heat 4x4,5
dodge,pickup,5
dodge,ram1500,5
dodge,ram1500 slt 4+4,5
dodge,ram3500,5
dodge,sedan,5
dodge,stealth r/t,5
dodge,stratus se,5
dodge,w150,5
dodge,w250,5
dodge,1500,4
dodge,1500 classic warlock,4
dodge,1500 lone star crew cab,4
dodge,2500 tradesman flatbed,4
dodge,aries,4
dodge,caliber mainstreet,4
dodge,caliber srt4,4
dodge,challenger hellcat,4
dodge,challenger hellcat 6-speed manual,4
dodge,challenger rt,4
dodge,challenger sxt plus coupe,4
dodge,charger basesedan,4
dodge,charger daytona sedan 4d,4
dodge,charger plus hellcat,4
dodge,charger r/t plus,4
dodge,charger sxt plus sedan 4d,4
dodge,cummins,4
dodge,dakota quad cab 4x4,4
dodge,dakota slt 2dr slt,4
dodge,dakota sport 4x4,4
dodge,dakota st,4
dodge,dakota sxt,4
dodge,durango awd,4
dodge,durango citadel sport,4
dodge,durango srt,4
dodge,durango sxt awd,4
dodge,grand caravan seextended,4
dodge,grand caravan sxt wagon,4
dodge,journey awd,4
dodge,magnum se,4
dodge,nitro heat,4
dodge,powerwagon,4
dodge,promaster 2500,4
dodge,viper rt 10 removable top,4
dodge,2500 lone star crew cab,3
dodge,avenger heatsedan,3
dodge,avenger lux,3
dodge,b250,3
dodge,b300,3
dodge,caliber heat,3
dodge,caliber se,3
dodge,challenger base rallye,3
dodge,challenger gt,3
dodge,challenger sxt coupe,3
dodge,charger daytona,3
dodge,charger gt awd gas sedan,3
dodge,charger r/t daytona,3
dodge,charger scat pack,3
dodge,charger scat pack daytona,3
dodge,charger sdn sxt rwd,3
dodge,charger srt hellcat,3
dodge,charger sxt rwd,3
dodge,coronet 500,3
dodge,d200,3
dodge,dakota laramie crew-cab,3
dodge,dakota sport quad cab,3
dodge,dart 270 sedan,3
dodge,dokota,3
dodge,durango 4x4,3
dodge,durango citadel awd! awd,3
dodge,durango citadel hemi,3
dodge,durango gt awd,3
dodge,durango r/t awd,3
dodge,durango sxt rwd,3
dodge,durangon r/t,3
dodge,grand caravan american,3
dodge,grand caravan express,3
dodge,grand caravan mainstreet,3
dodge,grand caravan passenger gt,3
dodge,grand caravan sxtmini,3
dodge,journey fwd 4dr sxt,3
dodge,journey r/t awd,3
dodge,journey rt,3
dodge,journey sxt sport utility,3
dodge,neon se,3
dodge,neon srt-4,3
dodge,nitro 4wd 4dr sxt *ltd avail*,3
dodge,nitro suv,3
dodge,nitro sxt 4x4,3
dodge,r-3500 drw flatbed,3
dodge,rampage,3
dodge,stratus r/t,3
dodge,stratus sdn 4dr sxt,3
dodge,w300,3
ferrari,360 modena,7
ferrari,458 spider,6
ferrari,f355 spider,6
ferrari,360 modena spyder,4
ferrari,458 italia,3
ferrari,california t,3
ferrari,f430 spider,3
fiat,500,169
fiat,500 abarth hatchback 2d,97
fiat,124 spider classica,88
fiat,500 pop,40
fiat,500x,37
fiat,500 pop hatchback 2d,32
fiat,500 sport,32
fiat,124 spider,22
fiat,500l,20
fiat,500e,17
fiat,500 abarth,15
fiat,500l trekking,14
fiat,124 spider lusso,13
fiat,500c gq edition cabriolet,12
fiat,124 spider abarth,9
fiat,500l pop hatchback 4d,9
fiat,500 lounge,7
fiat,500x lounge sport utility,7
fiat,500c,6
fiat,spider,6
fiat,x1/9,6
fiat,500l lounge,5
fiat,600,5
fiat,500 sport ruby,3
fiat,500x easy,3
fiat,500x lounge,3
ford,f-150,6917
ford,escape,2463
ford,explorer,2203
ford,mustang,1973
ford,focus,1617
ford,fusion,1586
ford,f-250,1307
ford,edge,1213
ford,f150,1039
ford,expedition,953
ford,f-350,898
ford,f250,771
ford,ranger,733
ford,taurus,733
ford,fusion se,618
ford,f250 super duty,543
ford,f-250 super duty,517
ford,focus se,516
ford,f350,503
ford,super duty f-350 srw,501
ford,mustang gt coupe 2d,477
ford,super duty f-250 srw,457
ford,flex,420
ford,super duty f-550 drw,419
ford,f350 super duty,416
ford,fiesta,412
ford,f-150 xlt,399
ford,super duty f-250,393
ford,ranger supercab xl pickup,372
ford,transit,358
ford,f150 supercrew cab xlt,343
ford,transit connect,323
ford,ranger supercrew xl pickup,319
ford,explorer xlt,314
ford,expedition xlt sport,313
ford,f-350 super duty,300
ford,f150 super cab xl pickup 4d,289
ford,escape xlt,278
ford,f150 supercrew cab,265
ford,super duty f-350 drw,265
ford,f150 regular cab xl pickup,256
ford,f150 super cab xlt pickup,253
ford,escape se,248
ford,c-max hybrid se wagon 4d,246
ford,f150 xlt,231
ford,mustang gt,217
ford,econoline,203
ford,f250 super duty crew cab,203
ford,econoline cargo van,200
ford,f-550,193
ford,mustang gt premium coupe 2d,193
ford,thunderbird,193
ford,f-150 lariat,183
ford,expedition el,179
ford,edge sel,176
ford,mustang gt premium,176
ford,econoline commercial cutaway,174
ford,ranger xlt,172
ford,transit cargo van,168
ford,super duty f-450 drw,167
ford,crown victoria,166
ford,e-350,164
ford,explorer sport trac,162
ford,f550,158
ford,f150 4x4,156
ford,fusion sel,153
ford,fiesta se,150
ford,bronco,142
ford,excursion,141
ford,f150 lariat,141
ford,f150 supercrew cab xl,136
ford,ranger super cab xlt pickup,136
ford,explorer limited,135
ford,f-450,134
ford,f-250 sd,131
ford,f150 supercrew cab fx4,130
ford,expedition xlt,129
ford,transit van,129
ford,f150 supercrew cab lariat,124
ford,f-250sd,123
ford,ecosport,122
ford,f100,121
ford,f350 super duty lariat,121
ford,taurus se,121
ford,f350 super duty crew cab,118
ford,e350,116
ford,ranger supercrew xlt pickup,116
ford,focus st hatchback 4d,113
ford,taurus sel,113
ford,f450,111
ford,f250 super duty 4x4,106
ford,fusion hybrid,95
ford,f150 xl,90
ford,escape limited,89
ford,f450 super duty,89
ford,mustang convertible,88
ford,edge limited,87
ford,f-150 xl,87
ford,transit t250,87
ford,explorer sport,86
ford,f250 super duty regular cab,86
ford,f250 lariat 4x4 diesel,85
ford,transit connect cargo,85
ford,edge sel awd,84
ford,f150 xlt 4x4,84
ford,crown victoria police,82
ford,f550 super duty,81
ford,escape titanium,80
ford,f150 xlt 4wd,80
ford,f150 xlt 4x4 1/2 ton gas,80
ford,f250 super duty xlt,80
ford,transit cargo,79
ford,focus st,78
ford,mustang ecoboost,78
ford,f-350sd,77
ford,f150 super cab,77
ford,f150 xlt 4x4 half ton gas,76
ford,transit 250,76
ford,expedition eddie bauer,75
ford,f-350 sd,75
ford,f750,75
ford,transit connect xlt,75
ford,e250,74
ford,f-450sd,73
ford,f250 super duty lariat,72
ford,f350 xl,72
ford,e-450,70
ford,explorer xlt 4x4,69
ford,f150 fx4,69
ford,c-max hybrid,67
ford,f450 xl,67
ford,mustang gt convertible,67
ford,f150 regular cab xlt pickup,66
ford,f350 lariat,64
ford,model a,64
ford,transit cutaway,62
ford,e-250,61
ford,f250 4x4,61
ford,transit 150,61
ford,f-150 xlt 4x4,60
ford,flex sel,60
ford,e-150,59
ford,ecosport se sport utility,59
ford,escape xlt 4x4,59
ford,explorer eddie bauer,59
ford,f-150 fx4,59
ford,f250 lariat,59
ford,expedition limited,58
ford,focus se hatchback,58
ford,coupe,57
ford,f150 super cab lariat,57
ford,focus electric hatchback 4d,56
ford,f-750,54
ford,lifted f150 xlt 4x4 1/2 ton,54
ford,thunderbird convertible,54
ford,transit connect passenger,54
ford,e150,53
ford,f-250 super duty xlt,53
ford,econoline e350,52
ford,freestar,52
ford,ranger super cab,52
ford,explorer 4x4,51
ford,focus ses,51
ford,fusion titanium,51
ford,focus sel,50
ford,mustang v6,50
ford,super duty f-350 srw laria,50
ford,taurus limited,50
ford,transit connect wagon,50
ford,e250 cargo van,49
ford,f150 regular cab,49
ford,five hundred,49
ford,escape sel,48
ford,focus se hatchback 4d,47
ford,escape s,46
ford,escape hybrid,45
ford,f-150 platinum,45
ford,freestyle,45
ford,e250 econoline,44
ford,e450,44
ford,f250 platinum 4x4,44
ford,ranger supercab xlt pickup,44
ford,e350 box truck,43
ford,f-250 super duty lariat,43
ford,f250 super duty crew cab xl,43
ford,f150 lariat supercrew 4x4,42
ford,mustang v6 convertible 2d,42
ford,edge se,41
ford,f-550 super duty,41
ford,f150 lariat 4wd,41
ford,f350 4x4,41
ford,fiesta st hatchback 4d,41
ford,mustang svt cobra,41
ford,transit 250 cargo van,41
ford,f350 diesels powerstroke,40
ford,focus titanium hatchback 4d,40
ford,transit 350,40
ford,e-series cutaway,39
ford,escape se awd,39
ford,f250 xlt,39
ford,f350 powerstroke lariat,39
ford,super duty f-750 straight frame,39
ford,transit connect van,39
ford,e-series cargo,38
ford,e350 van,38
ford,expedition max,38
ford,f 350,38
ford,f-450 sd,38
ford,f150 xlt xtr 4x4 half ton,38
ford,edge titanium,37
ford,excursion limited,37
ford,f-250 super duty 4x2 2dr re,37
ford,f150 lariat 4x4 half ton,37
ford,edge limited awd,36
ford,expedition platinum 4x4 gas,36
ford,f-450 super duty,36
ford,f650,36
ford,focus titanium,36
ford,f-350 super duty 4x2 2dr re,35
ford,f550 4x4,35
ford,ranger supercrew lariat,35
ford,taurus police interceptor,35
ford,f-150 king ranch 4x4 ecoboo,34
ford,f150 supercrew,34
ford,fusion hybrid se,34
ford,fusion se sedan 4d,34
ford,explorer xlt sport utility,33
ford,f-250 super duty super duty,33
ford,f-250 superduty lifted stx 8ft 6.7l diesel,33
ford,f-450 super duty lariat,33
ford,f-650,33
ford,flex limited awd,33
ford,flex sel awd,33
ford,fusion s,33
ford,ranchero,33
ford,expedition el limited,32
ford,f-100,32
ford,f-150 stx,32
ford,f150 lariat fx4 4x4 1/2 ton,32
ford,f250 super duty cab xl,32
ford,focus se sedan,32
ford,c-max,31
ford,e150 cargo van,31
ford,e350 super duty,31
ford,escape titanium sport,31
ford,f150 lariat 4x4,31
ford,taurus sho,31
ford,f-550sd,30
ford,taurus ses,30
ford,bronco ii,29
ford,expedition limited 4x4,29
ford,f-150 svt raptor,29
ford,f150 xlt sport 4x4 half ton,29
ford,transit connect cargo van,29
ford,e-series chassis,28
ford,escape xls,28
ford,f150 supercrew cab fx2,28
ford,f350 dually,28
ford,transit connect cargo xlt,28
ford,f250 king ranch,27
ford,f350 diesel powerstroke fx4,27
ford,f450 super duty king ranch,27
ford,f800,27
ford,fiesta s,27
ford,mustang ecoboost premium,27
ford,roadster,27
ford,f-150 4x4,26
ford,f-250 superduty lariat crew 6.7 liter,26
ford,f150 lariat 4x4 1/2 ton gas,26
ford,f150 xlt xtr 4x4 1/2 ton,26
ford,f350 super duty diesel,26
ford,fairlane,26
ford,mustang coupe,26
ford,ranger xl,26
ford,c-max energi,25
ford,escort,25
ford,excursion xlt,25
ford,explorer xlt 4wd,25
ford,f250sd,25
ford,expedition xlt 4x4,24
ford,f-150 platinum crew cab 4x4,24
ford,f-150 xlt sport supercrew,24
ford,f-250 crew cab lariat 4x4,24
ford,f550 xl,24
ford,focus s,24
ford,focus se sedan 4d,24
ford,mustang mach 1,24
ford,windstar,24
ford,explorer eddie bauer 4x4,23
ford,explorer xlt 4x4 gas suv,23
ford,f150 xlt sport 4x4 1/2 ton,23
ford,model t,23
ford,mustang ecoboost coupe 2d,23
ford,ranger edge,23
ford,taurus x,23
ford,transit connect xl,23
ford,e-series cargo e-150,22
ford,e150 econoline,22
ford,e450 bus,22
ford,econoline commercial,22
ford,escape se 4wd,22
ford,f150 xlt supercrew,22
ford,f250 super duty super cab,22
ford,f350 diesel power stroke,22
ford,flex limited,22
ford,transit connect cargo xl,22
ford,cmax hybrid,21
ford,e350 cargo van,21
ford,econoline wagon,21
ford,f-250 xlt,21
ford,f-350 crew cab lariat 4x4,21
ford,f750 xl,21
ford,fusion energi,21
ford,custom,20
ford,explorer police interceptor,20
ford,f-150 king ranch,20
ford,f-650 sd,20
ford,f1,20
ford,f150 lariat sport 4x4 gas,20
ford,f150 stx,20
ford,f150 xlt 4wd f-150 4x4,20
ford,freestar ses,20
ford,taurus limited sedan 4d,20
ford,taurus sel awd,20
ford,deluxe,19
ford,e-series cargo e-350 sd,19
ford,ecosport titanium,19
ford,edge sport,19
ford,explorer xls,19
ford,f-150 fx4 lifted crew ecoboost 3.5liter,19
ford,f-250 king ranch,19
ford,f150 king ranch,19
ford,f150 platinum 4x4,19
ford,f150 supercrew 4x4,19
ford,f250 xl super duty,19
ford,f350 diesel powerstroke 4x4,19
ford,fairlane 500,19
ford,flex se,19
ford,mustang v6 premium,19
ford,ranger regular cab,19
ford,ranger xlt 4x4,19
ford,taurus sho sedan 4d,19
ford,transit t250 extended,19
ford,transit-250,19
ford,c-max hybrid titanium wagon,18
ford,e-150 transit,18
ford,e-350sd,18
ford,escape se sport utility 4d,18
ford,f-150 raptor,18
ford,f-250 super duty xl,18
ford,f-350 xl 4x4,18
ford,f150 limited,18
ford,f350 crew cab,18
ford,focus zx4,18
ford,sedan,18
ford,super duty f-450 pickup,18
ford,transit cargo 150,18
ford,c-max energi sel wagon 4d,17
ford,e350 passenger van,17
ford,ecosport ses sport utility,17
ford,edge sel sport utility 4d,17
ford,escape titanium 4x4 gas suv,17
ford,escape xls awd! awd,17
ford,f 150,17
ford,f-150 lariat crew cab 4x4,17
ford,f-150 xlt automatic,17
ford,f-250 superduty lariat,17
ford,f-650 dump,17
ford,f150 supercrew cab platinum,17
ford,f250 sd xlt,17
ford,f350 lariat srw 4x4,17
ford,mustang boss 302 coupe 2d,17
ford,mustang shelby gt500,17
ford,super duty,17
ford,transit t150,17
ford,truck,17
ford,crown victoria police inter,16
ford,e350 xlt,16
ford,f-150 supercrew,16
ford,f150 platinum,16
ford,f150 xlt fx4 4x4 half ton,16
ford,f250 xl,16
ford,f350 powerstroke xlt 4x4,16
ford,f450 super duty crew cab,16
ford,focus zx3,16
ford,mustang cobra,16
ford,transit cargo 250,16
ford,transit wagon xl,16
ford,victoria,16
ford,500,15
ford,bronco xlt,15
ford,customline,15
ford,edge limited wagon,15
ford,f-150 platinum 4x4,15
ford,f-150 xl 4x4,15
ford,f-150 xltcrew cab,15
ford,f-250 super duty crew 4x4 32k ml.1owner*new wheels 6.2l,15
ford,f-250 super duty lariat crew 6.7 liter,15
ford,f-350 super duty lariat,15
ford,f150 fx4 4x4,15
ford,f150 supercrew cab king,15
ford,f150 xlt fx4 4x4 1/2 ton,15
ford,f150 xlt supercrew 4x4,15
ford,f250 4wd,15
ford,f250 super duty platinum,15
ford,f350 king ranch,15
ford,f350 xlt,15
ford,falcon,15
ford,fiesta st,15
ford,flex se sport utility 4d,15
ford,focus zx3 premium,15
ford,pickup,15
ford,super duty f-250 xlt,15
ford,super duty f-450 drw xl,15
ford,transit connect cargo van xlt,15
ford,e250 van,14
ford,e350 cutaway,14
ford,econoline e250,14
ford,explorer hybrid limited,14
ford,explorer limited 4wd,14
ford,f-350 ext cab xl 4x4,14
ford,f-350 super duty lariat crew 8ft lb 6.7 liter,14
ford,f150 lariat supercrew,14
ford,f250 4x4 platinum,14
ford,f350 power stroke lariat,14
ford,f350 super duty regular cab & chassis,14
ford,f700,14
ford,fiesta titanium,14
ford,flex sel sport utility 4d,14
ford,freestyle limited,14
ford,fusion se hybrid sedan 4d,14
ford,fusion sport,14
ford,lifted f350 diesel lariat,14
ford,ranger 4x4,14
ford,super duty f-350 drw king,14
ford,super duty f-350 srw xlt,14
ford,transit cargo 350,14
ford,transit t250 cargo van,14
ford,c-max hybrid se,13
ford,excursion eddie bauer,13
ford,expedition eddie bauer 4x4,13
ford,expedition limited 4x4 gas,13
ford,explorer sport trac xlt,13
ford,f-150 lariat 4wd,13
ford,f-150 lifted supercrew xlt 4x4 v6 twin turbo financing,13
ford,f-150 raptor arizona raptor*rust free*icon level kit*tech pkg*pano roof*newer tires*graphics pkg*like new in&out*non smoker*immaculate interior*heated steering wheel*cooled seats*tailgate step,13
ford,f-350 super duty crew cab xlt 6.7 liter,13
ford,f-350 super duty super duty,13
ford,f-350 superduty lariat crew drw,13
ford,f-350 xl,13
ford,f150 stx 4x4 half ton gas,13
ford,f250 super duty xl,13
ford,galaxie,13
ford,super duty f-250 pickup,13
ford,super duty f-250 srw laria,13
ford,super duty f-350,13
ford,t bucket,13
ford,thunderbird coupe,13
ford,transit 350 wagon,13
ford,bus,12
ford,c - max se hybrid,12
ford,crown victoria lx,12
ford,e450 shuttle bus,12
ford,ecosport se,12
ford,escape se awd 65k 1-owner new tires tow pkg camera sync,12
ford,expedition el xlt,12
ford,explorer limited 4x4 gas,12
ford,f 550,12
ford,f-150 lifted lariat supercrew 5.0 v8,12
ford,f-150 xlt 4x4 4dr supercrew,12
ford,f-250 crew cab king ranch 4x4,12
ford,f-250 super duty xlt lifted crew,12
ford,f150 fx4 4x4 half ton gas,12
ford,f600,12
ford,f800 dump truck,12
ford,fiesta ses,12
ford,flex limited sport utility,12
ford,fusion energi plug-in,12
ford,galaxie 500,12
ford,"gt premium 2,200 miles",12
ford,ltd,12
ford,ranger xlt fx4 4x4 1/4 ton,12
ford,super duty f250 srw xl,12
ford,torino gt,12
ford,transit 150 cargo van,12
ford,c-max hybrid sel wagon 4d,11
ford,e-350sd commercial,11
ford,e250 cargo,11
ford,escape se automatic,11
ford,escape sel sport utility 4d,11
ford,escape xlt awd,11
ford,explorer limited sport,11
ford,explorer sport utility 4d,11
ford,f 450,11
ford,f-150 xlt supercrew,11
ford,f-150 xlt supercrew ecoboost 3.5l premium,11
ford,f-250 crew cab xlt 4x4,11
ford,f-250 super duty 4x4,11
ford,f-250 super duty lariat lift 6.7 liter,11
ford,f-350 sd lariat crew cab long bed 4wd,11
ford,f-450 super duty superduty platinum drw 4wd,11
ford,f-550 crew cab flat bed xlt 4x4 drw,11
ford,f100 pickup,11
ford,f150 platinum 4x4 1/2 ton,11
ford,f150 platinum 4x4 half ton,11
ford,f150 super cab stx pickup,11
ford,f150 xl 4wd,11
ford,f250 diesel,11
ford,f350 super duty 4x4,11
ford,f450 super duty crew,11
ford,five hundred sel,11
ford,focus hatchback,11
ford,focus st hatchback,11
ford,fusion platinum sedan 4d,11
ford,mustang cobra convertible,11
ford,mustang fastback,11
ford,mustang premium,11
ford,ranchero gt,11
ford,ranger sport,11
ford,super duty f-350 drw xl,11
ford,transit-350,11
ford,tudor,11
ford,crown victoria interceptor,10
ford,e-350 super duty,10
ford,e-series chassis e-450,10
ford,e150 cargo,10
ford,e350 super duty cargo,10
ford,ecosport titanium awd,10
ford,edge sel plus awd,10
ford,edge sel turbo,10
ford,edge sport awd,10
ford,escape se 4x4,10
ford,escape titanium awd,10
ford,escape xlt awd! awd,10
ford,excursion limited 55k miles*1-owner*diesel*rust free*collector quality*like new in&out*all original*new wheels & tires*unicorn alert,10
ford,f-1,10
ford,f-150 fx2,10
ford,f-150 limited,10
ford,f-150 xlt 4wd!crew cab,10
ford,f-350 diesel 4x4 7.3l power stroke turbo diesel ext cab long bed dually 6-speed manual,10
ford,f-350 super duty xl,10
ford,f-350 xlt lariat,10
ford,f-450 crew cab dump truck 6,10
ford,f100 custom,10
ford,f150 king ranch 4x4,10
ford,f150 supercab xlt 4x4,10
ford,f150 supercrew xlt,10
ford,f250 ext cab,10
ford,f250 super duty diesel,10
ford,f250 super duty lariat 4x4,10
ford,f250 superduty,10
ford,f350 diesel,10
ford,f350 super duty larait,10
ford,f550 lariat,10
ford,fiesta sel,10
ford,focus s sedan 4d,10
ford,focus zts,10
ford,lifted f350 deisel lariat,10
ford,mustang deluxe,10
ford,mustang shelby gt350,10
ford,police interceptor utility,10
ford,ranger supercab,10
ford,sport trac,10
ford,thunderbird lx,10
ford,transit 150 van,10
ford,transit connect van xlt,10
ford,van,10
ford,bronco eddie bauer,9
ford,club wagon,9
ford,country squire,9
ford,e-series cargo e-250,9
ford,econoline e150 cargo van,9
ford,edge st line,9
ford,escape sel 4wd,9
ford,escape sel suv,9
ford,escape titanium 4wd,9
ford,"escape titanium 4wd, w/ navigation",9
ford,excursion 4x4 limited 6.8l v10 gas loaded low miles,9
ford,excursion limited 4x4,9
ford,expedition el limited 4x4,9
ford,explorer hybrid limited suv,9
ford,explorer platinum,9
ford,explorer sport trac limited,9
ford,f 250,9
ford,f 350 lariat fx4 dually,9
ford,f-150 4x4 5.0l v8 360hp 380ft. lbs. torque super crew xlt one owner,9
ford,f-150 super cab,9
ford,f-150 xlt supercrew eco boost 3.5l,9
ford,f-250 crew cab xl 4x4,9
ford,f-250 excab,9
ford,f-250sd xlt 4wd!standard,9
ford,f-350 crew cab dump bed 4x4 drw,9
ford,f-350 lariat,9
ford,f-350 lariat crewcab dually,9
ford,f-350 super duty drw,9
ford,f-350 xl extended cab util,9
ford,f-350 xlt,9
ford,f150 4wd,9
ford,f150 heritage,9
ford,f150 king ranch fx4 4x4 gas,9
ford,f150 platinum fx4 4x4 gas,9
ford,f150 super cab xlt,9
ford,f150 supercab stx 4x4,9
ford,f150 supercrew xlt 4x4,9
ford,f250 powerstroke lariat,9
ford,f350 deisel powerstroke fx4,9
ford,f650 crew cab,9
ford,falcon futura,9
ford,freestyle sel,9
ford,fusion hybrid sel,9
ford,fusion se awd gas sedan,9
ford,fusion se sedan,9
ford,police interceptor,9
ford,super duty f-250 lariat,9
ford,super duty f-250 srw xl,9
ford,thunderbird deluxe,9
ford,transit 250 van low roof,9
ford,windstar lx,9
ford,250,8
ford,bronco sport,8
ford,e 150,8
ford,e 250,8
ford,e 350,8
ford,e-series cargo e-350,8
ford,e350sd,8
ford,e450 super duty,8
ford,econoline e150,8
ford,edge se awd,8
ford,edge sel awd gas suv auto,8
ford,edge sport suv 4d,8
ford,escape - new tires - great mpg for suv -,8
ford,escape se awd 68k ml.1owner new tirew well maint.clean!!!,8
ford,escape se ecoboost,8
ford,escape se fwd gas suv auto,8
ford,explorer base,8
ford,explorer st 4x4 gas suv,8
ford,explorer xlt - 4wd - flex fuel - third row seat -,8
ford,explorer xlt awd,8
ford,f-150 lariat 4x4,8
ford,f-150 xlt crew cab,8
ford,f-150 xlt supercab,8
ford,f-250 4x4,8
ford,f-250 super duty lariat 4x4,8
ford,f-250 superduty xlt crew cab 6.7 liter,8
ford,f-350 diesel,8
ford,f-350 diesel 4x4 7.3l power stroke turbo diesel crew cab dually xlt,8
ford,f-350 super duty xlt,8
ford,f-350 super duty xlt 4x4 4d,8
ford,f-350 superduty platinum drw 4wd,8
ford,f-super duty,8
ford,f150 raptor,8
ford,f150 stx 4wd,8
ford,f150 stx 4x4,8
ford,f350 deisel power stroke,8
ford,f350 powerstroke limited,8
ford,f350 powerstroke platinum,8
ford,f450 super duty regular cab & chassis,8
ford,fiesta se - new tires - gas saver - just smogged -,8
ford,fiesta se w/ backup camera,8
ford,focus rs,8
ford,focus titanium hatchback,8
ford,freestar limited,8
ford,freestar sel,8
ford,fusion se 4dr sedan,8
ford,fusion se ecoboost,8
ford,fusion se fwd,8
ford,fusion titanium hybrid,8
ford,lifted f350 powerstroke,8
ford,maverick,8
ford,mustang 5.0,8
ford,mustang ecoboost - rear camera - bluetooth -,8
ford,mustang v6 coupe 2d,8
ford,ranger fx4 off-road 4wd!,8
ford,super duty f-550 drw xl,8
ford,t-bucket,8
ford,transit 150 wheelchair han,8
ford,transit connect van xl,8
ford,transit t350,8
ford,utility police interceptor,8
ford,windstar van,8
ford,crown vic,7
ford,e-150 reefer cargo van,7
ford,e-series chassis e 350 sd,7
ford,e-series chassis e-450 sd,7
ford,e350 15-passenger van,7
ford,e350 bucket van,7
ford,e350 shuttle bus,7
ford,ecosport titanium sport,7
ford,ecosport titanium suv,7
ford,edge se suv,7
ford,edge titanium awd,7
ford,"escape-se, 4wd",7
ford,expedition el xlt 4x4,7
ford,explorer limited suv,7
ford,explorer sport 4x4 gas suv,7
ford,f 250 lariat crew cab,7
ford,f 650,7
ford,"f-150 4wd supercrew 145"" platinum",7
ford,f-150 4x4 super cab,7
ford,f-150 crew cab,7
ford,f-150 super cab xlt,7
ford,f-250 4x4 super duty 5.4l triton v8 ext cab short bed fabtech lift one owner,7
ford,f-250 lariat,7
ford,f-250 platinum crew cab 4wd,7
ford,f-350 sd lariat crew cab 4x,7
ford,f-350 utility truck,7
ford,f-350 xlt 4x4,7
ford,f-350sd xltcrew cab,7
ford,f-750sd,7
ford,f-800,7
ford,f150 pickup,7
ford,f150 supercab 4x4,7
ford,f150 svt raptor,7
ford,f250 crew cab 4x4,7
ford,f250 ext cab 4x4,7
ford,f350 diesel powerstroke xlt,7
ford,f350 diesels power stroke,7
ford,f350 ext cab,7
ford,f350 power stroke platinum,7
ford,f450 12' stake bed,7
ford,f550 4x4 crew cab,7
ford,f550 super duty regular cab & chassis,7
ford,fiesta s sedan,7
ford,fiesta se hatchback,7
ford,focus svt,7
ford,fusion s sedan 4d,7
ford,galaxie 500 convertible,7
ford,lifted f150 lariat 4x4 gas,7
ford,lightning,7
ford,mainline,7
ford,mustang convertible gt,7
ford,mustang gt deluxe,7
ford,raptor,7
ford,super duty f-250 srw xlt,7
ford,super duty f-350 drw laria,7
ford,super duty f-350 srw 4wd la,7
ford,super duty f-350 srw king,7
ford,super duty f-550,7
ford,taurus limited fwd gas auto,7
ford,taurus sel sedan 4d,7
ford,taurus wagon,7
ford,transit 250 van,7
ford,transit passenger wagon,7
ford,transit xlt,7
ford,150,6
ford,bronco 2,6
ford,cmax,6
ford,convertible,6
ford,crown victoria p71,6
ford,e-150 cargo van,6
ford,e250 econoline cargo van,6
ford,e350 12-passenger van,6
ford,e350 box van,6
ford,econoline commercial cutaw,6
ford,ecosport s sport utility 4d,6
ford,edge sel automatic,6
ford,edge sel plus,6
ford,edge sport awd gas suv auto,6
ford,edge sport awd! awd,6
ford,edge titanium sport utility,6
ford,escape s sport utility 4d,6
ford,escape sel awd gas suv auto,6
ford,escape xlt 4wd,6
ford,escort se,6
ford,expedition 4x4,6
ford,expedition king ranch,6
ford,expedition platinum,6
ford,expedition xlt suv,6
ford,f-150 fx4 4wd!crew cab,6
ford,f-150 king ranch 4x4,6
ford,f-150 lariat 4wd!crew cab,6
ford,f-150 super cab xl,6
ford,f-150 supercrew xlt,6
ford,f-150 supercrew xlt 4x4,6
ford,f-150 xl standard cab,6
ford,f-150 xl supercrew,6
ford,f-150 xlt 4wd,6
ford,f-150 xlt fx4crew cab,6
ford,f-150 xlt supercrew 4x4,6
ford,f-250 4wd highboy f250,6
ford,f-250 diesel,6
ford,f-250 stx,6
ford,f-250 super duty xlt 4x4 /,6
ford,f-250 superduty lariat crew roush package 6.7 liter,6
ford,f-250 xlt 4x4,6
ford,f-350 crew cab lariat 4x4 drw,6
ford,f-350 drw lariat,6
ford,f-350 ext cab 6.7 diesel,6
ford,f-350 super dut,6
ford,f-350 super duty platinum lifted diesel on 37's,6
ford,f-450 super duty drw platinum,6
ford,f-550 12' utility truck,6
ford,f150 4x4 lariat,6
ford,f150 4x4 xlt,6
ford,f150 8ft,6
ford,f150 lariat 4wd f-150,6
ford,f150 lariat 4wd f-150 4x4,6
ford,f150 regular cab xl,6
ford,f350 diesel powerstroke,6
ford,f450 4x4,6
ford,f450sd,6
ford,focus zx5,6
ford,freestar semini van,6
ford,fusion se hybrid,6
ford,fusion se w / navigation,6
ford,lcf 450,6
ford,lifted f150 xlt fx4 4x4 gas,6
ford,mustang bullitt,6
ford,mustang gt 5.0,6
ford,mustang premium rwd gas,6
ford,mustang shelby gt500 coupe,6
ford,phaeton,6
ford,pinto,6
ford,ranger fx4,6
ford,super duty f-650,6
ford,super duty f250 srw lariat,6
ford,taurus lx,6
ford,taurus sho awd,6
ford,torino,6
ford,"transit 250 high roof 148"" wb extended extended cargo van",6
ford,transit connect cargo van xl,6
ford,transit t150 xlt van,6
ford,transit t250 cargo,6
ford,transit wagon,6
ford,500 limited,5
ford,aerostar,5
ford,c-max energi sel,5
ford,c-max hybrid sel,5
ford,coe,5
ford,crown vic interceptor,5
ford,dump truck,5
ford,e-250 cargo van,5
ford,e-series cargo van,5
ford,e-series chassis 14 feet box,5
ford,e-series chassis e-350,5
ford,e-series wagon e-350 sd xl,5
ford,e150 conversion van,5
ford,e350 wheelchair van,5
ford,econoline e-350,5
ford,ecosport ses,5
ford,edge limited 4dr crossove,5
ford,edge sel suv,5
ford,edge titanium suv,5
ford,escape 4x4,5
ford,escape awd,5
ford,escape limited 4wd,5
ford,escape se eco boost,5
ford,escape se sport utility,5
ford,escape titanium 4x4,5
ford,escort zx2,5
ford,excursion diesel limited,5
ford,expedition eddie bauer 4wd,5
ford,explorer limited 4x4,5
ford,explorer limited automatic,5
ford,explorer sports trac,5
ford,explorer suv,5
ford,explorer xlt suv,5
ford,f-150 ac,5
ford,f-150 custom,5
ford,f-150 extended cab,5
ford,f-150 lariat automatic,5
ford,f-150 lariat supercrew,5
ford,f-150 platinum crew ecoboost 3.5l,5
ford,f-150 quad cab short box,5
ford,f-150 xl 2dr standard cab,5
ford,f-150 xl automatic,5
ford,f-150 xlt 4wd supercrew 5.5' box,5
ford,f-150 xlt 4wd!extended,5
ford,f-150 xltextended cab,5
ford,f-250 4x4 1-owner 94k ml.**new wheels & tires**6.2l,5
ford,f-250 4x4 lifted,5
ford,f-250 sd king ranch,5
ford,f-250 supercab 4x4,5
ford,f-350 4x4 ex-cab w/ 9' contractor dump,5
ford,f-350 chassis cab,5
ford,f-350 diesel 4x4 7.3l power,5
ford,f-350 drw 4x4,5
ford,f-350 dually crew cab,5
ford,f-350 lariat superduty crew drw 4x4 6.7,5
ford,f-350 lariat ultimate lifted diesel only 49k mles loaded,5
ford,f-350 lifted f350 lariat 6.7l power stroke diesel 4x4,5
ford,f-350 lifted super duty power stroke diesel loaded,5
ford,f-350 super duty diesel,5
ford,f-350 superduty xlt drw 6.7 liter diesel,5
ford,f-450 4x2 truck w/new crysteel 11' contractor dump,5
ford,f-550 4x4 reg cab fire grass truck utility truck,5
ford,f-550 super duty 4x4,5
ford,f-550 xl,5
ford,f150 extended cab,5
ford,f150 fx4 4x4 1/2 ton gas,5
ford,f150 fx4 ecoboost,5
ford,f150 supercrew cab svt,5
ford,f150 xl super cab,5
ford,f250 cng,5
ford,f250 crew,5
ford,f250 crew 4x4,5
ford,f250 diesel pickup truck,5
ford,f250 diesel power stroke,5
ford,f250 extra cab 4x4 diesel,5
ford,f350 crew cab 4x4,5
ford,f350 deisel powerstroke xlt,5
ford,f350 flatbed,5
ford,f350 super duty super cab,5
ford,f350 super duty xlt,5
ford,f350 work truck,5
ford,f350sd,5
ford,f450 deisel powerstroke,5
ford,f450 sd xl,5
ford,f550 sd,5
ford,f750 dump,5
ford,five hundred limited,5
ford,focus sel sedan 4d,5
ford,focus st3,5
ford,focus titanium sedan 4d,5
ford,focus wagon,5
ford,focus zx4 s,5
ford,focus zx4 ses,5
ford,freestyle awd,5
ford,freestyle sel awd,5
ford,fusion 4dr sdn se fwd,5
ford,fusion se awd,5
ford,galaxie 500 xl,5
ford,gran torino,5
ford,l8000,5
ford,lcf,5
ford,lifted f350 diesels lariat,5
ford,lifted f350 power stroke,5
ford,model a tudor,5
ford,mustang gt premium coupe,5
ford,ranger edge 4x4,5
ford,super duty f-250 srw lariat automatic,5
ford,super duty f-450,5
ford,t-bird,5
ford,tarus,5
ford,taurus se sedan 4d,5
ford,transit 350 van,5
ford,transit connect titanium,5
ford,transit connect xl cargo,5
ford,transit connect xlt cargo,5
ford,transit passenger,5
ford,transit t350 hd,5
ford,tudor sedan,5
ford,bronco sport badlands 4x4,4
ford,c max,4
ford,cmax energi,4
ford,contour,4
ford,crown victoria police p71,4
ford,custom 300,4
ford,e-350 high top,4
ford,e-450 delivery box,4
ford,e-450 galvan universal,4
ford,e150 van,4
ford,e250 super duty cargo,4
ford,e350 econoline,4
ford,econoline cargo,4
ford,econoline e450 cutaway,4
ford,econoline van,4
ford,ecosport titanium 4x4,4
ford,edge 4dr se,4
ford,edge awd,4
ford,edge se sport utility 4d,4
ford,edge titanium awd 4dr,4
ford,"edge titanium awd, w/ leather, navigation",4
ford,escape limited 4x4,4
ford,escape limited awd,4
ford,escape s fwd,4
ford,escape se suv,4
ford,escape sel 4x4 gas suv auto,4
ford,escape sel awd,4
ford,escape suv cars,4
ford,escape titanium suv,4
ford,escape xlt v6,4
ford,excursion xlt 2wdsuv,4
ford,expedition limited sport,4
ford,expedition max platinum 4x4,4
ford,explorer eddie bauer 4wd,4
ford,explorer limited awd,4
ford,explorer police,4
ford,explorer sport - loaded,4
ford,"explorer sport awd, w/ navigation",4
ford,explorer sport trac 4x4,4
ford,f 100,4
ford,f 250 lariat fx4,4
ford,f 250 platinum fx4,4
ford,"f-150 4wd supercrew 145"" xlt",4
ford,f-150 4x4 5.0 v8,4
ford,f-150 crew cab xlt 4x4,4
ford,f-150 lariat crew cab shor,4
ford,f-150 supercab xlt 4wd,4
ford,f-150 xl supercrew 5.5-ft. bed 4wd,4
ford,f-150 xl supercrew 6.5-ft. bed 4wd,4
ford,f-150 xlt 4dr supercrew xlt,4
ford,f-150 xlt supercrew 6.5-ft. bed 4wd,4
ford,f-250 4x4 6.8l v10 triton g,4
ford,f-250 4x4 excab,4
ford,f-250 52k ml.1owner 4x4 6.2l new wheels & tires,4
ford,f-250 super cab 7.3l diesel,4
ford,f-250 super duty king ranch,4
ford,f-250 super duty platinum,4
ford,f-250 xl,4
ford,f-250 xl super duty - brand new tires - 6 seater -,4
ford,f-250 xlt 4x4 1-owner 98k ml.new wheels&tires 6.2l,4
ford,f-250sd xlt,4
ford,f-350 4x4 service utility,4
ford,f-350 lariat srw,4
ford,f-350sd xl,4
ford,f-350sd xlt fx4crew cab,4
ford,f-550 cab & chas 4x4 drw snatcher,4
ford,f100 ranger,4
ford,f150 ecoboost,4
ford,f150 lariat crew cab,4
ford,f150 lariat fx4,4
ford,f150 stx 4x4 1/2 ton gas,4
ford,f150 super crew,4
ford,f150 supercab xlt,4
ford,f150 supercrew 4wd,4
ford,f150 supercrew cab 4x4,4
ford,f150 supercrew fx4,4
ford,f150 supercrew stx,4
ford,f150 xlt crew cab,4
ford,f250 crew cab,4
ford,f250 deisel power stroke,4
ford,f250 diesel 4x4 crew cab,4
ford,f250 lariat 4x4,4
ford,f250 service,4
ford,f250 xcab,4
ford,f250 xlt 4x4,4
ford,f250hd,4
ford,f350 4x4 truck,4
ford,f350 crew cab 4x4 flat bed,4
ford,f350 deisel powerstroke 4x4,4
ford,f350 drw,4
ford,f350 lariat 4x4,4
ford,f350 super duty regular ca,4
ford,f350 xlt super duty,4
ford,"f350, xlt",4
ford,f450 box truck,4
ford,f450 dump truck diesel,4
ford,f450 powerstroke lariat,4
ford,f550 dump trcuk,4
ford,f550 superduty xl,4
ford,f7000,4
ford,fiesta se fwd gas sedan,4
ford,fiesta se hatchback 4d,4
ford,fiesta se sedan 4d,4
ford,fiesta st line,4
ford,focus lx,4
ford,focus se automatic,4
ford,focus se fwd gas sedan auto,4
ford,focus se hatch 6-speed automatic,4
ford,focus sel hatchback,4
ford,focus ses coupe,4
ford,focus st hatch,4
ford,focus st2,4
ford,focus ztw,4
ford,focus zx4 se,4
ford,freestar van,4
ford,fusion hybrid se hybrid,4
ford,fusion plug-in hybrid,4
ford,fusion se fwd gas sedan,4
ford,fusion se sdn,4
ford,fusion sport awd,4
ford,galaxy 500,4
ford,lifted f250 powerstroke,4
ford,mustang cobra svt,4
ford,mustang gt 2dr fastback,4
ford,mustang lx 5.0 convertible,4
ford,mustang sn95 4th gen.,4
ford,other,4
ford,ranger supercab edge,4
ford,ranger supercab xlt,4
ford,ranger xl 4x2,4
ford,shelby gt500,4
ford,street rod,4
ford,super deluxe,4
ford,t-350 hd,4
ford,taurus sel 4dr sedan,4
ford,tempo,4
ford,transit ada wheelchair van,4
ford,transit cargo cargo 250,4
ford,transit cargo van base,4
ford,"transit connect 114.6"" xl w/o side or rear door glass",4
ford,transit connect cargo xl cargo,4
ford,transit passenger 350 xl,4
ford,transit t-150,4
ford,transit t150 cargo van,4
ford,windstar sel,4
ford,xlt f-350 diesel 4x4,4
ford,.. ect.,3
ford,2011 f-450 4x4 crew cab in-closed utility,3
ford,2018 f-250 4x4 crew-cab flatbed truck,3
ford,2dr sedan,3
ford,3500,3
ford,5 window coupe,3
ford,750,3
ford,aero max l9000,3
ford,aerostar van,3
ford,box truck,3
ford,bronco 4x4,3
ford,bronco xlt 4x4,3
ford,cabriolet,3
ford,cargo van,3
ford,cf8000,3
ford,commercial chassis,3
ford,diesel chasis,3
ford,e-350 econoline,3
ford,e-350 knapheide kuv,3
ford,e-series,3
ford,e-series cargo e 250 3dr,3
ford,e-series van e-150,3
ford,e-series wagon,3
ford,e250 super duty,3
ford,e350 12' box truck,3
ford,e350 econoline cargo,3
ford,e350 sd extended cargo van,3
ford,e350 super duty cargo van 3d,3
ford,e350 super duty van,3
ford,e450 step van,3
ford,eacape,3
ford,econoline 150,3
ford,ecosport s,3
ford,"edge **awd , sunroof,",3
ford,edge 4dr limited awd,3
ford,edge titanium awd gas suv,3
ford,escape 4wd 4dr se,3
ford,escape hybrid limited,3
ford,escape limited hybrid 4wd,3
ford,escape sport,3
ford,escape xlt premium 4wd,3
ford,escape xltsuv,3
ford,escort lx,3
ford,escort lx sedan,3
ford,etc,3
ford,excursion xlt 4x4,3
ford,expedition el king ranch,3
ford,expedition el limited 4wd,3
ford,expedition king ranch 4wd,3
ford,expedition max xlt,3
ford,expedition xl 4x4,3
ford,expedition xlt 4x4suv,3
ford,expedition xlt automatic,3
ford,explorer 4wd 4dr xlt,3
ford,explorer awd,3
ford,explorer eddie bauer leathe,3
ford,explorer platinum awd,3
ford,explorer sport 4x4,3
ford,explorer sport automatic,3
ford,explorer sport suv 4d,3
ford,"explorer sport trac 4dr 126"" wb 4wd xlt premium",3
ford,explorer sport trac xlt 4x4,3
ford,explorer st,3
ford,explorer xls 4x4,3
ford,explorer xlt 4dr xlt,3
ford,f 350sd,3
ford,f 750,3
ford,f super duty,3
ford,f-150 4wd supercrew,3
ford,f-150 4wd supercrew 145 xlt,3
ford,f-150 4x4 supercab,3
ford,f-150 extended cab 4x4,3
ford,f-150 f150,3
ford,"f-150 fx4 | 4x4, extra",3
ford,f-150 king ranch supercrew,3
ford,"f-150 king ranch,$575.25 month, $2500 down, 2.9% apr, 72 $575.25 month, $2500 down, 2.9% apr, 72 months, oac,",3
ford,f-150 lariat crew cab,3
ford,f-150 lariat supercrew 5.,3
ford,"f-150 lariat, lifted, 4x4 lariat, lifted, 4x4",3
ford,f-150 limited 4x4,3
ford,f-150 platinum super crew,3
ford,f-150 raptor 4wd!crew cab,3
ford,f-150 stx 4x2supercrew,3
ford,f-150 stx 4x4,3
ford,f-150 super crew,3
ford,"f-150 supercrew 139"" lariat 4wd",3
ford,f-150 supercrew 4wd,3
ford,f-150 supercrew lariat,3
ford,f-150 supercrew platinum 4x,3
ford,f-150 svt raptor 4x4 4dr su,3
ford,f-150 truck 4x4,3
ford,f-150 xl 4x4 2dr regular,3
ford,f-150 xlt fx4,3
ford,f-150 xlt lariat,3
ford,f-150 xlt off-,3
ford,f-150 xlt rwd,3
ford,f-150 xlt supercrew 4wd,3
ford,f-250 4wd 1owner clean cheap truck,3
ford,f-250 4wd one owner very clean truck,3
ford,f-250 4x2 reg cab service utility truck,3
ford,f-250 4x2 service utility truck,3
ford,f-250 4x4 service utility truck,3
ford,f-250 king ranch f250,3
ford,f-250 sd lariat,3
ford,f-250 super duty 4x4 6.8l v,3
ford,f-250 super duty xlt 1owner new tires well maint 6.2l,3
ford,f-250 superduty,3
ford,"f-250 utility super duty xl, heavy duty ladder rack!!",3
ford,f-250 xl regular cab,3
ford,f-250 xl supercab 4wd,3
ford,f-250sd lariat,3
ford,f-350 4wd drw 1owner rust free tx truck,3
ford,f-350 crane,3
ford,f-350 crew cab xlt 4x4,3
ford,f-350 sd xlt 4x4 dually cre,3
ford,f-350 super duty lariat 4x4,3
ford,f-350 super duty xl xl 4dr crew cab,3
ford,f-350 xl cab & chassis,3
ford,f-350 xlt power stroke,3
ford,f-350sd platinum fx4crew,3
ford,f-450 4x4 flatbed truck,3
ford,f-450 4x4 reg cab w/9' contractor dump,3
ford,f-450 crew cab xl 4x2 dump bed drw,3
ford,f-450 diesel - contractor body - utility box 6.0 bulletproof - low low miles,3
ford,f-450 dually lariat,3
ford,f-450 super duty 4x4,3
ford,f-550 11' utility truck,3
ford,f-550 4x2 ext-cab w/new 9' contractor dump,3
ford,f-550 4x2 reg cab new 9' crysteel contractor dump,3
ford,f-550 bucket truck,3
ford,f-640 dump,3
ford,f-650sd,3
ford,f-750 bucket truck,3
ford,f150 fx2,3
ford,f150 fx4 off road,3
ford,f150 lariat fx4 4x4 gas,3
ford,f150 lariat fx4 supercrew,3
ford,f150 limited 4wd,3
ford,f150 super cab 4x4,3
ford,f150 super crew 4x4 xlt,3
ford,f150 supercrew cab stx,3
ford,f150 supercrew fx4 4x4,3
ford,f150 supercrew king ranch,3
ford,f150 supercrew lariat,3
ford,f150 supercrew lariat 4x4,3
ford,f150 svt lightning,3
ford,f150 sxt,3
ford,f150 xlt 4x4 supercrew,3
ford,f150 xlt crew cab 4x4,3
ford,f150 xlt f-150,3
ford,f150 xlt lariat,3
ford,f150 xlt pickup,3
ford,f150 xlt supercab,3
ford,f150 xlt supercab styleside,3
ford,f150xl,3
ford,f250 4x4 diesel,3
ford,f250 7.3 diesel,3
ford,f250 camper special,3
ford,f250 deisel powerstroke 4x4,3
ford,f250 diesel powerstroke fx4,3
ford,f250 diesels power stroke,3
ford,f250 power stroke lariat,3
ford,f250 powerstroke diesel,3
ford,f250 ranger,3
ford,f250 super duty 6.2l,3
ford,f250 super duty crew,3
ford,f250 supercrew,3
ford,f250 turbo diesel,3
ford,f250 xlt 4x4 3/4 ton gas,3
ford,f250 xlt super duty,3
ford,f350 4 wd dull/4dr,3
ford,f350 4x4 diesel,3
ford,f350 7.3l diesel 4x4 crew,3
ford,f350 altec 35ft bucket,3
ford,f350 diesel dually,3
ford,f350 f250,3
ford,f350 lariat 4x4 diesel,3
ford,f350 super duty crew cab x,3
ford,f350 super duty drw,3
ford,f350 super duty lariat 4x4,3
ford,f350 super duty platinum,3
ford,f350 superduty,3
ford,f350 xl super duty,3
ford,f450 10' contactor utility,3
ford,f450 diesel power stroke,3
ford,f450 diesel powerstroke fx4,3
ford,f450 power stroke lariat,3
ford,f450 super duty crew cab & chassis,3
ford,f550 utility bucket truck,3
ford,f800 flatbed stakebed truck,3
ford,falcon sprint,3
ford,falcon wagon,3
ford,fiesta se automatic,3
ford,fiesta se sedan,3
ford,fiesta ses hatchback,3
ford,flex limited sport,3
ford,flex platinum,3
ford,flex sel 3.5l awd suv,3
ford,focus only 49k miles,3
ford,focus se wagon,3
ford,focus se!,3
ford,focus sedan,3
ford,focus sel hatchback 4d,3
ford,focus sesedan,3
ford,focus st turbo,3
ford,focus wagon se,3
ford,focus wagon zxw,3
ford,focus zx5 s,3
ford,freestar se,3
ford,freestar wagon,3
ford,freestyle 7 passenger,3
ford,fusion sel 2.5l,3
ford,fusion sel awd,3
ford,galaxie skyliner,3
ford,galaxy,3
ford,galaxy ltd,3
ford,lifted f150 fx4 4x4 1/2 ton,3
ford,lifted f150 svt raptor 4x4,3
ford,lifted f250 diesel lariat,3
ford,lifted f250 power stroke,3
ford,lifted f350 diesels xlt 4x4,3
ford,model a roadster,3
ford,model b,3
ford,mustang asc mclaren,3
ford,mustang bullitt coupe 2d,3
ford,mustang gt 2dr convertible,3
ford,mustang lx,3
ford,mustang lx 5.0,3
ford,mustang premium coupe,3
ford,mustang saleen,3
ford,mustang shelby,3
ford,mustang v6 deluxe,3
ford,panel,3
ford,panel truck,3
ford,ranchero 500,3
ford,ranger lariat,3
ford,ranger xlt truck,3
ford,roadster pickup,3
ford,sedan police interceptor,3
ford,sort trac,3
ford,sterling l7500,3
ford,super duty f-250 6.2,3
ford,super duty f-250 srw lariat,3
ford,super duty f-250 xl,3
ford,super duty f-350 6.2,3
ford,super duty f-350 drw pickup,3
ford,super duty f-350 drw xl ut,3
ford,super duty f-450 drw laria,3
ford,taurus limited 4dr sedan,3
ford,taurus se w/ dual power seats,3
ford,taurus sel awd gas sedan,3
ford,tbird turbo coupe,3
ford,thunderbird premium,3
ford,thunderbird sc,3
ford,thunderbird turbo coupe,3
ford,torino gt convertible,3
ford,transit 150 cargo,3
ford,transit 150 xlt,3
ford,"transit 250 high roof 148"" wb extended cargo van",3
ford,transit 350 cargo,3
ford,transit 350 wagon med. roof xlt w/sliding pass. 14,3
ford,transit 350hd,3
ford,transit 350hd box van,3
ford,transit connect lwb cargo,3
ford,transit passenger 350 xlt,3
ford,transit t250 van,3
ford,transit t350 xlt,3
ford,transit-150,3
ford,transit-250 base cargo,3
ford,vicky,3
ford,windstar se,3
freightliner,freightliner m2,129
freightliner,freightliner cascadia,63
freightliner,freightliner m2 106 medium duty,53
freightliner,freightliner m2 106,52
freightliner,freightliner,43
freightliner,freightliner m line walk-in van,20
freightliner,freightliner m-line walk-in van,19
freightliner,freightliner fl70,18
freightliner,freightliner thomas,17
freightliner,freightliner business class m2,14
freightliner,freightliner fl-80 dump truck 5.9 cummins,13
freightliner,freightliner sprinter,13
freightliner,freightliner cascadia daycab,11
freightliner,freightliner century,9
freightliner,freightliner columbia,9
freightliner,freightliner fl60,8
freightliner,freightliner sprinter 2500,7
freightliner,freightliner mt45,6
freightliner,freightliner mt45 chassis,6
freightliner,freightliner m2 106 plow/ dump with sander,5
freightliner,freightliner mt45 step van,5
freightliner,freightliner sprinter 3500,5
freightliner,freightliner classic xl,4
freightliner,freightliner m2 tandem,4
freightliner,freightliner sprinter cargo van,4
freightliner,freightliner 12 foot stepvan,3
freightliner,freightliner argosy,3
freightliner,freightliner cascadia 125,3
freightliner,freightliner cascadia evolution,3
freightliner,freightliner classic,3
freightliner,freightliner coronado,3
freightliner,freightliner coronado sd 122,3
freightliner,freightliner f650 kodiak,3
freightliner,freightliner fl80,3
freightliner,freightliner m-2 knuckle boom truck,3
freightliner,freightliner m2 bucket truck,3
freightliner,freightliner m2 service utility truck,3
freightliner,freightliner m2-106 sportchassis,3
freightliner,freightliner m2106,3
freightliner,freightliner step van,3
genesis,genesis g80 3.8 sedan 4d,164
genesis,genesis g70 2.0t sedan 4d,131
genesis,genesis g70 3.3t advanced sedan,102
genesis,genesis g70 3.3t dynamic edition,81
genesis,genesis g70 2.0t advanced sedan,73
genesis,genesis g80,34
genesis,genesis g70 3.3t sedan 4d,29
genesis,genesis g80 5.0 sedan 4d,13
genesis,genesis g70,9
genesis,genesis g90 5.0 ultimate sedan,9
genesis,genesis g90 3.3t premium sedan,8
genesis,genesis g70 3.3t design edition,5
genesis,genesis g80 3.8l,5
genesis,genesis g90,5
gmc,sierra 1500,1404
gmc,sierra,1178
gmc,acadia,855
gmc,sierra 2500hd,786
gmc,yukon,767
gmc,terrain,713
gmc,yukon xl,443
gmc,sierra 1500 regular cab,338
gmc,sierra 1500 extended cab slt,260
gmc,yukon denali,243
gmc,sierra 1500 double cab sle,230
gmc,sierra 1500 crew cab slt,229
gmc,sierra 3500hd,215
gmc,envoy,203
gmc,sierra 2500 hd double cab,181
gmc,sierra 1500 double cab,168
gmc,sierra 2500 hd extended cab,165
gmc,sierra 1500 limited double,160
gmc,sierra 1500 slt,160
gmc,yukon slt sport utility 4d,152
gmc,canyon,139
gmc,acadia sle-2 sport utility,132
gmc,yukon slt,116
gmc,yukon xl denali,110
gmc,canyon crew cab sle pickup,106
gmc,savana,101
gmc,sierra 1500 crew cab sle,90
gmc,sierra 1500 sle,89
gmc,acadia slt,83
gmc,terrain sle,75
gmc,sierra 2500,71
gmc,savana cargo van,69
gmc,acadia denali,66
gmc,acadia sle-1 sport utility,63
gmc,sierra 1500 regular cab work,63
gmc,2500,62
gmc,savana 2500,62
gmc,sierra 2500hd denali,62
gmc,sonoma,62
gmc,sierra 1500 crew cab,61
gmc,sierra 1500 denali,61
gmc,terrain slt,60
gmc,sierra 2500hd available wifi,55
gmc,sierra 3500,51
gmc,terrain sle sport utility 4d,51
gmc,"gmc, ford, freightliner & more",50
gmc,savana commercial cutaway,50
gmc,yukon xl 1500 denali sport,46
gmc,yukon xl slt,46
gmc,sierra 2500 hd crew cab,44
gmc,acadia slt-2 sport utility,43
gmc,canyon extended cab pickup,42
gmc,c7500,40
gmc,sierra 2500 slt,36
gmc,sierra diesel duramax 3500,36
gmc,sierra 1500 denali 4x4 gas,35
gmc,acadia slt sport utility 4d,34
gmc,c5500,34
gmc,savana cargo,32
gmc,suburban,31
gmc,envoy xl,29
gmc,sierra 1500 double cab slt,29
gmc,tc5500,29
gmc,acadia slt-1,28
gmc,canyon extended cab sle,28
gmc,sierra 2500hd sle,28
gmc,yukon denali xl,28
gmc,acadia sle,27
gmc,savana 3500,27
gmc,sierra 2500hd slt,27
gmc,topkick,26
gmc,jimmy,25
gmc,acadia denali sport utility,24
gmc,sierra 3500hd denali,24
gmc,sierra denali,24
gmc,sierra 1500 extended cab sle,23
gmc,sierra 3500 denali,23
gmc,envoy denali,22
gmc,sierra 2500 hd,22
gmc,acadia slt-1 sport utility,21
gmc,acadia slt-2,21
gmc,terrain sle-1,21
gmc,3500,20
gmc,envoy sle,20
gmc,safari,20
gmc,sierra slt,20
gmc,terrain denali,20
gmc,yukon denali awd,20
gmc,acadia sle awd,19
gmc,envoy slt,19
gmc,savana cutaway,19
gmc,sierra 1500 sle 4x4,19
gmc,sierra 3500hd sle,19
gmc,sonoma sls,19
gmc,yukon xl 1500,19
gmc,1500,18
gmc,acadia awd,18
gmc,terrain sle-2,18
gmc,yukon denali sport utility,18
gmc,denali,17
gmc,sierra diesels duramax 3500,17
gmc,sierra duramax 3500 hd 4x4,17
gmc,terrain slt awd,17
gmc,terrain slt awd gas suv auto,17
gmc,yukon sle,17
gmc,acadia sle sport utility 4d,16
gmc,c4500,16
gmc,c8500,16
gmc,sierra 2500 denali,16
gmc,sierra diesel durmax 3500 hd,16
gmc,w4500,16
gmc,4500,15
gmc,savana passenger,15
gmc,sierra 1500 at4 4x4 1/2 ton,15
gmc,sierra 1500 crew 4x4,15
gmc,sierra denali 4x4 crew,15
gmc,yukon denali 4x4 gas suv,15
gmc,yukon slt 4x4,15
gmc,sierra 2500 lifted denali 6.6 duramax crew cab,14
gmc,sierra 3500 duramax,14
gmc,acadia denali awd,13
gmc,acadia limited,13
gmc,canyon regular cab,13
gmc,envoy slt 4x4,13
gmc,sierra 1500 4wd,13
gmc,sierra 1500 elevation 4x4,13
gmc,sierra 3500 slt,13
gmc,sierra sle,13
gmc,suburban 2500,13
gmc,1500 suburban,12
gmc,sierra 1500 4x4,12
gmc,sierra 1500 at4,12
gmc,sierra 1500 extended cab,12
gmc,sierra 2500hd 4x4,12
gmc,sierra at4,12
gmc,1500 sierra,11
gmc,2500 savana cargo,11
gmc,acadia limited sport utility,11
gmc,sierra 1500 sle z71,11
gmc,sierra 3500hd cc,11
gmc,sierra sle crew cab short b,11
gmc,terrain sle-1 awd! awd,11
gmc,terrain sle-2 awd,11
gmc,acadia slt awd,10
gmc,c5500 24 foot flatbed 8.1l gas,10
gmc,c6500,10
gmc,pickup,10
gmc,savana g2500,10
gmc,sierra 1500 all terrain 4x4,10
gmc,sierra 1500 slt 4x4,10
gmc,sierra 1500 slt 4x4 1/2 ton,10
gmc,sierra 3500 hd crew cab,10
gmc,starcraft,10
gmc,yukon hybrid,10
gmc,yukon xl denali awd,10
gmc,2500 hd,9
gmc,acadia sle-2,9
gmc,c5500 topkick,9
gmc,c8500 tandem dump truck,9
gmc,canyon crew cab slt pickup,9
gmc,canyon sle,9
gmc,savana g3500,9
gmc,sierra 1500 sltextended,9
gmc,sierra 3500 sle,9
gmc,sierra diesel duramax 2500,9
gmc,terrain sle-1 sport utility,9
gmc,terrain slt-1,9
gmc,terrain slt-2,9
gmc,truck,9
gmc,vandura 3500,9
gmc,yukon 4x4,9
gmc,2wd,8
gmc,acadia - new tires - third row seat - 8 seater -,8
gmc,c7500 dump truck,8
gmc,canyon crew cab pickup 4d 5,8
gmc,lifted sierra diesel duramax,8
gmc,savana 2500 cargo,8
gmc,sierra 1500 4x4 half ton gas,8
gmc,sierra 3500 hd,8
gmc,sierra hd,8
gmc,vandura 2500,8
gmc,yukon 1500 slt - 4wd - new tires - rear camera -,8
gmc,yukon sle sport utility 4d,8
gmc,yukon xl denali 4x4,8
gmc,yukon xl slt 4x4,8
gmc,6500,7
gmc,box truck,7
gmc,canyon denali,7
gmc,envoy 4x4,7
gmc,envoy xuv,7
gmc,sierra 1500 at4 4x4 half ton,7
gmc,sierra 1500 base,7
gmc,sierra 1500 sle 4x4 half ton,7
gmc,sierra 1500 slt 4x4 half ton,7
gmc,sierra 2500hd classic,7
gmc,sierra 3500 crew-cab dually,7
gmc,sierra diesel durmax 2500,7
gmc,sierra diesel durmax 3500,7
gmc,sierra diesels duramax 2500,7
gmc,sierra duramax 3500 denali,7
gmc,sierra duramax 3500 hd slt,7
gmc,sierra durmax 3500 hd 4x4,7
gmc,sierra sle 3500,7
gmc,yukon xl denali 2wd 4dr 1500,7
gmc,2500hd,6
gmc,acadia sle-1,6
gmc,brigadier,6
gmc,c1500,6
gmc,caballero,6
gmc,canyon crew cab,6
gmc,canyon sle crew cab short b,6
gmc,canyon slt,6
gmc,envoy 4x4 xuv 5.3l v8 slt loaded low miles one owner,6
gmc,envoy sle 4wd,6
gmc,jimmy sle,6
gmc,lifted sierra durmax 3500,6
gmc,savana cargo 2500 3dr,6
gmc,sierra 1500 4wd crew cab 143,6
gmc,sierra 1500 4x4 1/2 ton gas,6
gmc,sierra 1500 crew cab denali,6
gmc,sierra 1500 sle 4x4 1/2 ton,6
gmc,sierra 1500 z71,6
gmc,sierra deisel duramax 2500,6
gmc,sierra deisel duramax 3500,6
gmc,sierra diesels durmax 3500,6
gmc,sonoma sl,6
gmc,suburban 1500,6
gmc,terrain sle awd,6
gmc,top kick,6
gmc,yukon xl slt 1500,6
gmc,1500 yukon slt,5
gmc,3500hd,5
gmc,acadia slt1,5
gmc,c5500 bucket truck,5
gmc,canyon crew cab sle all,5
gmc,canyon denali 4x4 4dr crew c,5
gmc,canyon sle1,5
gmc,canyon slt 4x4 1/4 ton gas,5
gmc,denali 2500hd diesel sierra,5
gmc,jimmy slt,5
gmc,lifted sierra deisel duramax,5
gmc,safari passenger,5
gmc,savana 2500 cargo van,5
gmc,sierra 1500 classic,5
gmc,sierra 1500 crew cab sl,5
gmc,sierra 1500 sl,5
gmc,sierra 1500 sle double cab,5
gmc,sierra 1500 sle/z71 monster,5
gmc,sierra 1500 slt 4 wd,5
gmc,sierra 1500 sltcrew cab,5
gmc,sierra 1500 x31 4x4 half ton,5
gmc,sierra 2500 4wd,5
gmc,sierra 2500 hd all terrain,5
gmc,sierra 2500 lifted denali diesel bds fully loaded,5
gmc,sierra 2500 lifted denali diesel mlti view headsup power roof,5
gmc,sierra 3500 lifted diesel 3500hd denali on 37s loaded 7k miles,5
gmc,sierra denali 1500,5
gmc,sierra diesel durmax 2500 hd,5
gmc,sierra duramax 3500 hd all,5
gmc,sierra sle z71 4x4,5
gmc,terrain denali awd,5
gmc,terrain slt sport utility 4d,5
gmc,yukon slt 4x4 gas suv auto,5
gmc,yukon slt2 4wd v8,5
gmc,yukon xl 2500,5
gmc,acadia awd 4dr sle w/sle-2,4
gmc,acadia awd 4dr slt w/slt-2,4
gmc,acadia fwd 4dr sle,4
gmc,arcadia,4
gmc,c10,4
gmc,envoy new sticker,4
gmc,kodiak 5500,4
gmc,lifted sierra duramax 2500,4
gmc,new sierra 1500,4
gmc,savanna,4
gmc,"sierra 1500 4wd crew cab 143.5"" slt",4
gmc,sierra 1500 crew denali,4
gmc,"sierra 1500 ext cab 143.5"" wb 4wd slt",4
gmc,sierra 1500 ext cab sle,4
gmc,sierra 1500 sle z71 4x4,4
gmc,sierra 1500 slt x31 4x4 gas,4
gmc,sierra 1500 x31 4x4 1/2 ton,4
gmc,sierra 2500 hd denali,4
gmc,sierra 3500 all terrain,4
gmc,sierra 3500hd slt,4
gmc,sierra 4x4,4
gmc,sierra deisel durmax 2500,4
gmc,sierra deisel durmax 3500 hd,4
gmc,sierra duramax 2500 hd 4x4,4
gmc,sierra duramax 3500 hd at4,4
gmc,sierra durmax 3500 denali,4
gmc,sierra grande,4
gmc,sierra k1500,4
gmc,sierra sle 4x4,4
gmc,sierra z71,4
gmc,terrain awd,4
gmc,vandura,4
gmc,yukon 4wd 4dr 1500 sle,4
gmc,1 1/2 ton,3
gmc,1500 slt crew cab,3
gmc,1500 yukon denali xl,3
gmc,2500 4x4,3
gmc,7000,3
gmc,7500,3
gmc,acadia all terrain,3
gmc,acadia awd 4dr slt1,3
gmc,acadia awdsle1,3
gmc,acadia fwddenali,3
gmc,acadia fwdsle1,3
gmc,acadia fwdslt w/slt-1,3
gmc,acadia slt2,3
gmc,c6,3
gmc,c7000,3
gmc,canyon 4wd sle,3
gmc,canyon durmax slt 4x4 truck,3
gmc,canyon regular cab work,3
gmc,canyon sle crew 4x4,3
gmc,cargo van,3
gmc,custom,3
gmc,envoy xl 4x4,3
gmc,g3500 12' box truck,3
gmc,jimmy 4x4,3
gmc,k1500,3
gmc,lifted sierra 1500 sle x31,3
gmc,lifted sierra 1500 slt 4x4,3
gmc,lifted sierra diesels durmax,3
gmc,lifted sierra duramax 3500,3
gmc,lifted sierra durmax 2500,3
gmc,savana 2500 cargo van 3d,3
gmc,savana 3500 box truck,3
gmc,savana 3500 cargo van,3
gmc,savanna 3500,3
gmc,sierra 1500 *4x4 sle *4dr *crew cab 5.8 ft sb clean carfax *local *truck,3
gmc,sierra 1500 sl extended,3
gmc,sierra 1500 sle 4wd,3
gmc,sierra 1500 slt z71,3
gmc,sierra 2500 hd crew,3
gmc,sierra 2500 sle,3
gmc,sierra 2500hd denalicrew,3
gmc,sierra 2500hd lbz duramax,3
gmc,sierra 3500 denali lifted diesel moon roof nav camera cooled,3
gmc,sierra 3500 hd slt duramax d,3
gmc,sierra 3500hd 4x4 reg cab long box pickup,3
gmc,"sierra 3500hd cc one owner, service work truck, 12ft flatbed!",3
gmc,sierra 3500hd sle 4x4 4dr cr,3
gmc,sierra c2500,3
gmc,sierra duramax 2500 denali,3
gmc,sierra durmax 2500 hd 4x4,3
gmc,sierra durmax 2500 hd slt,3
gmc,sierra durmax 3500 hd all,3
gmc,sierra durmax 3500 hd slt,3
gmc,sierra ex cab 1500,3
gmc,sierra ext cab 4wd,3
gmc,sierra ext cab z-71 4wd,3
gmc,sierra slt crew cab short b,3
gmc,sonoma sls ext cab,3
gmc,tc8500,3
gmc,terrain sle2,3
gmc,terrain slt 4wd,3
gmc,van,3
gmc,w4,3
gmc,yukon 1500 slt 4x4 1/2 ton,3
gmc,yukon denali xl awd,3
gmc,yukon sle suv,3
gmc,yukon xl 1500 3rd row seat,3
gmc,yukon xl slt 1500 4x4suv,3
gmc,yukon xl slt 4x4 gas suv,3
harley-davidson,davidson,50
harley-davidson,davidson fltru / road gli,5
harley-davidson,davidson electra glide ul,4
harley-davidson,davidson flhtc / electra,3
harley-davidson,davidson heritage classi,3
harley-davidson,davidson road king,3
harley-davidson,davidson rwd,3
harley-davidson,davidson sportster 1200 c,3
harley-davidson,davidson v-rod muscle,3
hino,hino 268,71
hino,hino 338,16
hino,hino 195,14
hino,hino 268a,12
hino,hino 258,7
hino,hino 258lp,5
hino,hino,4
hino,hino 165,3
hino,hino 185,3
hino,hino 268 reefer box truck,3
honda,accord,2634
honda,civic,2504
honda,cr-v,1684
honda,odyssey,1415
honda,pilot,998
honda,civic lx,467
honda,fit,446
honda,civic ex,322
honda,accord ex-l,289
honda,accord lx,273
honda,accord ex,268
honda,crv,234
honda,element,204
honda,odyssey ex-l,203
honda,ridgeline,194
honda,civic si coupe 2d,182
honda,cr-v ex-l,153
honda,pilot ex-l,151
honda,hr-v,150
honda,cr-v ex,146
honda,accord sdn,134
honda,accord sedan,133
honda,civic sedan,130
honda,civic si sedan 4d,128
honda,ridgeline sport pickup 4d,127
honda,civic si,115
honda,civic lx coupe 2d,114
honda,accord sport,100
honda,civic hybrid,97
honda,civic type r touring,97
honda,odyssey ex,92
honda,fit sport hatchback 4d,91
honda,civic sdn,88
honda,fit sport,86
honda,odyssey exl,84
honda,crosstour ex-l sport,82
honda,civic ex sedan 4d,81
honda,civic lx sedan 4d,78
honda,cr-v lx,73
honda,crv ex,73
honda,accord lx sedan 4d,64
honda,civic coupe,60
honda,odyssey touring,52
honda,ridgeline rtl,51
honda,civic lx sedan,50
honda,crosstour,48
honda,pilot ex,46
honda,accord coupe,42
honda,civic sport touring,40
honda,pilot touring,40
honda,accord ex-l sedan 4d,39
honda,accord se,39
honda,crv ex awd,39
honda,crv ex-l,39
honda,ridgeline rtl pickup 4d 5,39
honda,civic ex-l,38
honda,pilot ex-l sport utility,38
honda,accord sport sedan 4d,37
honda,insight,35
honda,pilot ex-l 4wd,35
honda,civic hatchback,34
honda,cr-v ex sport utility 4d,34
honda,odyssey ex-l minivan 4d,34
honda,passport sport suv 4d,32
honda,accord exl,31
honda,accord 4-door sedan,30
honda,element ex,30
honda,insight touring sedan 4d,30
honda,passport,30
honda,accord crosstour,28
honda,accord touring sedan 4d,28
honda,crv lx,28
honda,element ex awd,28
honda,fit sport hatchback,27
honda,accord ex-l v6,26
honda,pilot exl,26
honda,acty,25
honda,insight hybrid,25
honda,prelude,25
honda,ridgeline rtl-t pickup 4d,25
honda,s2000,25
honda,accord ex-l coupe 2d,24
honda,cr-z,24
honda,crv lx awd,24
honda,odyssey touring elite,24
honda,accord touring,23
honda,civic exl,23
honda,crv ex-l awd,23
honda,accord hybrid,22
honda,cr-v ex-l sport utility 4d,22
honda,odyssey lx,22
honda,civic coupe ex,21
honda,pilot lx sport utility 4d,21
honda,accord sedan lx,20
honda,civic cpe,20
honda,civic dx,20
honda,civic ex coupe,20
honda,civic ex sedan,20
honda,crv awd,20
honda,accord cpe,19
honda,accord ex v6,19
honda,accord lx sedan,18
honda,accord lx-p,18
honda,civic sedan lx,18
honda,civic si coupe,18
honda,fit lx hatchback 4d,18
honda,civic sport,17
honda,cr-v ex awd,17
honda,fit lx,17
honda,clarity plug-in hybrid,16
honda,cr-v lx sport utility 4d,16
honda,hrv,16
honda,ridgeline rtl 4wd,16
honda,accord ex w/honda sensing,15
honda,accord sport se,15
honda,cr-v ex-l awd,15
honda,insight hybrid ex,15
honda,accord sedan sport,14
honda,civic touring sedan 4d,14
honda,hr-v sport suv 4d,14
honda,insight ex sedan 4d,14
honda,pilot elite,14
honda,pilot touring awd,14
honda,accord hybrid sedan 4d,13
honda,civic lx coupe,13
honda,fit ex,13
honda,odyssey 5dr ex-l,13
honda,pilot lx,13
honda,accord ex coupe,12
honda,accord ex-l coupe,12
honda,accord sport se sedan 4d,12
honda,beat,12
honda,cr-v se awd,12
honda,cr-z ex,12
honda,element ex sport utility,12
honda,fit hatchback 4d,12
honda,odyssey ex-l w/dvd w/navi,12
honda,pilot ex 4wd,12
honda,pilot touring sport,12
honda,ridgeline rtl-e pickup 4d,12
honda,accord hybrid touring,11
honda,cr-v ex-l w/navigation,11
honda,cr-v touring sport utility,11
honda,odyssey ex-l w/ dvd,11
honda,accord crosstour ex-l,10
honda,accord lx-s,10
honda,accord sedan sport 1.5t,10
honda,civic coupe lx,10
honda,civic ex-t,10
honda,civic natural gas sedan 4d,10
honda,civic type r,10
honda,crv all wheel drive lx,10
honda,crv exl,10
honda,hr-v ex,10
honda,prelude si,10
honda,accord 2-door coupe,9
honda,accord ex sedan,9
honda,accord exl v6,9
honda,civic si sedan,9
honda,civic sport hatchback,9
honda,civic sport hatchback 4d,9
honda,cr-z ex coupe 2d,9
honda,crv exl 4wd,9
honda,crz,9
honda,fit ex hatchback 4d,9
honda,fit ex-l hatchback 4d,9
honda,fit hatchback,9
honda,passport ex-l sport,9
honda,pilot exl 4wd,9
honda,accord cpe ex,8
honda,civic lx sedan cvt,8
honda,civic sedan ex,8
honda,cr v,8
honda,crv lx local trade,8
honda,del sol,8
honda,insight ex,8
honda,oddysey,8
honda,"pilot ex-l awd, 3rd row seating",8
honda,pilot touring 4wd,8
honda,ridgeline black edition,8
honda,accord ex sedan 4d,7
honda,accord lx special,7
honda,accord lxsedan cvt,7
honda,accord sedan ex,7
honda,civic ex-l sedan 4d,7
honda,civic sedan touring,7
honda,clarity,7
honda,cr-v ex l w/navi 4dr suv,7
honda,cr-v se sport utility 4d,7
honda,crv ex 4wd,7
honda,element sc,7
honda,fit sport automatic,7
honda,odyssey ex-l w/dvd,7
honda,passport elite sport,7
honda,pilot awd,7
honda,ridgeline rt,7
honda,ridgeline rtl 4x4,7
honda,ridgeline rtl-e crew cab,7
honda,s2000 convertible 6 speed,7
honda,accord ex v-6,6
honda,accord lx cvt,6
honda,accord lxp,6
honda,accord sdn lx,6
honda,accord se 4dr sedan,6
honda,accord sport 1.5t,6
honda,civic ex fwd gas sedan,6
honda,civic lx-s,6
honda,civic sdn lx,6
honda,cr-v awd,6
honda,cr-v ex-l sport utility,6
honda,cr-v lx 4wd,6
honda,cr-v touring,6
honda,crv touring suv,6
honda,fit ex-l w/navigation,6
honda,odyssey ex lmini van,6
honda,pilot ex-l 4x4,6
honda,pilot ex-l awd,6
honda,accord crosstour ex-l awd,5
honda,accord lx-p sedan at,5
honda,accord sedan ex-l,5
honda,accord sport 2.0t,5
honda,accord sport special fwd,5
honda,accord touring v6,5
honda,civic del sol,5
honda,civic ex cpe,5
honda,civic ex hatchback 4d,5
honda,civic lx 4dr sedan 5a,5
honda,civic lx fwd gas sedan,5
honda,civic lx hatchback 4d,5
honda,cr-v ex 4dr suv,5
honda,cr-v ex 4wd,5
honda,cr-v ex l 4dr suv,5
honda,cr-v ex se,5
honda,cr-v exl,5
honda,cr-v lx 4wd 5-speed at,5
honda,cr-v lx awd,5
honda,cr-v special edition,5
honda,crv cr-v 4wd,5
honda,crv se,5
honda,element ex 4wd at,5
honda,hr-v ex sport utility 4d,5
honda,hr-v ex-l sport utility 4d,5
honda,insight lx,5
honda,odyssey elite minivan 4d,5
honda,odyssey minivan,5
honda,pilot 4wd,5
honda,pilot 4wd v6 touring,5
honda,pilot ex 4wd w/leather and navigatio,5
honda,pilot ex-l 4wd 5-spd at with navigat,5
honda,pilot ex-l w/res sport,5
honda,pilot exl awd,5
honda,pilot lx 4x4,5
honda,pilot se,5
honda,pilot touring w/navi,5
honda,ridgeline 4x4,5
honda,accord coupe ex-l,4
honda,accord crosstou,4
honda,accord ex fwd gas sedan,4
honda,accord ex-l v-6 coupe at 5-speed automatic,4
honda,accord lx sedan cvt,4
honda,accord lxsedan,4
honda,accord sdn ex-l,4
honda,accord sedan lx 1.5t,4
honda,civic coupe ex-l,4
honda,civic ex hatchback,4
honda,civic ex-l w/navigation,4
honda,civic hybrid fwd sedan,4
honda,civic lx se,4
honda,civic lxs,4
honda,civic sdn dx manual,4
honda,civic se,4
honda,civic sedan ex-l,4
honda,civic sedan sport,4
honda,civic sport coupe 2d,4
honda,civic sport sedan 4d,4
honda,"civic sport, loaded, reli",4
honda,civic vp,4
honda,cr-v 2wdlx,4
honda,cr-v hybrid ex-l sport,4
honda,cr-v se,4
honda,crosstour ex-l,4
honda,crv touring,4
honda,crx si,4
honda,element awd,4
honda,fit ex-l,4
honda,hr-v ex-l w/navi,4
honda,hr-v lx,4
honda,hr-v lx sport utility 4d,4
honda,integra type r,4
honda,odessey ex-l,4
honda,odyssey ex at,4
honda,odyssey ex-l nav,4
honda,odyssey ex-l w/ res,4
honda,odyssey se,4
honda,pilot elite sport utility,4
honda,ridgeline sport,4
honda,accord 3.0 6cyl vtec,3
honda,accord 6cyl vtec,3
honda,accord dx,3
honda,accord ex 4cyl,3
honda,accord ex coupe at,3
honda,accord ex l,3
honda,accord ex-l 2.4,3
honda,accord ex-l cvt,3
honda,accord ex-l navi,3
honda,accord ex-l sedan,3
honda,accord ex-l v6 sedan,3
honda,accord ex-l w/navi,3
honda,accord exl coupe,3
honda,accord hybrid ex-l sedan,3
honda,accord lx premium,3
honda,accord se sedan,3
honda,accord special edition,3
honda,accord sport cvt,3
honda,accord touring coupe 2d,3
honda,accord touring fwd gas suv,3
honda,accord v6,3
honda,cbr650,3
honda,cive se,3
honda,civic cpe si,3
honda,civic ex-l coupe,3
honda,civic ex-l hatchback,3
honda,civic ex-t coupe,3
honda,civic ex-t coupe 2d,3
honda,civic ex-t fwd,3
honda,civic ex-t sedan cvt,3
honda,civic gx,3
honda,civic hybrid sdn l4 cvt,3
honda,civic le se,3
honda,civic lx sedan 5-speed,3
honda,civic ngv w/navi,3
honda,civic se sedan 4d,3
honda,civic touring,3
honda,civic touring coupe 2d,3
honda,cr-v - ex,3
honda,cr-v 4wd,3
honda,cr-v awd ex-l,3
honda,cr-v ex 4x4,3
honda,cr-v ex awd 4dr suv,3
honda,cr-v ex-l 4wd,3
honda,cr-v touring awd,3
honda,crv 4x4,3
honda,crv cr-v,3
honda,crv exl awd,3
honda,crv exl fwd gas suv auto,3
honda,crx,3
honda,element ex 4wd,3
honda,element lx,3
honda,fit ex automatic,3
honda,hr-v lx awd,3
honda,hr-v touring sport utility,3
honda,oddysey ex,3
honda,odyssey ex l,3
honda,odyssey ex-l minivan,3
honda,passport touring sport,3
honda,pilot ex awd,3
honda,pilot ex l w/dvd 4dr suv,3
honda,pilot ex sport utility 4d,3
honda,pilot ex-l w/honda sensing awd,3
honda,pilot ex-l w/navi,3
honda,pilot ex-l w/navi ex-l 4dr suv,3
honda,"pilot ex-l | 4wd, 3rd row",3
honda,pilot exl dvd 4wd,3
honda,pilot lx awd,3
honda,pilot se 4x4,3
honda,ridgeline rts,3
honda,sensing sedan cvt,3
hummer,hummer h2,217
hummer,hummer h3,185
hummer,hummer h2 sut,14
hummer,hummer h1,9
hummer,hummer h3 4dr 4wd suv,6
hummer,hummer h2 lifted on 40s w/adventure & luxury packages,5
hummer,hummer h2 4wd,3
hummer,hummer h2 sut luxury,3
hummer,hummer h3 alpha,3
hummer,hummer h3 luxury edition,3
hummer,hummer h3t,3
hyundai,sonata,1407
hyundai,elantra,1245
hyundai,santa fe,734
hyundai,tucson,481
hyundai,accent,359
hyundai,veloster,315
hyundai,sonata se sedan 4d,258
hyundai,santa fe sport,217
hyundai,genesis,198
hyundai,sonata gls,166
hyundai,elantra gls,132
hyundai,sonata sel sedan 4d,132
hyundai,elantra se,127
hyundai,sonata plug-in hybrid,101
hyundai,kona,96
hyundai,accent se sedan 4d,88
hyundai,sonata hybrid,85
hyundai,elantra gt,79
hyundai,genesis coupe 3.8 2d,79
hyundai,genesis 3.8 sedan 4d,78
hyundai,sonata se,75
hyundai,santa fe sport utility,71
hyundai,veloster n coupe 3d,68
hyundai,sonata limited,65
hyundai,santa fe gls,62
hyundai,santa fe limited,55
hyundai,sonata eco sedan 4d,49
hyundai,accent se,45
hyundai,tucson gls,45
hyundai,sonata sport sedan 4d,43
hyundai,veracruz,40
hyundai,sonata sel plus sedan 4d,39
hyundai,azera,38
hyundai,elantra sel,38
hyundai,ioniq plug-in hybrid,38
hyundai,accent gls,36
hyundai,elantra limited,36
hyundai,genesis coupe,36
hyundai,equus,30
hyundai,santa fe sport 2.4l,30
hyundai,elantra se sedan 4d,29
hyundai,genesis coupe 2.0t,28
hyundai,equus signature sedan 4d,27
hyundai,genesis 3.8l,27
hyundai,santa fe 2.4 sel sport,26
hyundai,tucson limited,26
hyundai,accent gs,25
hyundai,entourage,25
hyundai,sonata 2.4l,25
hyundai,sonata hybrid limited,25
hyundai,veloster turbo,25
hyundai,santa fe 2.4 se sport,23
hyundai,veloster coupe 3d,22
hyundai,elantra gt hatchback 4d,21
hyundai,azera limited,20
hyundai,tucson se,20
hyundai,sonata gls pzev,19
hyundai,santa fe sport 2.0t,18
hyundai,santa fe sport awd,18
hyundai,sonata limited sedan 4d,18
hyundai,santa fe se,17
hyundai,tiburon gt,17
hyundai,elantra gls pzev,16
hyundai,elantra touring,16
hyundai,tucson sel,16
hyundai,azera sedan 4d,15
hyundai,elantra coupe,15
hyundai,ioniq hybrid sel,15
hyundai,tiburon,15
hyundai,sonata 2.4l se,14
hyundai,sonata sport,14
hyundai,sonata gls 4dr sedan,13
hyundai,tucson se awd,13
hyundai,veracruz limited,13
hyundai,elantra limited sedan 4d,12
hyundai,santa fe xl se sport,12
hyundai,equus signature,11
hyundai,ioniq hybrid,11
hyundai,palisade sel sport,11
hyundai,tucson se sport utility,11
hyundai,venue sel sport utility,11
hyundai,elantra limited pzev,10
hyundai,genesis 3.8,10
hyundai,kona se,10
hyundai,santa fe gls awd,10
hyundai,sonata gls sedan 4d,10
hyundai,tucson se awd gas suv,10
hyundai,accent value edition,9
hyundai,genesis coupe 3.8,9
hyundai,genesis coupe 3.8 track,9
hyundai,kona electric ultimate,9
hyundai,santa fe 2.0t limited,9
hyundai,santa fe 2.4 ultimate,9
hyundai,elantra gls 4dr sedan,8
hyundai,elantra gt hatchback,8
hyundai,ioniq electric,8
hyundai,palisade se sport,8
hyundai,santa fe awd,8
hyundai,santa fe se sport,8
hyundai,sonata 2.4l limited,8
hyundai,sonata limited 2.0t,8
hyundai,tucson eco sport utility,8
hyundai,tucson limited sport,8
hyundai,tucson sport suv 4d,8
hyundai,veloster hatchback,8
hyundai,veloster turbo r-spec,8
hyundai,elantra sesedan 6a,7
hyundai,elantra value edition,7
hyundai,genesis 4.6 sedan 4d,7
hyundai,ioniq,7
hyundai,santa fe 2.0t sel sport,7
hyundai,santa fe 2.4 limited,7
hyundai,santa fe se awd,7
hyundai,sante fe,7
hyundai,tucson limited awd,7
hyundai,tucson value,7
hyundai,tuscon,7
hyundai,veloster turbo coupe 3d,7
hyundai,xg350,7
hyundai,accent hatchback,6
hyundai,elantra se 4dr sedan,6
hyundai,ioniq hybrid limited,6
hyundai,kona ultimate sport,6
hyundai,santa fe limited awd,6
hyundai,tiburon gt v6,6
hyundai,tucson gls pzev,6
hyundai,accent sedan,5
hyundai,elantra gls sedan,5
hyundai,elantra gt fwd gas auto,5
hyundai,entourage gls,5
hyundai,entourage limited,5
hyundai,genesis 3.8l v6,5
hyundai,ioniq electric limited,5
hyundai,"santa fe se awd, w/ lane keeping assist",5
hyundai,santa fe sel awd gas suv,5
hyundai,santa fe sport awd gas,5
hyundai,santa fe sport sport,5
hyundai,santa fe suv,5
hyundai,sonata sel,5
hyundai,tucson gl sport,5
hyundai,tucson gls sport utility,5
hyundai,tucson sport,5
hyundai,accent gls 4dr sedan,4
hyundai,elantra fwd gas sedan,4
hyundai,elantra gls 4dr sedan 6,4
hyundai,elantra se 6at,4
hyundai,elantra sel auto,4
hyundai,elantra sesedan 6a (us,4
hyundai,elantra sport sedan 4d,4
hyundai,elantra touring se,4
hyundai,elantra touring wagon,4
hyundai,equus ultimate,4
hyundai,genesis 4.6,4
hyundai,kona sel,4
hyundai,palisade limited sport,4
hyundai,santa fe 2.0t ultimate,4
hyundai,santa fe 2.4 sel plus,4
hyundai,santa fe limited sport,4
hyundai,santa fe sel,4
hyundai,santa fe sesuv 6a,4
hyundai,santa fe sport 2.0t auto awd,4
hyundai,santa fe ultimate 2.0,4
hyundai,sonata 2.4l sport,4
hyundai,sonata gl,4
hyundai,sonata glssedan 6a,4
hyundai,sonata hybrid se sedan,4
hyundai,sonata se 4dr sedan,4
hyundai,sonata sedan 4d,4
hyundai,sonata sport 2.0t sedan,4
hyundai,tuscan,4
hyundai,veloster base 3dr coupe,4
hyundai,veloster value edition,4
hyundai,venue,4
hyundai,venue se sport utility,4
hyundai,xc350l,4
hyundai,accent gs fwd gas auto,3
hyundai,accent se hatchback 4d,3
hyundai,azera limited 4dr sedan,3
hyundai,azera limited sedan 4d,3
hyundai,azera se,3
hyundai,elantra coupe gs pzev,3
hyundai,elantra glssedan,3
hyundai,elantra gs coupe,3
hyundai,elantra gt n-line,3
hyundai,elantra gt sport,3
hyundai,elantra only 16k miles,3
hyundai,elantra sel sedan 4d,3
hyundai,elantra sport,3
hyundai,elantra tourning,3
hyundai,elantra value edition ivt,3
hyundai,elentra,3
hyundai,genesis 3.8l v6 4d sedan,3
hyundai,genesis 5.0 sedan 4d,3
hyundai,ioniq electric hatchback,3
hyundai,ioniq hybrid blue,3
hyundai,ioniq hybrid hatchback,3
hyundai,kona sel plus sport,3
hyundai,kona sel sport utility,3
hyundai,palisade,3
hyundai,palisade limited,3
hyundai,santa fe fwd,3
hyundai,sonata 4dr sdn 2.4l sport,3
hyundai,sonata gls auto,3
hyundai,sonata hybrid limited 2.0l w/blue pearl interior,3
hyundai,sonata hybrid sedan,3
hyundai,sonata sdn 2.4l auto,3
hyundai,tucson fwd 4dr se,3
hyundai,tucson gl,3
hyundai,tucson night,3
hyundai,veloster 2.0,3
hyundai,veloster w/ 3rd door,3
hyundai,veloster w/black int,3
hyundai,veracruz gls,3
hyundai,xg300,3
hyundai,xg350 l,3
hyundai,xg350l,3
infiniti,qx60 3.5 sport utility,304
infiniti,qx50 sport utility 4d,190
infiniti,g35,187
infiniti,q50,183
infiniti,qx56,172
infiniti,qx60 luxe sport utility,164
infiniti,g37,160
infiniti,qx60,155
infiniti,q50 3.0t luxe sedan 4d,150
infiniti,qx80,121
infiniti,fx35,115
infiniti,qx50 luxe sport utility,106
infiniti,q50 3.0t sport sedan 4d,84
infiniti,q60 3.0t premium coupe,76
infiniti,g g37 sport coupe 2d,69
infiniti,m35,64
infiniti,qx60 pure sport utility,63
infiniti,q60 3.0t luxe coupe 2d,60
infiniti,qx50,58
infiniti,m37,52
infiniti,q70 3.7 sedan 4d,51
infiniti,g g37x sedan 4d,48
infiniti,g g37 journey sedan 4d,47
infiniti,g37 sedan,46
infiniti,qx80 sport utility 4d,45
infiniti,q60 2.0t coupe 2d,44
infiniti,g g37 convertible 2d,41
infiniti,q60 red sport 400 coupe,39
infiniti,qx70,39
infiniti,g37x,37
infiniti,ex35,35
infiniti,jx jx35 sport utility,32
infiniti,jx35,32
infiniti,qx50 essential sport,32
infiniti,q60,31
infiniti,q60 3.0t sport coupe 2d,27
infiniti,g35 sedan,25
infiniti,q70 3.7 luxe sedan 4d,25
infiniti,i35,24
infiniti,qx80 limited sport,23
infiniti,g35x,22
infiniti,m35x,22
infiniti,qx30,22
infiniti,q50 red sport 400 sedan,21
infiniti,g37x awd luxury car,20
infiniti,m45,20
infiniti,q50 3.7 premium sedan,20
infiniti,q70,19
infiniti,qx30 premium sport,19
infiniti,qx80 signature sport,18
infiniti,g37 sedan x,16
infiniti,qx4,16
infiniti,qx70 3.7 sport utility,16
infiniti,g37 coupe,15
infiniti,g37x awd,15
infiniti,q50 premium,15
infiniti,q70 l 3.7 sedan 4d,15
infiniti,fx45,14
infiniti,g35 coupe,14
infiniti,g,13
infiniti,g g37x coupe 2d,13
infiniti,q50 3.0t signature,13
infiniti,qx56 4x4,13
infiniti,fx fx35 sport utility,12
infiniti,fx37,12
infiniti,i30,12
infiniti,q45,12
infiniti,g35x awd,11
infiniti,fx35 awd,10
infiniti,m37x,10
infiniti,q50 3.0t luxe,10
infiniti,qx60 awd,10
infiniti,fx,9
infiniti,g35xs,9
infiniti,jx35 awd,9
infiniti,q40 sedan 4d,9
infiniti,q50 s,9
infiniti,q50 sport,9
infiniti,g 37,8
infiniti,g ipl coupe 2d,8
infiniti,m35x awd,8
infiniti,q40,8
infiniti,q50 2.0t luxe sedan 4d,8
infiniti,q50 2.0t pure sedan 4d,8
infiniti,qx50 autograph sport,8
infiniti,qx80 awd,8
infiniti,ex35 journey,7
infiniti,fx-35 awd,7
infiniti,g25,7
infiniti,g25x,7
infiniti,g37 convertible,7
infiniti,g37s,7
infiniti,m,7
infiniti,m m37 sedan 4d,7
infiniti,q70l,7
infiniti,qx 60,7
infiniti,qx qx56 sport utility,7
infiniti,qx50 pure sport utility,7
infiniti,qx80 luxe sport utility,7
infiniti,fx fx37 sport utility,6
infiniti,g sedan,6
infiniti,g20,6
infiniti,g35 journey,6
infiniti,g37s coupe,6
infiniti,m m37x sedan 4d,6
infiniti,q50 3.0t premium sedan,6
infiniti,q50 3.7 sedan 4d,6
infiniti,qx30 luxury sport,6
infiniti,g 35,5
infiniti,jx,5
infiniti,q50 hybrid,5
infiniti,q50 hybrid luxe sedan,5
infiniti,q50 premium awd,5
infiniti,q50s,5
infiniti,q50s sport awd,5
infiniti,qx56 8-passenger,5
infiniti,qx56 theater pkg7-,5
infiniti,qx60 base,5
infiniti,qx60 luxe,5
infiniti,qx70 awd,5
infiniti,ex ex35 sport utility,4
infiniti,g 37c,4
infiniti,g ipl convertible 2d,4
infiniti,g35x sedan,4
infiniti,g37 sedan journey,4
infiniti,q50 3.0t premium awd,4
infiniti,q60 2.0t premium coupe,4
infiniti,q60 3.0t pure coupe 2d,4
infiniti,qx30 essential sport,4
infiniti,qx30 sport suv 4d,4
infiniti,qx50 sensory sport,4
infiniti,qx56 4wd,4
infiniti,ex,3
infiniti,ex 35,3
infiniti,fx 35,3
infiniti,fx35 base,3
infiniti,g sedan g37x awd,3
infiniti,g25 sedan,3
infiniti,g35 135i 335i 335is gti,3
infiniti,g35s,3
infiniti,g37 sport,3
infiniti,g37 x,3
infiniti,g37xs,3
infiniti,i30 limited,3
infiniti,i35 luxury,3
infiniti,m37 x,3
infiniti,q50 2.0t awd,3
infiniti,q50 3.0t pure sedan 4d,3
infiniti,q70 l 3.7 luxe sedan 4d,3
infiniti,qx 56,3
infiniti,qx50 awd,3
infiniti,qx50 journey,3
infiniti,qx80 limited,3
international,international 4300,211
international,international terrastar,89
international,international,84
international,international 4700,69
international,international prostar,37
international,international 4400,31
international,international hybrid 4300,26
international,international 4900,23
international,international water truck,21
international,international 7400,20
international,international durastar 4300,18
international,international school bus,17
international,international 7300,10
international,international 7500,9
international,international 3000,8
international,international 4300 bucket truck,7
international,international 4300 dt466,7
international,international durastar 4200,7
international,international workstar 7400,7
international,international bus,6
international,international *coming soon* 2006 at-40c bucket truck,5
international,international 4200,5
international,international 4300 -,5
international,international 4300 reg cab w/ 12' flat-bed,5
international,international 4400 hr 46m hi-ranger bucket truck,5
international,international 4900 dump truck,5
international,international 4600,4
international,international 4700 dump,4
international,international cf500,4
international,international durastar,4
international,international harvester,4
international,international ic,4
international,international maxxforce,4
international,international prostar+,4
international,international scout,4
international,international 4000,3
international,international 4200 vt365,3
international,international 4300 dump,3
international,international 4300 durastar,3
international,international 4700 dt466e,3
international,international 7300 bucket truck,3
international,international 8600,3
international,international 9200i,3
international,international altec bucket truck,3
international,international box truck,3
isuzu,isuzu npr,154
isuzu,isuzu npr hd,49
isuzu,isuzu npr hd gas reg,30
isuzu,isuzu nqr,28
isuzu,isuzu npr hd gas crew,27
isuzu,isuzu npr box truck,26
isuzu,isuzu trooper,24
isuzu,isuzu nrr,23
isuzu,isuzu dsl reg at,20
isuzu,isuzu npr hd reg,20
isuzu,isuzu rodeo,19
isuzu,isuzu,10
isuzu,isuzu npr hd boxtruck,10
isuzu,isuzu ascender,8
isuzu,isuzu nrr/npr box truck 16 ft su,8
isuzu,isuzu nrr box truck,5
isuzu,isuzu vehicross,5
isuzu,isuzu hombre,3
isuzu,isuzu npr xd,3
isuzu,isuzu npr-hd,3
isuzu,isuzu npr/npr-hd,3
isuzu,isuzu rodeo 4x4,3
isuzu,isuzu rodeo ls,3
isuzu,isuzu rodeo/amigo,3
isuzu,isuzu trooper ls,3
jaguar,e-pace p250 se sport,174
jaguar,xf 20d premium sedan 4d,131
jaguar,e-pace p300 r-dynamic se,114
jaguar,xf,101
jaguar,e-pace p250 sport utility,87
jaguar,xj,66
jaguar,xe 25t premium sedan 4d,53
jaguar,f-pace,51
jaguar,xe 20d sedan 4d,48
jaguar,x-type,46
jaguar,e-pace p250 s sport,38
jaguar,f-pace 35t premium sport,38
jaguar,s-type,38
jaguar,xf 35t premium sedan 4d,38
jaguar,xj xjl portfolio sedan 4d,38
jaguar,xj8,31
jaguar,e-pace p300 r-dynamic s,28
jaguar,xk8,28
jaguar,xj6,24
jaguar,f-pace 25t premium sport,23
jaguar,xk8 convertible v8,23
jaguar,xe 25t sedan 4d,20
jaguar,xk8 convertible,20
jaguar,f-pace 20d premium sport,19
jaguar,xe 35t r-sport sedan 4d,19
jaguar,xk,19
jaguar,f-pace 35t r-sport suv 4d,18
jaguar,xf portfolio sedan 4d,18
jaguar,f-pace 20d prestige sport,17
jaguar,f-type,17
jaguar,xe 25t prestige sedan 4d,16
jaguar,xe 35t prestige sedan 4d,16
jaguar,xjl,16
jaguar,f-pace 25t sport utility,15
jaguar,xe,15
jaguar,xjs,15
jaguar,f-type v8 s convertible,14
jaguar,f-type convertible 2d,13
jaguar,f-pace 25t prestige sport,12
jaguar,xe p300 r-dynamic s sedan,12
jaguar,xf 35t r-sport sedan 4d,12
jaguar,xe 35t premium sedan 4d,9
jaguar,xj8l,9
jaguar,e-pace,8
jaguar,xj-series,8
jaguar,xjs convertible,8
jaguar,xj6 vanden plas,7
jaguar,s type,6
jaguar,x type,6
jaguar,xf 20d sedan 4d,6
jaguar,xf i4 rwd,6
jaguar,f-type 2.0 296 hp coupe,5
jaguar,f-type coupe 2d,5
jaguar,vanden plas,5
jaguar,xf s sedan 4d,5
jaguar,xjr,5
jaguar,ftype s british design,4
jaguar,xe 25t,4
jaguar,xe 35t first edition,4
jaguar,xf 3.0 l,4
jaguar,xf portfolio sport,4
jaguar,xj sedan 4d,4
jaguar,xj xjl,4
jaguar,f-type r 2dr convertibl,3
jaguar,s-type r,3
jaguar,xe 35t premium,3
jaguar,xe navigation 1-owner 30m,3
jaguar,xf approved certified,3
jaguar,xf sedan 4d,3
jaguar,xj12,3
jaguar,xj6 vanden plas majestic,3
jaguar,xj8 l,3
jaguar,xj8 vanden plas,3
jaguar,xjl portfolio,3
jaguar,xjr supercharged,3
jaguar,xk convertible 2d,3
jaguar,xk series,3
jaguar,xke,3
jaguar,xkr,3
jaguar,xkr convertible,3
jeep,wrangler,2451
jeep,grand cherokee,2106
jeep,wrangler unlimited,1035
jeep,cherokee,914
jeep,liberty,686
jeep,patriot,585
jeep,compass,544
jeep,wrangler unlimited sport,531
jeep,wrangler unlimited sahara,460
jeep,renegade,413
jeep,wrangler sport suv 2d,383
jeep,wrangler unlimited rubicon,326
jeep,wrangler unlimited all new,303
jeep,grand cherokee laredo,280
jeep,grand cherokee limited,229
jeep,wrangler sport,180
jeep,gladiator,177
jeep,grand cherokee laredo sport,142
jeep,commander,131
jeep,grand cherokee limited 4x4,127
jeep,wrangler rubicon,108
jeep,patriot sport,107
jeep,renegade sport suv 4d,104
jeep,wrangler sahara,101
jeep,grand cherokee laredo 4x4,100
jeep,liberty sport,94
jeep,wrangler rubicon sport,86
jeep,grand cherokee trailhawk,83
jeep,cj5,81
jeep,wrangler unlimited sport s,80
jeep,cherokee latitude,72
jeep,wrangler unlimited willys,72
jeep,wrangler sport s utility 2d,71
jeep,liberty sport 4x4,69
jeep,wrangler unlimi,67
jeep,compass sport,65
jeep,wrangler x,65
jeep,compass latitude,62
jeep,renegade latitude,62
jeep,grand cherokee overland,57
jeep,wrangler jk unlimited,57
jeep,liberty limited,54
jeep,cj7,52
jeep,patriot latitude,48
jeep,cherokee sport,45
jeep,cherokee latitude plus,44
jeep,wrangler all new rubicon,44
jeep,wrangler jk,44
jeep,cherokee limited,37
jeep,liberty 4x4,37
jeep,gladiator sport pickup 4d 5,34
jeep,grand cherokee laredo 4wd,32
jeep,grand cherokee overland 4x4,32
jeep,renegade sport,32
jeep,wrangler s,31
jeep,renegade trailhawk,30
jeep,compass limited,28
jeep,renegade latitude sport,28
jeep,wrangler yj,28
jeep,patriot 4x4,26
jeep,lifted wrangler unlimited,25
jeep,grand wagoneer,24
jeep,cherokee trailhawk,23
jeep,j10,22
jeep,cj-7,21
jeep,grand cherokee 4x4,20
jeep,patriot sport 4x4,20
jeep,wrangler unlimited sahara lifted,20
jeep,compass 4x4,19
jeep,grand cherokee limited 4wd,19
jeep,wrangler tj,19
jeep,cherokee sport 4x4,18
jeep,cherokee trailhawk 4x4 gas,18
jeep,commander limited,18
jeep,grand cherokee summit,18
jeep,renegade altitude sport,18
jeep,renegade limited,18
jeep,wrangler 4x4,18
jeep,wrangler sahara sport,18
jeep,liberty 4wd 4dr sport,17
jeep,liberty limited 4x4,17
jeep,patriot latitude 4x4,17
jeep,cherokee latitude 4x4,16
jeep,comanche,16
jeep,grand cherokee limited x,16
jeep,wrangler unlimited 4x4,16
jeep,wrangler unlimited x,16
jeep,cherokee trailhawk sport,15
jeep,grand cherokee srt8,15
jeep,"wrangler unlimited rubicon local trade* terra fles sport lift*37"" nitto trail grabblers*17"" kmc xd beadlock wheels* x2o winch* steel bumpers*led lights* never off roaded",15
jeep,patriot limited,14
jeep,willys,14
jeep,wrangler sport 4x4,14
jeep,wrangler unlmited sahara,14
jeep,liberty sport 4wd,13
jeep,renegade latitude 4x4 gas,13
jeep,wrangler golden eagle (jk),13
jeep,wrangler jk unlimited sport,13
jeep,cherokee limited 4x4,12
jeep,grand cherokee laredo 4x4 1owner well maint*new wheels*deliver 2u,12
jeep,patriot high altitude,12
jeep,renegade upland edition,12
jeep,all-new wrangler unlimited,11
jeep,cherokee limited 4x4 gas,11
jeep,compass latitude sport,11
jeep,grand cherokee srt,11
jeep,renegade limited 4x4 gas,11
jeep,wrangler 4x4 sport,11
jeep,wrangler unlimited sahara 4dr hardtop,11
jeep,cherokee latitude sport,10
jeep,cj-5,10
jeep,compass trailhawk,10
jeep,gladiator overland,10
jeep,grand cherokee laredo e,10
jeep,liberty limited 4wd,10
jeep,lifted wrangler sport 4x4,10
jeep,patriot sport suv 4d,10
jeep,wagoneer,10
jeep,wrangler sahara unlimited,10
jeep,wrangler sport 4x4 gas suv,10
jeep,compass high altitude,9
jeep,lifted grand cherokee 4x4,9
jeep,rubicon,9
jeep,wrangler all new sport suv,9
jeep,wrangler moab,9
jeep,wrangler rubicon unlimited,9
jeep,commander limited 4x4,8
jeep,compass latitude 4x4,8
jeep,compass latitude fwd gas,8
jeep,compass limited 4x4,8
jeep,grand cherokee limited automatic,8
jeep,grand cherokee overland 4wd,8
jeep,patriot sport 4wd,8
jeep,wrangler / tj,8
jeep,wrangler 4wd 2dr sport,8
jeep,wrangler sahara 4x4,8
jeep,wrangler sport unlimited,8
jeep,wrangler unlimited 75th 4x4,8
jeep,cherokee 4x4,7
jeep,cherokee latitude 4wd,7
jeep,cherokee trailhawk 4wd,7
jeep,cherokee xj,7
jeep,commander 4x4,7
jeep,compass 4wd 4dr sport,7
jeep,gladiator rubicon,7
jeep,liberty renegade,7
jeep,patriot sport se,7
jeep,renegade bad credit,7
jeep,wrangler sahara (jk) sport,7
jeep,wrangler tj sport,7
jeep,cherokee laredo,6
jeep,cherokee limited sport,6
jeep,cherokee overland,6
jeep,compass latitude 4x4 gas,6
jeep,grand cherokee 4wd,6
jeep,grand cherokee altitude,6
jeep,grand cherokee srt 4x4 gas,6
jeep,grand+cherokee,6
jeep,liberty crd,6
jeep,liberty sport 4+4,6
jeep,liberty sport suv 4d,6
jeep,patriot high altitude 4x4,6
jeep,patriot sport suv 4x4,6
jeep,renegade limited 4x4,6
jeep,scrambler,6
jeep,wrangler 2dr sport,6
jeep,wrangler rubicon 392,6
jeep,wrangler unlimi sahara,6
jeep,cherokee latitude 4 x 4,5
jeep,cherokee sport fwd gas suv,5
jeep,cherokee trailhawk 4wd v6,5
jeep,compass limited sport,5
jeep,compass sport 4x4,5
jeep,dj5,5
jeep,gladiator sport s,5
jeep,j20,5
jeep,renegade altitude 4x4 gas,5
jeep,renegade deserthawk sport,5
jeep,renegade trailhawk 4x4 gas,5
jeep,wrangler se,5
jeep,wrangler unlimited 4wd 4dr sahara,5
jeep,wrangler unlimited sahara 4,5
jeep,wrangler unlimited winter,5
jeep,wrangler x 4x4,5
jeep,wrangler x sport utility,5
jeep,yj,5
jeep,cherokee carryall,4
jeep,cherokee latitude fwd gas,4
jeep,cherokee sport suv 4d,4
jeep,cj,4
jeep,cj 7,4
jeep,cj8 scrambler,4
jeep,commander 4wd,4
jeep,compass latitude 4x4 *ltd avail*,4
jeep,compass sport suv 4d,4
jeep,grand cherokee laredo 4dr,4
jeep,grand cherokee laredo x,4
jeep,grand cherokee laredo4wd,4
jeep,grand cherokee overland rwd,4
jeep,liberty jet,4
jeep,liberty limited jet,4
jeep,liberty renegade 4x4,4
jeep,patriot latitude - 4wd - heated seats - recently s,4
jeep,patriot latitude sport,4
jeep,patriot sport-4x4,4
jeep,renegade 4wd 4dr trailhawk,4
jeep,renegade 4x4,4
jeep,renegade latitude 4x4,4
jeep,renegade sport 4x4,4
jeep,renegade trailhawk 4x4,4
jeep,tj,4
jeep,wrangler bad credit,4
jeep,wrangler jk unlimited 4x4,4
jeep,wrangler rhd 1 owner,4
jeep,wrangler right hand drive,4
jeep,wrangler se sport utility,4
jeep,wrangler unlimited freedom,4
jeep,wrangler unlimited lj,4
jeep,wrangler unlimited sahara automatic,4
jeep,"wrangler unlimited sahara, $374.52, $1500 down, 2.9% apr, $374.52, $1500 down, 2.9% apr,",4
jeep,wrangler unlimited sport 4wd,4
jeep,wrangler unlmtd. sahara 4x4,4
jeep,cherokee 4x4 trailhawk,3
jeep,cherokee 80th anniversary,3
jeep,cherokee chief,3
jeep,cherokee classic,3
jeep,cherokee limited 4wd,3
jeep,cherokee sport xj,3
jeep,commander sport,3
jeep,commander sport 4wd,3
jeep,compass latitude suv 4x4,3
jeep,compass sport 4x4 suv,3
jeep,gladiator overland pickup,3
jeep,gladiator sport,3
jeep,gladiator sport 4x4 gas,3
jeep,gran cherokee laredo 4x4,3
jeep,grand cherokee 4dr laredo 4wd,3
jeep,grand cherokee 4wd 4dr laredo,3
jeep,grand cherokee 4wd laredo,3
jeep,grand cherokee laredo 4x4 4,3
jeep,grand cherokee limited 4d,3
jeep,grand cherokee sport,3
jeep,grand cherokee srt8 4wd,3
jeep,lifted gladiator overland,3
jeep,patriot high alt,3
jeep,patriot limited 4x4,3
jeep,patroit,3
jeep,renegade limited bad credit,3
jeep,renegade sport 4x4 gas suv,3
jeep,willy,3
jeep,wrangler 4wd,3
jeep,wrangler jk unlimited sport 4wd,3
jeep,wrangler jku,3
jeep,wrangler lj,3
jeep,wrangler rhd,3
jeep,wrangler rubicon 4wd,3
jeep,wrangler sahara jk,3
jeep,wrangler sahara unlimited lifted backup cam nav alpine fuel,3
jeep,wrangler sport s,3
jeep,wrangler tj sahara,3
jeep,wrangler unlimited sahara 4wd,3
jeep,wrangler willys,3
jeep,yj wrangler,3
kenworth,kenworth w900,28
kenworth,kenworth t680,23
kenworth,kenworth t800,15
kenworth,kenworth t270,14
kenworth,kenworth t3 series dump,14
kenworth,kenworth t300,12
kenworth,kenworth t660,11
kenworth,kenworth,9
kenworth,kenworth t2000,6
kenworth,kenworth t600,6
kenworth,kenworth t370,5
kenworth,kenworth t880,4
kenworth,kenworth  t-270 box van w/tommy gate,3
kenworth,kenworth t300 4x2 2dr chassis,3
kenworth,kenworth t700,3
kenworth,kenworth w900l,3
kia,soul,968
kia,optima,764
kia,sorento,629
kia,forte,443
kia,sportage,380
kia,optima lx,194
kia,rio,194
kia,sedona,162
kia,soul wagon 4d,140
kia,forte koup ex coupe 2d,129
kia,sorento lx,122
kia,soul +,122
kia,soul s wagon 4d,104
kia,forte lx,90
kia,soul ! wagon 4d,87
kia,sportage lx,82
kia,sorento lx sport utility 4d,79
kia,sportage lx sport utility 4d,79
kia,optima ex,78
kia,spectra,72
kia,niro lx wagon 4d,70
kia,rio lx,60
kia,sedona lx,60
kia,forte ex,55
kia,forte fe sedan 4d,47
kia,soul lx wagon 4d,45
kia,k900 luxury sedan 4d,44
kia,soul + wagon 4d,44
kia,soul plus,44
kia,amanti,42
kia,optima hybrid,42
kia,sorento ex,41
kia,forte koup sx coupe 2d,40
kia,k900 premium sedan 4d,38
kia,cadenza,36
kia,niro,34
kia,forte koup,32
kia,rondo,30
kia,sedona ex,29
kia,soul ev,29
kia,optima lx sedan 4d,27
kia,soul base,27
kia,telluride lx sport utility,27
kia,niro s touring wagon 4d,25
kia,sorento ex sport utility 4d,25
kia,stinger,25
kia,sportage ex,22
kia,sportage lx awd,22
kia,telluride,22
kia,forte sx sedan 4d,21
kia,optima sx,21
kia,spectra ex,20
kia,optima sx turbo w/navigation,19
kia,sorento sx,19
kia,forte5 lx hatchback 4d,17
kia,optima plug-in hybrid ex,17
kia,optima sx turbo,17
kia,rondo lx,17
kia,borrego,16
kia,forte lx sedan 4d,16
kia,forte s sedan 4d,16
kia,forte5 ex hatchback 4d,16
kia,sorento sx sport utility 4d,16
kia,niro ev ex wagon 4d,15
kia,sedona sx minivan 4d,15
kia,stinger gt sedan 4d,15
kia,forte lxs sedan 4d,14
kia,cadenza premium sedan 4d,13
kia,optima ex sedan 4d,12
kia,sportage ex sport utility 4d,12
kia,stinger gt-line sedan 4d,12
kia,forte sx,11
kia,optima s sedan 4d,11
kia,rio s sedan 4d,11
kia,rio5,11
kia,sorento lx awd,11
kia,soul ev + wagon 4d,11
kia,sorento lx w/ 3rd row seating,10
kia,sportage sx,10
kia,sportage sx sport utility 4d,10
kia,stinger premium,10
kia,forte 5-door,9
kia,forte5,9
kia,rio ex,9
kia,soul x-line wagon 4d,9
kia,cadenza premium,8
kia,forte lxs,8
kia,niro plug-in hybrid,8
kia,optima 4dr sdn lx,8
kia,rio 5-door,8
kia,sorento limited-sxl sport,8
kia,sorento lx - awd - rear camera - bluetooth -,8
kia,soul + automatic,8
kia,soul sport,8
kia,forte s,7
kia,forte5 lx,7
kia,niro ex wagon 4d,7
kia,optima hybrid sedan 4d,7
kia,optima sxl turbo,7
kia,rio s hatchback 5d,7
kia,sorento awd,7
kia,sorrento,7
kia,sportage lx fwd,7
kia,k5,6
kia,niro fe,6
kia,niro fe wagon 4d,6
kia,optima ex 4dr sedan,6
kia,rio lx sedan 4d,6
kia,seltos,6
kia,soul !,6
kia,soul ev plus,6
kia,sportage ex awd,6
kia,sportage ex awd gas suv,6
kia,"sportage lx awd, w/ lane warning",6
kia,stinger gt,6
kia,stinger gt2 sedan 4d,6
kia,stinger premium sedan 4d,6
kia,amanti base 4dr sedan,5
kia,forte ex sedan 4d,5
kia,niro plug-in hybrid lx wagon,5
kia,optima ex w/ leather,5
kia,optima sx sedan 4d,5
kia,rio s,5
kia,sedona lx minivan 4d,5
kia,sorento lx-v6,5
kia,soul exclaim,5
kia,telluride ex sport utility,5
kia,telluride s sport utility 4d,5
kia,cadenza technology sedan 4d,4
kia,forte 5-door 5dr hb auto ex,4
kia,forte fe,4
kia,forte koup ex,4
kia,"forte lx, 6-speed manual, g",4
kia,"forte5 lx hatchback, w/ eco system",4
kia,optima gdi,4
kia,optima lx 4d sedan automatic,4
kia,optima lx 4dr sedan,4
kia,optima lx auto,4
kia,optimia sx premium,4
kia,rio sedan 4d,4
kia,sorento ex awd,4
kia,sorento l sport utility 4d,4
kia,sorento lx 2wd,4
kia,sorento lx 4wd,4
kia,sorento lx auto,4
kia,sorento sx awd,4
kia,spectra5,4
kia,stinger gt1 sedan 4d,4
kia,borrego lx,3
kia,cadenza limited sedan 4d,3
kia,cadenza limited-sxl sedan 4d,3
kia,forte coupe,3
kia,forte gt sedan 4d,3
kia,forte gt-line sedan 4d,3
kia,forte lx 4dr sedan 6a,3
kia,forte only 60k miles,3
kia,k5 lxs sedan 4d,3
kia,niro lx,3
kia,optima ex sedan,3
kia,optima hybrid ex sedan 4d,3
kia,"optima lx model, only 45k",3
kia,optima lxsedan,3
kia,optima sxl,3
kia,sorento base,3
kia,sorento ex 4wd,3
kia,sorento limited v6,3
kia,sorento lx awd gas suv auto,3
kia,sorento lx suv,3
kia,sorento sxl,3
kia,sorento sxl-limited,3
kia,sorrento lx,3
kia,soul + wagon,3
kia,soul 5dr wgn man base,3
kia,soul base 4dr crossover 6a,3
kia,soul ex plus,3
kia,soul lx,3
kia,soul+,3
kia,sportage awd,3
kia,telluride ex,3
lexus,rx 350,490
lexus,es 350,416
lexus,ls 460 sedan 4d,335
lexus,nx 300 sport utility 4d,222
lexus,gs 350 sedan 4d,220
lexus,rx 350 sport utility 4d,207
lexus,rx,205
lexus,is,198
lexus,es 350 sedan 4d,180
lexus,es,177
lexus,is 250,174
lexus,rx 330,139
lexus,is 350 sedan 4d,129
lexus,es 300,124
lexus,nx 300h sport utility 4d,120
lexus,gs 350,114
lexus,nx 200t sport utility 4d,107
lexus,ls 460,99
lexus,rx350,95
lexus,ct 200h hatchback 4d,93
lexus,gx 470,90
lexus,gx 460,88
lexus,es350,80
lexus,gs,80
lexus,rx 350l sport utility 4d,74
lexus,rc 350,71
lexus,gx,69
lexus,lx 470,66
lexus,es 330,65
lexus,is250,61
lexus,rx 450h,61
lexus,gx 460 sport utility 4d,59
lexus,rx 300,59
lexus,gs 300,57
lexus,es300,56
lexus,ls 430,56
lexus,ls,54
lexus,gx470,53
lexus,is 350,50
lexus,ct,46
lexus,is 250 sedan 4d,45
lexus,ux 250h sport utility 4d,45
lexus,nx 200t,44
lexus,is 350 f sport sedan 4d,43
lexus,is 300,42
lexus,nx,41
lexus,nx 300,41
lexus,rx330,41
lexus,ct 200h,40
lexus,is 250 crafted line sedan,40
lexus,rc,38
lexus,es 300h,37
lexus,is 200t,36
lexus,ls 460 lwb,34
lexus,lx 570,33
lexus,sc 430,33
lexus,rx300,32
lexus,ls430,29
lexus,rx 350 awd,28
lexus,rx 400h,28
lexus,is 300 sedan 4d,26
lexus,rx350 awd,26
lexus,es330,25
lexus,rx 350 f sport suv 4d,24
lexus,sc,24
lexus,gs 350 awd,23
lexus,is 250 awd,23
lexus,ls 460 l sedan 4d,22
lexus,rc 350 coupe 2d,22
lexus,rx350 awd gas suv auto,22
lexus,sc 430 convertible,22
lexus,gs 200t sedan 4d,21
lexus,ls 400,20
lexus,gs350,19
lexus,is300,19
lexus,ls460,19
lexus,rx400h,19
lexus,lx470,18
lexus,nx 300 f sport suv 4d,18
lexus,gs300,17
lexus,hs,17
lexus,ls400,17
lexus,lx,17
lexus,rx 300 luxury suv,17
lexus,is250 awd,16
lexus,sc430 convertible,16
lexus,ct 200h premium hatchback,15
lexus,es 350 luxury sedan 4d,15
lexus,gx 470 4dr suv 2-owner arizona gx*rust&accident free*new timing belt&water pump*new bilstein lift*new wheels&tires* immaculate shape*all books and keys*all records since new,15
lexus,rx 450h sport utility 4d,15
lexus,ct200h,14
lexus,dealer* luxury pkg* rear dvd* preffered pkg*mark levinson*2-keys*like new,14
lexus,gx460,14
lexus,hs 250h,14
lexus,es 350 f sport sedan 4d,13
lexus,rx330 awd,13
lexus,sc430,13
lexus,gs 450h,12
lexus,ls 600h l,12
lexus,nx 200t f sport suv 4d,12
lexus,rx 350 low miles nice,12
lexus,rx 350 4x4 with navigation,11
lexus,sc300,11
lexus,sc400,11
lexus,ux 250h f sport suv 4d,11
lexus,ct 200h hybrid,10
lexus,gs 350 f sport,10
lexus,gs350 awd,10
lexus,gx 460 luxury sport,10
lexus,is 350 sport convertible,10
lexus,ux 200 f sport suv 4d,10
lexus,gx 460 premium,9
lexus,gx 470 4dr suv,9
lexus,gx470 awd,9
lexus,is 250c,9
lexus,is350,9
lexus,ls 460 crafted line sedan,9
lexus,rx450h,9
lexus,es 300h sedan 4d,8
lexus,gx 470 4wd,8
lexus,is 250c convertible 2d,8
lexus,is200t,8
lexus,lx 450,8
lexus,rc 200t,8
lexus,rc 300,8
lexus,rx 330 awd,8
lexus,es 350 4dr sdn,7
lexus,gs400,7
lexus,gx 460 luxury,7
lexus,is 250 f sport,7
lexus,lc 500,7
lexus,ls 430 4dr sedan,7
lexus,ls460 awd,7
lexus,nx 300 luxury sport,7
lexus,nx 300h,7
lexus,rx400h awd hybrid,7
lexus,es 330 sedan,6
lexus,hs 250 premium,6
lexus,is 250 base,6
lexus,ls 460 f sport,6
lexus,lx 570 sport utility 4d,6
lexus,lx450,6
lexus,rc 350 f sport,6
lexus,rx 300 awd,6
lexus,sc 400,6
lexus,ux,6
lexus,ct 200h premium,5
lexus,es 350 sedan,5
lexus,gs 350 f sport sedan 4d,5
lexus,gs 350 rwd,5
lexus,gs 430,5
lexus,is 200 turbo,5
lexus,is 200t sedan 4d,5
lexus,is 250 sport sedan 4d,5
lexus,ls 460 rwd,5
lexus,ls 460l,5
lexus,ls430 4.3l v8,5
lexus,ls460 l,5
lexus,lx570,5
lexus,rc f,5
lexus,rx 330 4wd 5-speed automatic,5
lexus,rx 330 4x4 with premium,5
lexus,rx 400h basesuv,5
lexus,ct200h f sport,4
lexus,es 300h hybrid,4
lexus,es 350 base,4
lexus,es 350 luxury package,4
lexus,es 350 with navigation and,4
lexus,es300h,4
lexus,gs 400,4
lexus,gs350 rwd gas sedan auto,4
lexus,gs430,4
lexus,gx470 4wd,4
lexus,is 200t f sport,4
lexus,is 250 awd nav,4
lexus,is250 premium 2.5i awd,4
lexus,isf,4
lexus,ls 460 l,4
lexus,ls 460 luxury sedan,4
lexus,ls460 f-sport,4
lexus,nx 300h *awd *nx300* *hybrid* *suv clean carfax,4
lexus,rc 200t coupe 2d,4
lexus,rc 500,4
lexus,rc-f,4
lexus,rx 350 awd 5-speed automatic,4
lexus,rx 350 base,4
lexus,rx 350 f sport,4
lexus,rx 350 fwd,4
lexus,rx rx 350 awd,4
lexus,rx300 awd,4
lexus,ct 200,3
lexus,ct200h hybrid,3
lexus,es300h hybrid,3
lexus,es350 fwd gas sedan auto,3
lexus,gs300 awd,3
lexus,hs 250h premium,3
lexus,hs250h,3
lexus,is 250 basesedan 6a,3
lexus,is 250 sport convertible,3
lexus,is 300 f sport,3
lexus,is350 f sport,3
lexus,is350c,3
lexus,ls 460 base,3
lexus,ls 460 sport,3
lexus,nx300,3
lexus,"rx 300 | low miles, 27",3
lexus,rx 350 4x2 with navigation,3
lexus,rx 350 awd with navigation,3
lexus,rx 350 l,3
lexus,rx 450h awd 4dr,3
lexus,rx 450h f sport suv 4d,3
lexus,rx330 rx 330,3
lexus,ux 200 sport utility 4d,3
lincoln,mkz,336
lincoln,mkx,295
lincoln,navigator,289
lincoln,town car,281
lincoln,mkz sedan 4d,166
lincoln,mkx reserve sport,141
lincoln,continental reserve,130
lincoln,mks,125
lincoln,mkc,121
lincoln,mkz select sedan 4d,105
lincoln,navigator l select sport,105
lincoln,continental,99
lincoln,continental select sedan,96
lincoln,mkz reserve sedan 4d,91
lincoln,corsair sport utility 4d,87
lincoln,mkt,80
lincoln,corsair reserve sport,79
lincoln,town car signature,69
lincoln,mkx select sport utility,60
lincoln,continental sedan 4d,57
lincoln,ls,53
lincoln,mkz hybrid reserve ii,52
lincoln,mkz premiere sedan 4d,48
lincoln,mkz premiere hybrid,46
lincoln,aviator,37
lincoln,mark lt,33
lincoln,mkz reserve hybrid sedan,29
lincoln,nautilus reserve sport,28
lincoln,navigator l,26
lincoln,continental premiere,24
lincoln,nautilus select sport,22
lincoln,navigator select sport,21
lincoln,towncar,19
lincoln,mkx sport utility 4d,18
lincoln,mkz awd,17
lincoln,zephyr,17
lincoln,mkz hybrid,16
lincoln,navigator reserve sport,16
lincoln,mkx base awd! awd,15
lincoln,mkc premiere sport,14
lincoln,mkc reserve sport,14
lincoln,mkx awd,13
lincoln,mkx reserve,13
lincoln,mkz hybrid sedan 4d,13
lincoln,navigator l reserve,13
lincoln,nautilus,12
lincoln,navigator sport utility,12
lincoln,mks awd,11
lincoln,navigator premiere sport,11
lincoln,mkc select sport utility,10
lincoln,town car executive,10
lincoln,mkc reserve,9
lincoln,mkz hybrid select,9
lincoln,mkz reserve i sedan 4d,9
lincoln,navigator 4x4,9
lincoln,town car limousine,9
lincoln,blackwood,8
lincoln,corsair,8
lincoln,mark viii,8
lincoln,"mark viii intech v8 lsc - moon roof - leather,heat",8
lincoln,mks ecoboost sedan 4d,8
lincoln,mkx base awd wagon,8
lincoln,mkz reserve ii sedan 4d,8
lincoln,mkz/zephyr,8
lincoln,nautilus reserve,8
lincoln,navigator - navi - rear camera - 2 dv,8
lincoln,navigator l sport,8
lincoln,mks sedan 4d,7
lincoln,mkz reserve,7
lincoln,mkt ecoboost,6
lincoln,mkx limited awd,6
lincoln,mkz 4dr sdn awd,6
lincoln,mkz reserve awd,6
lincoln,navigator 4wd luxury,6
lincoln,continental mark v,5
lincoln,mark v,5
lincoln,mark viii lsc,5
lincoln,mks fwd,5
lincoln,mkz black label,5
lincoln,mkz hybrid reserve sedan,5
lincoln,navigator reserve,5
lincoln,town car cartier,5
lincoln,town car signature limit,5
lincoln,mkx black label sport,4
lincoln,mkx select,4
lincoln,mkz 4dr sdn fwd,4
lincoln,navigator suv,4
lincoln,aviatior,3
lincoln,aviator ultimate,3
lincoln,capri,3
lincoln,continental livery awd,3
lincoln,continental select,3
lincoln,corsair reserve,3
lincoln,limousine,3
lincoln,ls v8,3
lincoln,mark iv,3
lincoln,mark vi,3
lincoln,mark vii,3
lincoln,mark vii lsc,3
lincoln,mks luxury awd,3
lincoln,mks sdn awd,3
lincoln,mkt ecoboost sport,3
lincoln,mkt reserve sport,3
lincoln,mkt sport utility 4d,3
lincoln,mkx base,3
lincoln,mkz sdn awd,3
lincoln,mkz select,3
lincoln,navigator 4wd,3
lincoln,navigator luxury,3
lincoln,navigator reserve 4x4,3
lincoln,navigator ultimate,3
lincoln,towncar signature series,3
mack,mack,20
mack,mack granite,3
mack,mack mack granite plow/dump truck w/sander,3
mack,mack pinnacle cxu613,3
maserati,maserati ghibli,80
maserati,maserati quattroporte,47
maserati,maserati levante,37
maserati,maserati,23
maserati,maserati granturismo,20
maserati,maserati granturismo coupe 2d,20
maserati,maserati ghibli s q4,12
maserati,maserati ghibli s q4 sedan 4d,9
maserati,maserati granturismo s coupe 2d,9
maserati,maserati granturismo s,7
maserati,maserati quattroporte s q4,7
maserati,maserati ghibli sedan 4d,6
maserati,maserati spyder,6
maserati,maserati ghibli s,4
maserati,maserati ghibli s sedan 4d,4
maserati,maserati levante luxury,3
maserati,maserati quattroporte q4,3
maserati,maserati quattroporte s,3
mazda,mx-5 miata grand touring,489
mazda,3,433
mazda,mazda3,405
mazda,cx-5,284
mazda,mazda6,229
mazda,mx-5 miata club,222
mazda,cx-9,205
mazda,6,182
mazda,mx-5 miata,112
mazda,5,100
mazda,cx-7,99
mazda,tribute,97
mazda,mx-5 miata rf grand,89
mazda,miata,88
mazda,mazda5,56
mazda,mazda3 touring 2.5,55
mazda,mazda3 i sport,43
mazda,rx8,39
mazda,2,38
mazda,cx-5 grand touring,37
mazda,cx-3,35
mazda,mazda2,34
mazda,protege,29
mazda,mazda3 i touring,28
mazda,mazda3 touring sedan 4d,28
mazda,miata mx-5,27
mazda,mpv,27
mazda,cx-5 sport suv 4d,26
mazda,cx-5 touring,26
mazda,mazda3 i touring hatchback,26
mazda,mazda3 s grand touring,26
mazda,mazda3 i grand touring,25
mazda,cx-5 touring sport utility,24
mazda,cx-5 signature diesel,23
mazda,mazda3 4-door,22
mazda,mazda3 touring hatchback,22
mazda,rx-8,22
mazda,cx-5 grand touring sport,20
mazda,mazda6 i touring,20
mazda,cx9,19
mazda,cx-9 grand touring,18
mazda,cx-9 touring sport utility,18
mazda,cx-3 touring sport utility,17
mazda,mazda3 i sv sedan 4d,17
mazda,mx-5,17
mazda,b2300,16
mazda,b3000,16
mazda,cx-9 touring,16
mazda,mazda5 grand touring,16
mazda,mazdaspeed3,16
mazda,mazda6 grand touring,15
mazda,tribute lx,14
mazda,mazda6 i sport,13
mazda,cx-5 sport,12
mazda,mazda5 sport,11
mazda,miata mx5,11
mazda,mpv lx,11
mazda,mx-5 miata touring,11
mazda,protege5,11
mazda,rx-7,11
mazda,3 touring,10
mazda,cx-3 grand touring sport,10
mazda,cx-9 touring awd,10
mazda,mazda2 sport,10
mazda,mazda3 s sport,10
mazda,3 i touring,9
mazda,6 grand touring,9
mazda,cx-5 grand touring awd,9
mazda,mx-5 miata sport,9
mazda,6 touring,8
mazda,b4000 seextended cab,8
mazda,cx-5 touring 29k miles,8
mazda,cx9 touring,8
mazda,mazda3 - rear camera - blind spot assist - gas sav,8
mazda,mazda3 preferred sedan 4d,8
mazda,rx7,8
mazda,3 hatchback,7
mazda,cx-3 grand touring,7
mazda,cx-5 -sport low miles,7
mazda,cx7,7
mazda,mazda3 i sport 4-door,7
mazda,mazda3 i sv,7
mazda,mazda3 i touring sedan 4d,7
mazda,mazda6 signature sedan 4d,7
mazda,3 i sport,6
mazda,3 skyactiv,6
mazda,3 sport,6
mazda,3i touring,6
mazda,6 i,6
mazda,b-series,6
mazda,cx-30,6
mazda,cx-30 preferred sport,6
mazda,mazda3 i sport sedan 4d,6
mazda,mazda3 s touring,6
mazda,mazda6 i sport sedan 4d,6
mazda,6 i sport,5
mazda,6 sport,5
mazda,626,5
mazda,6i,5
mazda,cx-5 sport awd,5
mazda,cx-7 sport,5
mazda,mazda3 5-door,5
mazda,mazda3 i sport w/ navigation system,5
mazda,mazda3 i touring sedan,5
mazda,mazda3 sport,5
mazda,mazda6 i grand touring,5
mazda,mazda6 s sport,5
mazda,mazda6 touring sedan 4d,5
mazda,miata convertible,5
mazda,millenia,5
mazda,mx-5 miata rf,5
mazda,tribute s,5
mazda,3 s,4
mazda,3 select,4
mazda,3i,4
mazda,5 sport,4
mazda,626 lx,4
mazda,626 sdn lx 4-cyl auto,4
mazda,b4000,4
mazda,cx-5 awd,4
mazda,cx9 grand touring,4
mazda,mazda3 i,4
mazda,mazda3 sport hatchback 4d,4
mazda,mazda5 grand touringmini,4
mazda,mazda6 i touring sedan 4d,4
mazda,mazdaspeed 3,4
mazda,miata eunos roadster,4
mazda,mpv es,4
mazda,protege lx,4
mazda,protege sdn lx auto,4
mazda,speed3,4
mazda,3 grand touring,3
mazda,3 i touring 2.0l,3
mazda,3 mazda3 manual,3
mazda,3 sport hatchback,3
mazda,3i sv,3
mazda,6 isport,3
mazda,6 sedan,3
mazda,b2200,3
mazda,cx-3 sport,3
mazda,cx-3 sport utility 4d,3
mazda,cx-30 premium sport,3
mazda,cx-5 touring 2wd,3
mazda,cx-9 touring awd 6-speed automatic,3
mazda,cx5,3
mazda,cx7 sport,3
mazda,cx9 awd,3
mazda,mazda3 i sport hatchback,3
mazda,mazda3 mazdaspeed3 sport hatchback 4d,3
mazda,mazda3 preferred hatchback,3
mazda,mazda3 select sedan 4d,3
mazda,mazda3 sport sedan,3
mazda,mazdaspeed3 touring,3
mazda,mazdaspeed6,3
mazda,speed 3,3
mazda,tribute s 4wd,3
mercedes-benz,c-class,850
mercedes-benz,e-class,621
mercedes-benz,s-class,351
mercedes-benz,m-class,221
mercedes-benz,benz,190
mercedes-benz,benz e350,182
mercedes-benz,gl-class,177
mercedes-benz,gla-class gla 45,156
mercedes-benz,benz c300,152
mercedes-benz,c-class c 300,124
mercedes-benz,glc,107
mercedes-benz,metris passenger,104
mercedes-benz,cls-class,93
mercedes-benz,cla-class,92
mercedes-benz,e-class e 350,85
mercedes-benz,sl-class sl 550,85
mercedes-benz,gls 450 4matic,84
mercedes-benz,sl-class,84
mercedes-benz,mercedes-amg,82
mercedes-benz,glk,81
mercedes-benz,benz ml350,80
mercedes-benz,cla,80
mercedes-benz,e-class e 63 amg,78
mercedes-benz,benz e320,77
mercedes-benz,benz s550,73
mercedes-benz,cls,66
mercedes-benz,gle,66
mercedes-benz,e-class e 300,65
mercedes-benz,e-class e 550,64
mercedes-benz,gla,64
mercedes-benz,glk-class,63
mercedes-benz,sprinter,62
mercedes-benz,m-class ml 350,60
mercedes-benz,mercedes-amg cla,60
mercedes-benz,s-class s 550,60
mercedes-benz,c-class c 63 amg,58
mercedes-benz,e-class e 400,56
mercedes-benz,sprinter 2500,54
mercedes-benz,clk-class,51
mercedes-benz,gls 450 sport,49
mercedes-benz,benz gl450,48
mercedes-benz,e350 sport 4matic,48
mercedes-benz,glk350 4matic awd,46
mercedes-benz,cl-class cl 550,45
mercedes-benz,c 300,44
mercedes-benz,gle-class,44
mercedes-benz,benz sl500,41
mercedes-benz,gla-class,41
mercedes-benz,glc-class,41
mercedes-benz,slk 300 roadster,41
mercedes-benz,glc 300 sport,39
mercedes-benz,benz c300 4matic,36
mercedes-benz,e350,36
mercedes-benz,benz c250,35
mercedes-benz,benz glk 350,35
mercedes-benz,cls-class cls 400,35
mercedes-benz,gle 350 sport,35
mercedes-benz,cla 250,34
mercedes-benz,benz e350 4matic,33
mercedes-benz,c300,33
mercedes-benz,ml 350,33
mercedes-benz,sl500,32
mercedes-benz,glk-class glk 350,31
mercedes-benz,metris,31
mercedes-benz,ml-class,31
mercedes-benz,e320,30
mercedes-benz,glk 350,30
mercedes-benz,s550,30
mercedes-benz,b-class,29
mercedes-benz,clk350,29
mercedes-benz,gls,28
mercedes-benz,ml350,28
mercedes-benz,e350 4matic awd sp,27
mercedes-benz,benz cls550,26
mercedes-benz,cla-class cla 250,26
mercedes-benz,a-class a 220,25
mercedes-benz,benz 450sl,25
mercedes-benz,benz ml350 4matic,24
mercedes-benz,gl450 4matic 4wd l,24
mercedes-benz,benz s500,23
mercedes-benz,glc 300 4matic,23
mercedes-benz,cla 250 coupe 4d,22
mercedes-benz,g-class,22
mercedes-benz,gle 350 4matic,22
mercedes-benz,sl-class sl 400,22
mercedes-benz,benz 380sl,21
mercedes-benz,benz clk 320,21
mercedes-benz,cls-class cls 550,21
mercedes-benz,e 400,21
mercedes-benz,gle 350,21
mercedes-benz,b-class electric,19
mercedes-benz,benz s430,19
mercedes-benz,clk,19
mercedes-benz,e 350,19
mercedes-benz,benz c230,18
mercedes-benz,benz c280 4matic,18
mercedes-benz,benz e500,18
mercedes-benz,benz ml320,18
mercedes-benz,c 250,18
mercedes-benz,c-class c 350e,18
mercedes-benz,cls550,18
mercedes-benz,gla 250 4matic,18
mercedes-benz,s500,18
mercedes-benz,slk350,18
mercedes-benz,benz c240,17
mercedes-benz,benz r350 4matic,17
mercedes-benz,cla-class cla 45,17
mercedes-benz,e350 4matic,17
mercedes-benz,gl450,17
mercedes-benz,gls-class,17
mercedes-benz,benz c280,16
mercedes-benz,benz c350,16
mercedes-benz,benz s550 4matic,16
mercedes-benz,c230 kompressor,16
mercedes-benz,gl-class gl 450,16
mercedes-benz,gla 250 sport,16
mercedes-benz,ml350 4matic awd s,16
mercedes-benz,s 550,16
mercedes-benz,slk-class slk 250,16
mercedes-benz,cls550 executive s,15
mercedes-benz,e 550,15
mercedes-benz,gls 550 sport,15
mercedes-benz,slk-class,15
mercedes-benz,b-class b 250e,14
mercedes-benz,benz glk350 4matic,14
mercedes-benz,c-class c 250,14
mercedes-benz,c250,14
mercedes-benz,gl 350 bluetec local trade*80k msrp*prem pkg*lighting pkg*pano roof* appearance pkg* brown black leather* dvd* tow pkg,14
mercedes-benz,gla 250,14
mercedes-benz,r-class,14
mercedes-benz,s430,14
mercedes-benz,slk,14
mercedes-benz,300d,13
mercedes-benz,380sl,13
mercedes-benz,benz e550,13
mercedes-benz,slc 300 roadster,13
mercedes-benz,sprinter cab chassis,13
mercedes-benz,amg gt,12
mercedes-benz,benz c320,12
mercedes-benz,benz e320 4matic,12
mercedes-benz,benz sprinter 2500 ext,12
mercedes-benz,c-class c300 4matic sport sedan,12
mercedes-benz,c230,12
mercedes-benz,c240,12
mercedes-benz,c280 3.0l luxury,12
mercedes-benz,c300 sport 4matic,12
mercedes-benz,clk320,12
mercedes-benz,cls-class cls 63,12
mercedes-benz,e550 sedan 4matic,12
mercedes-benz,sl550,12
mercedes-benz,sprinter cargo van,12
mercedes-benz,benz cl600,11
mercedes-benz,benz gla250,11
mercedes-benz,benz glk350,11
mercedes-benz,benz ml500,11
mercedes-benz,m-class 3.5l,11
mercedes-benz,ml320,11
mercedes-benz,ml350 4matic,11
mercedes-benz,s65 amg,11
mercedes-benz,sl 550,11
mercedes-benz,m-class ml 320,10
mercedes-benz,sl-class sl500,10
mercedes-benz,240d,9
mercedes-benz,450sl,9
mercedes-benz,benz 300d turbo,9
mercedes-benz,benz cl500,9
mercedes-benz,benz cla 250,9
mercedes-benz,benz e320 cdi,9
mercedes-benz,benz glc300,9
mercedes-benz,benz r350,9
mercedes-benz,c,9
mercedes-benz,cls 550,9
mercedes-benz,e-class e 450,9
mercedes-benz,gl-class gl 350,9
mercedes-benz,gl450 4matic,9
mercedes-benz,gl450 4matic awd w,9
mercedes-benz,gla-class gla 250,9
mercedes-benz,glc 300,9
mercedes-benz,s320,9
mercedes-benz,benz c250 sport,8
mercedes-benz,benz e300,8
mercedes-benz,benz slk230,8
mercedes-benz,c300 4matic,8
mercedes-benz,cla 250 4matic,8
mercedes-benz,clk550 5.5l,8
mercedes-benz,e300,8
mercedes-benz,ml,8
mercedes-benz,r350,8
mercedes-benz,slk230 kompressor,8
mercedes-benz,sprinter 3500,8
mercedes-benz,500sl,7
mercedes-benz,560 sl,7
mercedes-benz,benz 380 sl,7
mercedes-benz,benz clk 350,7
mercedes-benz,benz clk320 cabriolet,7
mercedes-benz,benz slk 350,7
mercedes-benz,benz sprinter 3500,7
mercedes-benz,cl-class,7
mercedes-benz,gl 450 4matic,7
mercedes-benz,glk-class glk 250,7
mercedes-benz,slk 350,7
mercedes-benz,slk280,7
mercedes-benz,sprinter 2500 cargo,7
mercedes-benz,sprinter cargo vans,7
mercedes-benz,450 sl,6
mercedes-benz,500-class,6
mercedes-benz,560-class,6
mercedes-benz,benz 300ce,6
mercedes-benz,benz 450 sel,6
mercedes-benz,benz 500sl,6
mercedes-benz,benz c63 amg,6
mercedes-benz,benz cls63 amg,6
mercedes-benz,benz e300 diesel,6
mercedes-benz,benz e500 4matic,6
mercedes-benz,benz sl500 convertible,6
mercedes-benz,benz sl550,6
mercedes-benz,benz slk 250,6
mercedes-benz,c 250 sport,6
mercedes-benz,c 300 sport,6
mercedes-benz,c-class c300,6
mercedes-benz,c320,6
mercedes-benz,c350,6
mercedes-benz,cclass,6
mercedes-benz,cls cls 550,6
mercedes-benz,e 350 luxury,6
mercedes-benz,e-320 sedan,6
mercedes-benz,e-class e350,6
mercedes-benz,e-class e350 sport,6
mercedes-benz,e350 sport 3.5l,6
mercedes-benz,e500,6
mercedes-benz,g-class g 63 amg,6
mercedes-benz,gl 450,6
mercedes-benz,glb 250 sport,6
mercedes-benz,glc 300 4matic awd,6
mercedes-benz,m-class ml 500,6
mercedes-benz,ml350 3.5l,6
mercedes-benz,ml550,6
mercedes-benz,s63 amg,6
mercedes-benz,sl 450,6
mercedes-benz,benz 300d,5
mercedes-benz,benz 300sd,5
mercedes-benz,benz c240 4matic,5
mercedes-benz,benz clk55 amg,5
mercedes-benz,benz e350 bluetec,5
mercedes-benz,benz e430,5
mercedes-benz,benz e500 sport,5
mercedes-benz,benz ml350 bluetec,5
mercedes-benz,benz s63 amg,5
mercedes-benz,benz sl 500,5
mercedes-benz,benz sl500 roadster,5
mercedes-benz,benz slk 320,5
mercedes-benz,benz slk350,5
mercedes-benz,c-class hybrid,5
mercedes-benz,c300 awd,5
mercedes-benz,cla45 amg,5
mercedes-benz,clk350 3.5l,5
mercedes-benz,clk550,5
mercedes-benz,cls-class 4dr sdn,5
mercedes-benz,e550,5
mercedes-benz,glb 250 4matic,5
mercedes-benz,gle-class gle 350,5
mercedes-benz,glk glk 350 4matic,5
mercedes-benz,glk350,5
mercedes-benz,gls 450,5
mercedes-benz,gls550,5
mercedes-benz,ml350 4wd,5
mercedes-benz,r-class r 350,5
mercedes-benz,s-class s 450,5
mercedes-benz,sl500 5.0l,5
mercedes-benz,sl550 amg sport package,5
mercedes-benz,sl600,5
mercedes-benz,sl63 amg,5
mercedes-benz,slk 230,5
mercedes-benz,sprinter cargo,5
mercedes-benz,- benz sprinter,4
mercedes-benz,250 s,4
mercedes-benz,300cd,4
mercedes-benz,awd *gl 450 4matic 4dr*suv*clean*carfax *3row seat nav,4
mercedes-benz,benz 200d,4
mercedes-benz,benz 300te,4
mercedes-benz,benz 420 sel,4
mercedes-benz,benz 420sel,4
mercedes-benz,benz 450 sl,4
mercedes-benz,benz c-class c300 4matic sport sedan 7-speed automatic,4
mercedes-benz,benz c240 wagon,4
mercedes-benz,benz c250 coupe,4
mercedes-benz,benz cl550 amg,4
mercedes-benz,benz cla250,4
mercedes-benz,benz cls 550,4
mercedes-benz,benz e420,4
mercedes-benz,benz e55 amg,4
mercedes-benz,benz g550,4
mercedes-benz,benz gl550 4matic,4
mercedes-benz,benz gls 63 amg,4
mercedes-benz,benz ml 320,4
mercedes-benz,benz ml 350,4
mercedes-benz,benz ml 450,4
mercedes-benz,benz ml320 cdi,4
mercedes-benz,benz s500 4matic,4
mercedes-benz,benz s65 amg,4
mercedes-benz,benz sl320,4
mercedes-benz,benz slk320,4
mercedes-benz,benz unimog,4
mercedes-benz,c 240,4
mercedes-benz,c class,4
mercedes-benz,c-class c300 sedan,4
mercedes-benz,c-class hybrid c 350e luxury,4
mercedes-benz,c230 sport,4
mercedes-benz,c250 sport,4
mercedes-benz,c300 sport,4
mercedes-benz,cl-class cl 55,4
mercedes-benz,cl500,4
mercedes-benz,cla250 4matic awd,4
mercedes-benz,clk 320,4
mercedes-benz,clk 350,4
mercedes-benz,clk320 convertible,4
mercedes-benz,clk430,4
mercedes-benz,e 300,4
mercedes-benz,e 350 4matic,4
mercedes-benz,e class,4
mercedes-benz,e-300,4
mercedes-benz,e-class e350 4matic luxury sedan,4
mercedes-benz,e320 4matic,4
mercedes-benz,e350 low miles,4
mercedes-benz,e400 4matic,4
mercedes-benz,g550,4
mercedes-benz,gl,4
mercedes-benz,gl-class gl 550,4
mercedes-benz,gl550 4matic awd,4
mercedes-benz,glc glc 300 suv,4
mercedes-benz,gle 300d 4matic,4
mercedes-benz,gls 550 4matic,4
mercedes-benz,gls gls 450,4
mercedes-benz,m,4
mercedes-benz,m-class ml 550,4
mercedes-benz,m-class ml350 suv,4
mercedes-benz,ml500,4
mercedes-benz,r320 cdi,4
mercedes-benz,sl class,4
mercedes-benz,slk280 3.0l,4
mercedes-benz,sprinter 3500 super hi,4
mercedes-benz,300,3
mercedes-benz,300-class,3
mercedes-benz,300se,3
mercedes-benz,350sl,3
mercedes-benz,380 sl,3
mercedes-benz,"40k mile $362.47, $2000 down, only 40k miles $362.47,luxury low miles $2000 down, only 40k miles",3
mercedes-benz,450slc,3
mercedes-benz,a-class,3
mercedes-benz,amg c 43,3
mercedes-benz,benz 280se,3
mercedes-benz,benz 300e,3
mercedes-benz,benz 450 slc,3
mercedes-benz,benz 560 sec,3
mercedes-benz,benz 560 sl convertible,3
mercedes-benz,benz c-300 sedan,3
mercedes-benz,benz c230 kompressor,3
mercedes-benz,benz c250 luxury,3
mercedes-benz,benz c350e,3
mercedes-benz,benz cla,3
mercedes-benz,benz cla 250 edition 1,3
mercedes-benz,benz clk500,3
mercedes-benz,benz cls500,3
mercedes-benz,benz e320 bluetec,3
mercedes-benz,benz e320 wagon,3
mercedes-benz,benz g500,3
mercedes-benz,benz g550 4matic,3
mercedes-benz,benz gl 450,3
mercedes-benz,benz gl350,3
mercedes-benz,benz gl350 bluetec,3
mercedes-benz,benz gl550,3
mercedes-benz,benz ml 550 4matic,3
mercedes-benz,benz ml430,3
mercedes-benz,benz s 550,3
mercedes-benz,benz s320,3
mercedes-benz,benz s55 amg,3
mercedes-benz,benz s550 4 matic,3
mercedes-benz,benz slk230 kompressor,3
mercedes-benz,benz slk280,3
mercedes-benz,benz sprinter,3
mercedes-benz,benz sprinter 2500,3
mercedes-benz,c 300 sedan,3
mercedes-benz,c class c 300 sport 4matic,3
mercedes-benz,c-class c 280,3
mercedes-benz,c-class c300 4mat,3
mercedes-benz,c-class c300 4matic sedan,3
mercedes-benz,c280,3
mercedes-benz,c300 4matic awd,3
mercedes-benz,c320 4matic,3
mercedes-benz,cl 600,3
mercedes-benz,cla cla 250,3
mercedes-benz,cla-250,3
mercedes-benz,cla-class cla250,3
mercedes-benz,cla-class cla250 4matic,3
mercedes-benz,cla-class only,3
mercedes-benz,convertible,3
mercedes-benz,e,3
mercedes-benz,e 400 4matic,3
mercedes-benz,e320 cdi,3
mercedes-benz,e350 4 matic,3
mercedes-benz,e350 4matic awd,3
mercedes-benz,e350 4matic wagon amg,3
mercedes-benz,gl-class gl450,3
mercedes-benz,gl450 4matic awd,3
mercedes-benz,gle 400 4matic,3
mercedes-benz,gle350,3
mercedes-benz,glk 350 4matic,3
mercedes-benz,glk 350 4matic awd,3
mercedes-benz,glk glk 350,3
mercedes-benz,gls 550,3
mercedes-benz,mercedes-amg gle,3
mercedes-benz,ml320 cdi,3
mercedes-benz,ml350 awd,3
mercedes-benz,s 63 amg,3
mercedes-benz,s-class s,3
mercedes-benz,s-class s550 sedan,3
mercedes-benz,s550 4matic,3
mercedes-benz,sl,3
mercedes-benz,sl 500,3
mercedes-benz,sl-class sl 63 amg,3
mercedes-benz,sl500 convertible,3
mercedes-benz,sl55,3
mercedes-benz,slc-class amg,3
mercedes-benz,slk 300,3
mercedes-benz,slk250 roadster,3
mercedes-benz,sprinter crew van,3
mercury,grand marquis,228
mercury,mountaineer,104
mercury,mariner,99
mercury,sable,96
mercury,milan,70
mercury,grand marquis ls,48
mercury,cougar,45
mercury,monterey,28
mercury,milan premier,26
mercury,cougar xr7,20
mercury,montego,20
mercury,comet,16
mercury,grand marquis gs,16
mercury,sable base,16
mercury,sable ls,16
mercury,mountaineer premier,15
mercury,mariner premier,13
mercury,capri,11
mercury,sable ls premium,11
mercury,mariner hybrid,9
mercury,villager,9
mercury,sable premier,8
mercury,milan v6 premier,6
mercury,montclair,5
mercury,comet caliente,4
mercury,grand marquis ls premium,4
mercury,mariner 4x4,4
mercury,sable gs,4
mercury,villager van,4
mercury,2 door coup,3
mercury,custom,3
mercury,mariner fwd 4dr premier,3
mercury,marquis,3
mercury,montego mx,3
mercury,montego premier,3
mercury,moutaineer awd,3
mercury,sable wagon,3
mercury,villager sport,3
mg,mg mgb,26
mg,mg midget,26
mg,mg td,9
mg,mg b,6
mg,mg,3
mini,cooper,263
mini,cooper s,229
mini,cooper countryman,129
mini,countryman,126
mini,cooper hardtop,125
mini,convertible cooper s 2d,107
mini,countryman cooper se all4,101
mini,cooper clubman,88
mini,hardtop 2 door cooper s,81
mini,hardtop 2 door john cooper,72
mini,hardtop cooper s hatchback,68
mini,hardtop,58
mini,cooper s countryman,48
mini,cooper hardtop 2 door,40
mini,cooper convertible,32
mini,hardtop john cooper works,29
mini,cooper countryman s all4,27
mini,clubman,25
mini,clubman cooper s hatchback,25
mini,cooper countryman s,21
mini,countryman cooper s all4,21
mini,hardtop 2 door cooper,21
mini,roadster cooper s 2d,20
mini,cooper hardtop 4 door,19
mini,cooper s convertible,19
mini,hardtop 2 door,19
mini,cooper clubman s,17
mini,paceman,17
mini,countryman cooper s,14
mini,hardtop 4 door cooper,14
mini,cooper base,12
mini,hardtop 4 door,12
mini,convertible,11
mini,clubman cooper hatchback 4d,10
mini,cooper hardtop s,10
mini,countryman cooper hatchback,10
mini,paceman cooper s all4,10
mini,convertible cooper 2d,9
mini,hardtop 4 door cooper s,9
mini,cooper s hardtop,8
mini,van,8
mini,cooper convertible s,7
mini,cooper s countryman all4,7
mini,cooper s hardtop 2 door,7
mini,coupe cooper s 2d,7
mini,t campervan,7
mini,clubman cooper all4,6
mini,cooper s e countryman,6
mini,t class b campervan,6
mini,cooper hardtop 2dr cpe,5
mini,cooper s clubman,5
mini,roadster,5
mini,bus,4
mini,clubman cooper s all4,4
mini,cooper base 2dr hatchback,4
mini,cooper s 2 door cooper s,4
mini,cooper s paceman,4
mini,t campervan rv,4
mini,cargo,3
mini,"cooper ""s"" paceman awd",3
mini,cooper countryman s awd,3
mini,cooper mt convertible,3
mini,countryman john cooper,3
mini,countryman plug-in hybrid,3
mini,countryman s all4,3
mini,john cooper works,3
mini,t camper van,3
mitsubishi,outlander sport,254
mitsubishi,outlander sport es,252
mitsubishi,outlander,246
mitsubishi,lancer,176
mitsubishi,outlander phev sel,161
mitsubishi,eclipse,132
mitsubishi,mirage,105
mitsubishi,outlander se sport,96
mitsubishi,outlander es sport,88
mitsubishi,galant,85
mitsubishi,outlander gt sport,75
mitsubishi,eclipse cross es,65
mitsubishi,fuso fe145,56
mitsubishi,outlander phev gt,55
mitsubishi,eclipse cross,49
mitsubishi,fuso fe160,41
mitsubishi,outlander sport se,41
mitsubishi,mirage g4,33
mitsubishi,mirage g4 rf sedan 4d,33
mitsubishi,endeavor,31
mitsubishi,outlander sel 4x4 gas,30
mitsubishi,montero,29
mitsubishi,fuso fh211,27
mitsubishi,montero sport,27
mitsubishi,fuso fe180,25
mitsubishi,eclipse cross le,21
mitsubishi,fuso,21
mitsubishi,fuso fe,21
mitsubishi,outlander sport es 2.0 cvt,21
mitsubishi,eclipse cross sel,20
mitsubishi,lancer evolution,20
mitsubishi,mirage g4 es,19
mitsubishi,outlander sel sport,19
mitsubishi,outlander sport le,19
mitsubishi,eclipse cross sp,18
mitsubishi,outlander sport 2.0,18
mitsubishi,mirage es,16
mitsubishi,lancer es,15
mitsubishi,outlander se,14
mitsubishi,lancer evolution mr,13
mitsubishi,mirage g4 es sedan 4d,13
mitsubishi,outlander es,13
mitsubishi,delica space gear,12
mitsubishi,eclipse spyder,12
mitsubishi,eclipse spyder gt,12
mitsubishi,minicab,11
mitsubishi,lancer evolution gsr,10
mitsubishi,mirage es hatchback,10
mitsubishi,mirage le cvt,9
mitsubishi,outlander sport fwd,9
mitsubishi,outlander sport gt,9
mitsubishi,galant es,8
mitsubishi,3000gt,7
mitsubishi,delica l400,7
mitsubishi,endeavor ls,7
mitsubishi,lancer gt,7
mitsubishi,mirage es cvt,7
mitsubishi,outlander sport sel,7
mitsubishi,pajero,7
mitsubishi,raider ls,7
mitsubishi,3000gt sl,6
mitsubishi,diamante,6
mitsubishi,eclipse gs,6
mitsubishi,eclipse gt,6
mitsubishi,lancer oz rally,6
mitsubishi,mirage le hatchback,6
mitsubishi,outlander le sport,6
mitsubishi,3000gt vr4,5
mitsubishi,endeavor xls,5
mitsubishi,lancer sportback,5
mitsubishi,montero sport xls 4x4,5
mitsubishi,outlander phev,5
mitsubishi,outlander sel 4wd,5
mitsubishi,delica,4
mitsubishi,eclipse cross es 4x4,4
mitsubishi,eclipse spyder gts,4
mitsubishi,fuso box truck,4
mitsubishi,fuso fe84d,4
mitsubishi,mirage de,4
mitsubishi,mirage g4 es cvt,4
mitsubishi,montero limited,4
mitsubishi,outlander sport sp,4
mitsubishi,eclipse gt 2dr,3
mitsubishi,eclipse spyder gs,3
mitsubishi,fuso crew cab,3
mitsubishi,i-miev,3
mitsubishi,lancer gts,3
mitsubishi,lancer ls,3
mitsubishi,lancer ralliart,3
mitsubishi,mirage g4 le sedan 4d,3
mitsubishi,mirage g4 se,3
mitsubishi,mirage only 56k,3
mitsubishi,outlander awd ls,3
mitsubishi,outlander es awd,3
mitsubishi,outlander ls,3
mitsubishi,outlander se 4x4 gas,3
mitsubishi,outlander sport 2.0 le 4wd cvt,3
mitsubishi,outlander sport 2wd 4dr cvt 2.4 es,3
mitsubishi,outlander xls,3
mitsubishi,raider,3
nissan,altima,2270
nissan,rogue,1100
nissan,sentra,1098
nissan,murano,645
nissan,pathfinder,614
nissan,maxima,597
nissan,versa,596
nissan,frontier,564
nissan,titan,458
nissan,xterra,338
nissan,altima 2.5 s,298
nissan,armada,239
nissan,370z nismo coupe 2d,200
nissan,frontier crew cab pro-4x,192
nissan,sentra sv,172
nissan,juke,148
nissan,sentra s,147
nissan,quest,140
nissan,leaf,137
nissan,rogue sv,134
nissan,frontier crew cab sv,129
nissan,rogue s,122
nissan,frontier king cab sv,107
nissan,titan single cab sv,106
nissan,versa note,104
nissan,nv200,103
nissan,versa sv,93
nissan,altima s,90
nissan,cube,86
nissan,titan xd crew cab sv,85
nissan,sentra s sedan 4d,83
nissan,leaf s hatchback 4d,81
nissan,altima 2.5 sl,76
nissan,370z,72
nissan,350z,71
nissan,titan xd,65
nissan,titan crew cab sv pickup,64
nissan,rogue select,63
nissan,rogue sport,63
nissan,frontier crew cab,61
nissan,versa s,61
nissan,murano sl,59
nissan,pathfinder se,59
nissan,370z coupe 2d,57
nissan,murano s,57
nissan,rogue sl,56
nissan,murano sl awd,55
nissan,altima 2.5,53
nissan,frontier king cab s,53
nissan,sentra sr,51
nissan,altima 2.5 sv,50
nissan,rogue awd,47
nissan,kicks,46
nissan,altima sr,45
nissan,frontier sv,44
nissan,leaf sv hatchback 4d,43
nissan,maxima sv,43
nissan,rogue s awd,42
nissan,nv,38
nissan,pathfinder sv,38
nissan,titan xd single cab sv,38
nissan,maxima se,37
nissan,rogue sv awd,37
nissan,versa note sv,37
nissan,altima 2.5s,35
nissan,frontier 4x4,34
nissan,altima 2.5 sr,32
nissan,sentra sv sedan 4d,32
nissan,pathfinder sl,31
nissan,300zx,30
nissan,nv2500 hd cargo,30
nissan,rogue sv sport utility 4d,30
nissan,xterra se,30
nissan,juke sv,29
nissan,titan xd pro-4x,28
nissan,altima 2.5 sl sedan 4d,27
nissan,leaf sl hatchback 4d,27
nissan,maxima platinum sedan 4d,27
nissan,rogue s sport utility 4d,27
nissan,versa 1.6 s,27
nissan,xterra 4x4,27
nissan,altima 2.5 4dr sedan,26
nissan,frontier se,26
nissan,pathfinder le,26
nissan,pathfinder platinum,26
nissan,rogue sl awd,26
nissan,titan pro-4x,26
nissan,versa sedan,25
nissan,altima sl,23
nissan,gt-r,23
nissan,sentra sl,23
nissan,altima sv,22
nissan,armada platinum,22
nissan,maxima s sedan 4d,22
nissan,maxima sv sedan 4d,22
nissan,quest s,22
nissan,sentra 2.0 s,22
nissan,titan se,22
nissan,titan single cab,22
nissan,frontier sv crew cab,21
nissan,murano sv,21
nissan,nv cargo,21
nissan,370z touring coupe 2d,20
nissan,xterra s,19
nissan,350z convertible,18
nissan,leaf sl,18
nissan,maxima 3.5 s,18
nissan,maxima 3.5 sv,18
nissan,murano sv awd! awd,18
nissan,pathfinder s,18
nissan,pathfinder sl 4wd,18
nissan,titan le,18
nissan,altima 2.5 sr sedan 4d,17
nissan,altima 3.5 sl,17
nissan,titan crew cab,17
nissan,altima 2.5 sr sedan,16
nissan,armada le,16
nissan,juke sl,16
nissan,nv200 s,16
nissan,quest sl,16
nissan,titan sv,16
nissan,leaf s,15
nissan,maxima sl,15
nissan,nv200 sv,15
nissan,rogue sl sport utility 4d,15
nissan,rouge,15
nissan,versa note sv hatchback,15
nissan,versa sl,15
nissan,versa sv sedan 4d,15
nissan,370z roadster 2d,14
nissan,370z sport touring coupe,14
nissan,altima coupe,14
nissan,armada se,14
nissan,armada sl sport utility,14
nissan,leaf sv,14
nissan,xterra s sport utility 4d,14
nissan,murano s awd,13
nissan,rogue awd sv,13
nissan,300zx coupe with t-tops,12
nissan,370z roadster,12
nissan,altima 2.5 s sedan,12
nissan,altima 3.5 se,12
nissan,frontier 2wd,12
nissan,frontier sv 4x4,12
nissan,frontier xe,12
nissan,juke s,12
nissan,maxima s,12
nissan,murano platinum,12
nissan,murano sv sport utility,12
nissan,quest sv,12
nissan,rogue awd 4dr s,12
nissan,sentra gxe,12
nissan,370z touring,11
nissan,juke sl awd,11
nissan,nv200 compact cargo,11
nissan,rogue sv awd gas suv auto,11
nissan,titan platinum reserve,11
nissan,titan xd crew cab pro-4x,11
nissan,versa 1.6 sv,11
nissan,350z touring,10
nissan,altima 2.5 s sedan 4d,10
nissan,altima hybrid,10
nissan,armada platinum 4x4 gas,10
nissan,armada sl,10
nissan,frontier crew cab s,10
nissan,frontier crew cab sl,10
nissan,frontier king cab,10
nissan,murano s sport utility 4d,10
nissan,nv2500,10
nissan,pathfinder se 4x4,10
nissan,pathfinder sv 4x4,10
nissan,pathfinder sv sport,10
nissan,quest se,10
nissan,sentra 2.0,10
nissan,sentra sl sedan 4d,10
nissan,xterra xe,10
nissan,350z roadster,9
nissan,altima 2.5s coupe,9
nissan,frontier 4wd,9
nissan,frontier s,9
nissan,juke nismo,9
nissan,murano le,9
nissan,murano le awd,9
nissan,nv1500 cargo van,9
nissan,nv2500hd,9
nissan,pathfinder sv 4wd,9
nissan,pickup,9
nissan,rogue sport s utility 4d,9
nissan,sentra 2.0 sr,9
nissan,skyline gtr r32,9
nissan,versa 1.6,9
nissan,versa 1.8 s,9
nissan,xterra off road,9
nissan,300zx 2+2,8
nissan,cube s,8
nissan,d21 hardbody,8
nissan,juke sv awd,8
nissan,kicks sv sport utility 4d,8
nissan,maxima gle,8
nissan,nv200 cargo van,8
nissan,pathfinder le 4wd,8
nissan,pathfinder sl sport,8
nissan,rogue s suv,8
nissan,rogue sport sv utility 4d,8
nissan,rogue sv low miles nice,8
nissan,sentra sedan,8
nissan,xterra pro-4x,8
nissan,xterra se 4x4,8
nissan,altima 2.5 s w/ power seat,7
nissan,armada platinum 4wd,7
nissan,kicks sv,7
nissan,murano platinum awd,7
nissan,pathfinder 4x4,7
nissan,rogue awd 4dr sv,7
nissan,"titan se crew cab 5'6""",7
nissan,titan sv 4x4,7
nissan,titan xd crew cab,7
nissan,xterra x,7
nissan,350z enthusiast,6
nissan,altima se,6
nissan,altima sv sedan,6
nissan,armada sv,6
nissan,frontier crew cab 4x4,6
nissan,frontier pro-4x,6
nissan,hardbody pickup,6
nissan,juke s sport utility 4d,6
nissan,lifted titan platinum 4x4,6
nissan,maxima 3.5 se,6
nissan,maxima platinum,6
nissan,pathfinder s sport,6
nissan,rogue select s sport,6
nissan,rogue sport s,6
nissan,sentra 1.8 s,6
nissan,sentra nismo,6
nissan,sentra sr turbo sedan 4d,6
nissan,titan se crew cab,6
nissan,titan sl,6
nissan,ud2600,6
nissan,versa 1.8 sl,6
nissan,versa s plus,6
nissan,versa sedan sv,6
nissan,altima 2.5 sl sedan,5
nissan,altima 3.5 sv,5
nissan,altima s fwd gas sedan,5
nissan,armada platinum reserve 4,5
nissan,armada platinum sport,5
nissan,cube 1.8 s,5
nissan,frontier pro 4x,5
nissan,frontier sl,5
nissan,maxima 3.5 4dr sedan,5
nissan,maxima 3.5 sl,5
nissan,maxima sr fwd gas sedan,5
nissan,murano platnium,5
nissan,nv 2500,5
nissan,nv1500,5
nissan,pathfinder platinum sport,5
nissan,pathfinder s 4x4 gas suv,5
nissan,pickup truck,5
nissan,quest 3.5 svmini van,5
nissan,rogue s (2017.5) sport,5
nissan,rouge sl awd,5
nissan,rouge sv,5
nissan,sentra sr sedan,5
nissan,titan 4x4,5
nissan,titan crew cab sl pickup,5
nissan,titan king cab sv pickup,5
nissan,titan le 4x4,5
nissan,titan pro-4x 4x4 half ton,5
nissan,titan s,5
nissan,"versa note sr sr, hatchback",5
nissan,z,5
nissan,300zx turbo,4
nissan,300zx twin turbo,4
nissan,350z coupe,4
nissan,altima 2.5 sv sedan,4
nissan,altima 2.5 sv sedan 4d,4
nissan,altima 2.5 svsedan,4
nissan,altima 3.5 se 2dr coupe,4
nissan,altima 4dr sdn i4 2.5 s,4
nissan,altima 4dr sdn i4 2.5 sl,4
nissan,altima gle,4
nissan,altima s 2.5,4
nissan,armada 4x4,4
nissan,armada sv sport utility,4
nissan,d21 pickup,4
nissan,exterra,4
nissan,frontier 2wd crew cab swb auto sv,4
nissan,frontier nismo,4
nissan,frontier sv 85k ml.1owner well maint clean car-fax toolbox,4
nissan,hardbody,4
nissan,kicks sr,4
nissan,maxima platinum (2017.5),4
nissan,maxima sv (2017.5) sedan,4
nissan,murano awd,4
nissan,murano s awd cvt,4
nissan,murano sl sport utility,4
nissan,murano sv awd,4
nissan,murano-awd,4
nissan,nv 1500 cargo van,4
nissan,nv 200,4
nissan,nv200 - brand new tires - bluetooth - shelf -,4
nissan,pathfinder armada,4
nissan,pathfinder platinum 4x4,4
nissan,quest 3.5 s,4
nissan,quest 3.5 se,4
nissan,quest 3.5 sv,4
nissan,r33 skyline gtr,4
nissan,rogue select s,4
nissan,rogue sl awd! awd,4
nissan,rogue sport sv,4
nissan,rogue sv suv,4
nissan,rouge awd,4
nissan,rouge s,4
nissan,safari,4
nissan,sentra ser,4
nissan,sentra ser spec v,4
nissan,sentra special edition,4
nissan,sentra sv cvt,4
nissan,skyline,4
nissan,skyline r33 vspec,4
nissan,titan 5.6 se 4x4,4
nissan,titan king cab,4
nissan,titan xd sv,4
nissan,versa hatchback,4
nissan,versa note s,4
nissan,versa s sedan 4d,4
nissan,xterra 4wd,4
nissan,xterra pro 4x,4
nissan,xterra pro-4x 4wd,4
nissan,240sx,3
nissan,240sx s13,3
nissan,280zx,3
nissan,300 zx,3
nissan,370z nismo,3
nissan,370z nismo tech coupe 2d,3
nissan,720,3
nissan,altima 2.5 s awd sedan,3
nissan,altima 2.5 sedan 4d,3
nissan,altima 2.5sl,3
nissan,altima 3.5 sl sedan,3
nissan,altima 3.5 sr,3
nissan,altima only 77k miles,3
nissan,altima sv sdn,3
nissan,armada se 4x4,3
nissan,cube sl,3
nissan,frontier s crew cab 5at 4wd,3
nissan,frontier se 4x4,3
nissan,frontier se v6 4x2 4dr c,3
nissan,frontier sv v6,3
nissan,frontiersv 4x4 xtra cab,3
nissan,juke fwd s,3
nissan,juke nismo sport utility,3
nissan,juke s awd,3
nissan,kicks s sport utility 4d,3
nissan,lifted titan diesel xd,3
nissan,maxima 3.5 svsedan,3
nissan,maxima se 4dr sedan,3
nissan,maxima sl sedan 4d,3
nissan,maxmia,3
nissan,murano crosscabriolet,3
nissan,nv 2500 cargo van,3
nissan,nv200 sv cargo van,3
nissan,nv2500 highroof,3
nissan,nv3500,3
nissan,nvp,3
nissan,pathfinder s 4wd,3
nissan,pathfinder sl automatic,3
nissan,pathfinder sl awd,3
nissan,pathfinder sv awd,3
nissan,rogue s awd gas suv auto,3
nissan,sentra 2.0 sl,3
nissan,sentra fe+ s,3
nissan,sentra se-r spec v,3
nissan,sentra sv 4dr sedan,3
nissan,sentra sv automatic,3
nissan,sentra xe,3
nissan,stanza,3
nissan,titan crew cab 4x4,3
nissan,titan crew cab pro-4x,3
nissan,titan king cab 4x4,3
nissan,titan se crew cab 5'6,3
nissan,titan xd cummins platinum,3
nissan,titan xd pro 4x,3
nissan,titan xe king cab,3
nissan,versa 1.8 shatchback 4a,3
nissan,versa note s plus,3
nissan,versa only 58k miles,3
nissan,versa s hatchback,3
nissan,versa sedan s,3
nissan,versa sl hatchback,3
nissan,versa sr sedan 4d,3
nissan,xterra 5speed,3
oldsmobile,oldsmobile cutlass,61
oldsmobile,oldsmobile bravada,30
oldsmobile,oldsmobile 88,29
oldsmobile,oldsmobile alero,26
oldsmobile,oldsmobile cutlass supreme,26
oldsmobile,oldsmobile toronado,19
oldsmobile,oldsmobile alero gls,16
oldsmobile,oldsmobile aurora,13
oldsmobile,oldsmobile intrigue,11
oldsmobile,oldsmobile silhouette,11
oldsmobile,oldsmobile 98 regency,10
oldsmobile,oldsmobile,9
oldsmobile,oldsmobile 442,9
oldsmobile,oldsmobile delta 88,9
oldsmobile,oldsmobile eighty-eight,6
oldsmobile,oldsmobile delta 88 royale,5
oldsmobile,oldsmobile 98,4
oldsmobile,oldsmobile coupe,4
oldsmobile,oldsmobile cutlass 442,4
oldsmobile,oldsmobile cutlass ciera,4
oldsmobile,oldsmobile cutlass supreme brougham,4
oldsmobile,oldsmobile regency,4
oldsmobile,oldsmobile alero sedan,3
peterbilt,peterbilt 379,27
peterbilt,peterbilt 379 exhd,22
peterbilt,peterbilt 337 dump,16
peterbilt,peterbilt 386,13
peterbilt,peterbilt,12
peterbilt,peterbilt 389,8
peterbilt,peterbilt 337,6
peterbilt,peterbilt 330,5
peterbilt,peterbilt 335,4
peterbilt,peterbilt 387,3
plymouth,plymouth barracuda,31
plymouth,plymouth,20
plymouth,plymouth prowler,19
plymouth,plymouth valiant,14
plymouth,plymouth duster,12
plymouth,plymouth voyager,12
plymouth,plymouth belvedere,10
plymouth,plymouth roadrunner,10
plymouth,plymouth scamp,10
plymouth,plymouth neon,9
plymouth,plymouth road runner,7
plymouth,plymouth sport fury,7
plymouth,plymouth coupe,5
plymouth,plymouth cuda,5
plymouth,plymouth satellite,5
plymouth,plymouth fury,4
plymouth,plymouth business coupe,3
plymouth,plymouth deluxe,3
plymouth,plymouth gran fury,3
plymouth,plymouth grand voyager,3
plymouth,plymouth prowler roadster,3
plymouth,plymouth sedan,3
pontiac,g6,403
pontiac,grand prix,237
pontiac,vibe,191
pontiac,firebird,116
pontiac,gto,87
pontiac,solstice,77
pontiac,torrent,77
pontiac,grand am,62
pontiac,bonneville,54
pontiac,trans am,53
pontiac,g6 gt,44
pontiac,g5,38
pontiac,montana,36
pontiac,g8,31
pontiac,firebird trans am,24
pontiac,grand prix gt,24
pontiac,solstice convertible 2d,24
pontiac,lemans,22
pontiac,montana sv6,20
pontiac,firebird formula,17
pontiac,solstice gxp,16
pontiac,torrent awd,15
pontiac,solstice convertible,14
pontiac,sunfire,14
pontiac,vibe 1.8l 1-owner* only 87k miles* no accidents* no damages* all service records since new* fresh trade in*2-keys* newer good year all season tires*60k service done,14
pontiac,bonneville se,13
pontiac,grand am gt,13
pontiac,fiero gt,12
pontiac,g8 gt,12
pontiac,trans am ws6,11
pontiac,aztek,10
pontiac,fiero,10
pontiac,firebird trans am ws6,10
pontiac,grand prix gt1,10
pontiac,g6 sedan,9
pontiac,grand am se,8
pontiac,grand am se1,8
pontiac,vibe base,8
pontiac,vibe gt,8
pontiac,grand prix gtp,7
pontiac,vibe awd,7
pontiac,g5 coupe,6
pontiac,silver streak,6
pontiac,soltice,6
pontiac,bonneville gxp,5
pontiac,bonneville sle,5
pontiac,bonneville ssei,5
pontiac,catalina,5
pontiac,chieftain,5
pontiac,g6 gt convertible,5
pontiac,g6 gxp,5
pontiac,grand prix gt2,5
pontiac,montana van,5
pontiac,vibe 1.8l,5
pontiac,aztec,4
pontiac,boneville,4
pontiac,catalina convertible,4
pontiac,firebird convertible,4
pontiac,firebird trans am coupe,4
pontiac,firebird transam,4
pontiac,g3,4
pontiac,g5 coupe gt,4
pontiac,parisienne,4
pontiac,tempest,4
pontiac,torrent base 4dr suv,4
pontiac,4 door,3
pontiac,coupe,3
pontiac,fiero se,3
pontiac,firebird t-top,3
pontiac,g6 gtp,3
pontiac,grand prix se,3
pontiac,lemans sport,3
pontiac,montana/ sv6,3
pontiac,starchief,3
pontiac,streamliner,3
pontiac,sunfire se,3
pontiac,trans-am,3
pontiac,vibe sport wagon,3
porsche,cayenne,217
porsche,boxster,114
porsche,panamera,68
porsche,911,66
porsche,macan,60
porsche,911 carrera,39
porsche,cayenne s awd luxury suv,39
porsche,cayenne s,36
porsche,macan turbo awd crossove,35
porsche,boxster roadster 2d,28
porsche,cayman,25
porsche,cayenne sport utility 4d,24
porsche,cayenne turbo awd,23
porsche,boxster convertible 2d,20
porsche,944,17
porsche,boxster s,15
porsche,"macan s 67k msrp* premium package plus* gloss black window trim*roof rails in black* 20"" rs spyder wheels* navigation* heated and ventilated seats*tinted windows",15
porsche,"cayenne 1-owner* local trade* convenience pkg* panoramic roof* dealer serviced, new tires* 2-keys* front & rear sensors*back up cam",13
porsche,cayenne s awd v8 suv,13
porsche,macan s,13
porsche,cayenne turbo,11
porsche,macan s sport utility 4d,11
porsche,macan sport utility 4d,11
porsche,panamera sedan 4d,11
porsche,boxster convertible,10
porsche,cayenne gts,9
porsche,911 carrera cabriolet,8
porsche,boxster convertible - low mileage - new tires - bl,8
porsche,cayenne platinum edition,8
porsche,718 cayman,7
porsche,928,7
porsche,928s,7
porsche,boxster roadster w/power,7
porsche,cayman s,7
porsche,panamera turbo,7
porsche,914,6
porsche,968,6
porsche,panamera 4,6
porsche,panamera 4s sedan 4d,6
porsche,911 turbo,5
porsche,panamera s,5
porsche,718 cayman 6 speed manual,4
porsche,911 carrera cabriolet c4,4
porsche,911 carrera s cabriolet,4
porsche,912,4
porsche,924,4
porsche,924s,4
porsche,boxter,4
porsche,panamera gts sedan 4d,4
porsche,911 carrera 4s,3
porsche,911 t targa,3
porsche,928 s4,3
porsche,944 s2 cabriolet,3
porsche,944 turbo,3
porsche,cayenne diesel sport,3
porsche,cayenne gts awd,3
porsche,cayenne s hybrid,3
porsche,cayenne turbo s,3
porsche,cayman gts,3
porsche,macan gts,3
ram,1500,3545
ram,2500,2081
ram,3500,1191
ram,1500 crew cab big horn,635
ram,1500 classic regular cab,383
ram,pickup 1500,252
ram,5500,181
ram,1500 4x4,177
ram,1500 quad cab harvest pickup,174
ram,1500 crew cab,143
ram,1500 slt,130
ram,1500 sport 4x4 1/2 ton,120
ram,1500 classic,117
ram,1500 regular cab tradesman,117
ram,1500 laramie,111
ram,2500 crew cab,107
ram,1500 quad cab,104
ram,2500 laramie,104
ram,2500 slt,101
ram,pickup 2500,98
ram,1500 quad cab express pickup,93
ram,1500 laramie 4x4 gas,89
ram,3500 laramie,86
ram,1500 big horn,81
ram,1500 crew cab laramie pickup,81
ram,3500 slt,78
ram,1500 sport,76
ram,1500 crew cab tradesman,72
ram,promaster cargo van,72
ram,promaster city,71
ram,2500 tradesman,70
ram,promaster 1500,69
ram,pickup 1500 classic,67
ram,2500 4x4,66
ram,2500 longhorn mega 4x4,60
ram,3500 mega cab,53
ram,4500,52
ram,promaster city cargo van,52
ram,3500 tradesman,47
ram,1500 crew cab express pickup,46
ram,2500 cummins,46
ram,promaster 2500,46
ram,3500 big horn,44
ram,2500 crew cab big horn,43
ram,1500 quad cab tradesman,42
ram,1500 classic crew cab big,41
ram,1500 classic quad cab,41
ram,1500 express,41
ram,1500 tradesman,39
ram,1500 quad cab big horn,38
ram,2500 slt 4x4 cummins,37
ram,cummins 3500 laramie,37
ram,1500 laramie 4x4,36
ram,1500 quad cab slt pickup 4d,36
ram,3500 longhorn 4x4,36
ram,promaster,36
ram,diesel cummins 3500,34
ram,1500 crew cab laramie,33
ram,1500 crew cab rebel pickup,33
ram,2500 diesel,32
ram,2500 quad cab,31
ram,pickup 3500,31
ram,1500 st,30
ram,2500 laramie longhorn,30
ram,2500 mega cab,29
ram,all-new 1500,28
ram,1500 sport 4x4,27
ram,1500 rebel,26
ram,1500 rebel 4x4 1/2 ton,26
ram,1500 slt 4x4,25
ram,promaster cargo,25
ram,1500 classic slt 4x4,24
ram,1500 express 4x4 gas,24
ram,"2500 6"" lifted laramie crew 4x4",24
ram,2500 crew cab tradesman,24
ram,1500 crew cab slt pickup 4d,23
ram,chassis cab,23
ram,1500 crew cab lone star,22
ram,1500 lifted big horn crew cab 5.7 liter hemi,22
ram,1500 outdoorsman 4x4,22
ram,1500 quad cab laramie pickup,22
ram,2500 crew cab slt 4x4,22
ram,3500 lifted tradesman drw 6.7 cummins,21
ram,1500 slt 4wd!,20
ram,2500 st,20
ram,3500 chassis cab,20
ram,3500 crew cab,20
ram,deisel cummins 3500,20
ram,1500 big horn/lone star,19
ram,1500 classic crew cab slt,19
ram,1500 laramie longhorn,19
ram,1500 slt 4x4 half ton,19
ram,2500 4x4 cummins,19
ram,2500 tradesman lifted 4wd cummins,19
ram,c/v,19
ram,1500 classic warlock,18
ram,1500 bighorn 4x4 gas,17
ram,1500 laramie 4x4 eco diesel,17
ram,cargo van,17
ram,dakota,17
ram,1500 slt 4x4 1/2 ton,16
ram,5500 tradesman,16
ram,promaster 1500 cargo van,16
ram,1500 classic slt,15
ram,1500 lone star,15
ram,2500 slt 4x4,15
ram,3500 4x4,15
ram,diesel cummins 2500,15
ram,1500 laramie quad cab short,14
ram,1500 quad cab sport pickup,14
ram,2500 power wagon,14
ram,promaster 3500,14
ram,1500 classic crew cab,13
ram,1500 hemi,13
ram,1500 limited 4x4 gas,13
ram,1500 longhorn,13
ram,2500 laramie crew 4wd,13
ram,2500 laramie crewcab 4wd,13
ram,2500 st crew cab flatbed,13
ram,promaster city wagon slt,13
ram,1500 4wd,12
ram,1500 laramie crew cab short,12
ram,2500 tradesman 4x4,12
ram,3500 crew cab flat bed tradesman 4x4 drw,12
ram,3500 laramie drw crew cab cummins,12
ram,cummins 2500 laramie,12
ram,diesels cummins 3500,12
ram,1500 regular cab,11
ram,2500 big horn,11
ram,3500 quad cab,11
ram,3500 tradesman crew cab sho,11
ram,chassis 3500,11
ram,slt,11
ram,1500 bighorn,10
ram,1500 classic express,10
ram,1500 longhorn limited,10
ram,1500 sportcrew cab,10
ram,2500 tradesman crew cab,10
ram,3500 crew cab trademan 4x4 drw,10
ram,cummins 2500 bighorn,10
ram,1500 big horn 4wd,9
ram,1500 laramie longhorn editi,9
ram,1500 longhorn 4x4 gas,9
ram,1500 outdoorsman,9
ram,1500 slt 4wd!crew cab,9
ram,1500 sxt 4x4 half ton,9
ram,2500 crew cab lone star,9
ram,2500 laramie 4dr megacab,9
ram,3500 bighorn 4x4 1 ton,9
ram,3500 dually,9
ram,promaster 2500 cargo van,9
ram,promaster city wagon,9
ram,van,9
ram,1500 limited,8
ram,1500 limited crewcab leveled,8
ram,1500 reg cab st,8
ram,1500 slt 1owner 4x4 5.7l well maint runs&drive great!!!,8
ram,2500 diesel 4x4 5.9l cummins turbo diesel quad cab short bed low miles,8
ram,2500 laramie cummins,8
ram,2500 reg cab slt 4x4,8
ram,3500 cummins,8
ram,3500 high roof 10'6 - lift gate -,8
ram,deisel cummins 2500,8
ram,diesels cummins 2500,8
ram,promaster cargo 1500 cargo 136 wb,8
ram,promaster cargo 3500 159 wb,8
ram,rebel,8
ram,1500 big horn 4x4,7
ram,1500 classic slt 4wd,7
ram,1500 sportextended cab,7
ram,1500 tradesman 4wd!crew,7
ram,2500 4x4 megacab,7
ram,3500 laramie cummins,7
ram,3500 longhorn limited,7
ram,3500 slt lifted crew,7
ram,3500 tradesman hd 4x4 dually,7
ram,cummins 2500,7
ram,diesel cummin 3500 4x4,7
ram,100,6
ram,1500 classic bighorn,6
ram,1500 express crew cab short,6
ram,1500 ext cab,6
ram,1500 tradesmanextended cab,6
ram,1500 trx launch edition 702hp every option #114 of 702,6
ram,2500 laramie 4x4 / 5.9,6
ram,2500 slt cummins,6
ram,3500 crew cab tradesman 4x4,6
ram,3500 drw laramie,6
ram,5500hd,6
ram,pickup 1500 classic slt 4wd,6
ram,pickup 1500 express quad cab,6
ram,pickup 1500 slt 4x4 4dr,6
ram,1500 4x4 crew cab,5
ram,1500 classic tradesman,5
ram,1500 conversion van,5
ram,1500 crew cab laramie limit,5
ram,1500 harvest,5
ram,1500 hemi slt,5
ram,1500 laramie crew cab,5
ram,1500 mega cab,5
ram,1500 outdoorsman 4wd!,5
ram,1500 quad cab lone star,5
ram,1500 slt 4wd,5
ram,1500 sltcrew cab,5
ram,1500 st 4wd!extended,5
ram,1500 st 4x4 gas,5
ram,2500 4wd,5
ram,2500 4x4 power wagon crew cab 5.7l hemi gas laramie one owner low miles,5
ram,2500 cummins laramie,5
ram,2500 cummins sport,5
ram,2500 diesel 4x4 5.9l c,5
ram,2500 laramie mega cab 4x4 bds lifted loaded diesel,5
ram,2500 megacab laramie,5
ram,2500 powerwagon,5
ram,2500 quad cab d i e,5
ram,2500 quad cab slt,5
ram,3500 regular cab,5
ram,3500 van,5
ram,50,5
ram,c/v cargo van,5
ram,c/v tradesman,5
ram,charger,5
ram,cummin 2500 laramie,5
ram,cummins 1500 laramie,5
ram,cv,5
ram,diesel cummins,5
ram,diesel cummins 1500,5
ram,pickup 1500 express,5
ram,pickup 1500 tradesman,5
ram,promaster 2500 cargo,5
ram,promaster 2500 high top,5
ram,promaster city cargo tradesman,5
ram,promaster city wagon van 4d,5
ram,van 1500,5
ram,1500 4x4 slt,4
ram,1500 big horncrew cab,4
ram,1500 ecodiesel,4
ram,1500 express quad,4
ram,1500 laramie limited,4
ram,1500 laramie longhorn 4wd!,4
ram,1500 laramie slt,4
ram,1500 quad cab 4x4,4
ram,"1500 reg cab slt ""bumble bee"" 4x4",4
ram,1500 regular cab - rear camera - side cabinets -,4
ram,1500 slt big horn,4
ram,1500 slt sport,4
ram,1500 sport 4wd!crew cab,4
ram,1500 sport crew cab lwb 4wd,4
ram,1500 st extended cab,4
ram,1500 sxt 4x4 1/2 ton,4
ram,1500 tradesman 4x4,4
ram,1500 tradesman standard,4
ram,250,4
ram,2500 4x4 5.7l hemi 1-owner new wheels&tires,4
ram,2500 bighorn,4
ram,2500 black widow,4
ram,2500 crew 4x4,4
ram,2500 cummins 4x4,4
ram,2500 diesel 4x4,4
ram,2500 diesel 4x4 6.7l c,4
ram,2500 tradesman 4x4 gas,4
ram,3500 4x4 *laramie 4dr crew cab 6.3 ft sb pickup,4
ram,3500 4x4 cummins,4
ram,3500 slt 4x4 mega cab,4
ram,chassis 3500 6.7l,4
ram,deisel cummins 1500,4
ram,diesel cummin,4
ram,diesel cummin 1500 4x4,4
ram,diesel cummin 2500 4x4,4
ram,pickup,4
ram,pickup 1500 big horn 4x2,4
ram,pickup 1500 slt,4
ram,pickup 2500 laramie,4
ram,pickup 2500 sltquad,4
ram,promaster 2500 handicap,4
ram,promaster cargo van 1500,4
ram,promaster city cargo,4
ram,quad cab laramie,4
ram,slt crew cab,4
ram,tradesman,4
ram,van 2500,4
ram,w250,4
ram,wagon,4
ram,1500 *4x4*slt 4dr *crew cab sb *pichup *local *truck,3
ram,"1500 4wd crew cab 149"" laramie",3
ram,"1500 4wd quad cab 140.5"" big horn",3
ram,1500 4x4 lb,3
ram,1500 big hornextended cab,3
ram,1500 bighorn 4x4,3
ram,1500 classic quad cab slt,3
ram,1500 classic sport 4x4,3
ram,1500 laramie automatic,3
ram,"1500 laramie, $452.02 month, 2.9% apr, $2000 down, 72 m laramie, $452.02 month, 2.9% apr, $2000 down, 72 m",3
ram,1500 laramieextended cab,3
ram,1500 limited edition crew cab lwb 4wd,3
ram,1500 quad cab slt,3
ram,1500 regular cab st,3
ram,1500 slt 4wd!extended cab,3
ram,1500 slt crew cab 4wd,3
ram,1500 slt crew cab 4x4,3
ram,1500 sport 4wd!,3
ram,1500 sport crew cab swb 4wd,3
ram,1500 st 4x4,3
ram,1500 st 4x4 half ton,3
ram,1500 st tradesman/express,3
ram,1500 sxt 4x4,3
ram,1500 tradesman quad cab,3
ram,1500 trx,3
ram,2500 4dr quad cab 160.5 4wd slt,3
ram,2500 4x4 crew cab big horn,3
ram,2500 crew cab 4x4,3
ram,2500 cummins 6.7 - tradesman - 4x4 - crew cab - 8ft - - lifted,3
ram,2500 diesel 4x4 5.9l 1,3
ram,2500 diesel 4x4 5.9l h,3
ram,2500 laramie 4x4 gas,3
ram,2500 laramie crew cab lifted cummins,3
ram,2500 laramie mega cab 4x4,3
ram,2500 longhorn loaded! south,3
ram,2500 mega cab 4wd,3
ram,2500 mega cab 4x4,3
ram,2500 mega cummins,3
ram,2500 slt crew cab,3
ram,2500 slt* 4x4 * diesel 4dr mega cab clean carfax cummins,3
ram,3500 diesel,3
ram,3500 laramie 4x4,3
ram,3500 laramie longhorn,3
ram,3500 st,3
ram,3500hd,3
ram,3500hd 4x4 crew-cab utility truck,3
ram,4500hd,3
ram,4x4,3
ram,5500 chassis cab,3
ram,5500 crew cab 4x4 flat bed drw,3
ram,cargo van tradesman,3
ram,cummin 2500 bighorn,3
ram,cummin 3500 bighorn,3
ram,cummins 3500 bighorn,3
ram,deisel cummin 3500 4x4,3
ram,deisel cummins,3
ram,diesels cummin 2500,3
ram,diesels cummin 3500,3
ram,laramie,3
ram,pickup 1500 laramie 4x4,3
ram,pickup 1500 tradesman 4x,3
ram,pickup 2500 slt,3
ram,promaster 1500 low roof,3
ram,promaster 2500 high roof,3
ram,van 3500,3
rover,sport,316
rover,evoque,182
rover,discovery sport,122
rover,lr4,76
rover,hse,63
rover,discovery sport hse,59
rover,range evoque p250 se,58
rover,lr2,53
rover,velar,45
rover,discovery,43
rover,range evoque pure,43
rover,range evoque coupe,38
rover,range evoque se,34
rover,lr3,32
rover,discovery sport se,31
rover,hse 4x4 s,24
rover,sport die,19
rover,lr4 hse,18
rover,range evoque se sport,18
rover,range sport hse,15
rover,discovery se sport,14
rover,sport hse,14
rover,defender 110,13
rover,defender 90,11
rover,discovery 2,11
rover,discovery ii,11
rover,lr2 hse,11
rover,range evoque hse,10
rover,defender,8
rover,lr3 se,8
rover,sport hs,8
rover,discovery hse,6
rover,freelander,6
rover,range supercharged,6
rover,sc,6
rover,superchar,6
rover,evoque se,5
rover,lr3 hse,5
rover,sport supercharged,5
rover,classic,4
rover,hse 4.6,4
rover,hse awd,4
rover,range evoque p250,4
rover,supercharged,4
rover,4wd 4dr s,3
rover,autobiography,3
rover,discovery i,3
rover,discovery sport 4x4,3
rover,evoque co,3
rover,evoque se 4x4 gas suv,3
rover,hse td6 4x4 master,3
rover,lr 4,3
rover,lr4 hse lux,3
rover,range evoque p250 s,3
rover,supercha,3
rover,velar r-,3
saab,saab 9-3,106
saab,saab 9-5,41
saab,saab 9-3 convertible,23
saab,saab 9-7x,19
saab,saab 900,11
saab,saab 9-2x,7
saab,saab 93 turbo,6
saab,saab 9-3 2.0t,5
saab,saab 9-3 wagon,5
saab,saab 93,5
saab,saab 900 turbo convertible,4
saab,saab 9-3 aero,3
saab,saab 9-3 linear sedan,3
saab,saab 9-7x 4.2i,3
saab,saab 9-7x 5.3i,3
saab,saab 97x,3
saturn,vue,296
saturn,ion,130
saturn,aura,111
saturn,sky,44
saturn,outlook,41
saturn,aura xe,39
saturn,sky roadster 2d,37
saturn,sl2,30
saturn,sc2,25
saturn,astra,24
saturn,ion 2,14
saturn,sky redline turbo,13
saturn,astra xr,12
saturn,aura xr,11
saturn,ion 3,11
saturn,sl1,11
saturn,sl,10
saturn,l200,9
saturn,l300,8
saturn,outlook xr,7
saturn,vue xe,7
saturn,auru xr,6
saturn,sw2,6
saturn,vue xr,6
saturn,ion quad coupe,5
saturn,vue awd v6,5
saturn,aura xe 4dr sedan,4
saturn,relay,4
saturn,sky red line,4
saturn,sky redline,4
saturn,sky roadster,4
saturn,vue awd,4
saturn,vue i4,4
saturn,aura xe 3.6,3
saturn,ion 1,3
saturn,ion level 2,3
saturn,ion sedan,3
saturn,lw300,3
saturn,vue suv,3
saturn,vue xr awd,3
scion,scion im hatchback 4d,641
scion,scion xb,239
scion,scion tc,203
scion,scion xd hatchback 4d,136
scion,scion fr-s coupe 2d,113
scion,scion xd,87
scion,scion fr-s release series 2.0,70
scion,scion fr-s,63
scion,scion xa,45
scion,scion tc hatchback coupe 2d,26
scion,scion ia,22
scion,scion xd base,16
scion,scion,11
scion,scion xa base 4dr hatchback,10
scion,scion tc 10 series,8
scion,scion tc coupe,8
scion,scion ia sedan 4d,6
scion,scion iq,6
scion,scion frs,5
scion,scion supercharged tc,4
scion,scion xb automatic,4
scion,scion xb hatchback 4dr,4
scion,scion fr-s coupe,3
scion,scion im,3
scion,scion tc fwd gas sedan manual,3
scion,scion xb 4dr wagon,3
smart,smart fortwo passion hatchback,168
smart,smart fortwo,37
smart,smart fortwo electric drive,9
smart,smart fortwo passion,9
smart,smart car,4
smart,smart fortwo pure,4
smart,smart coupe fortwo,3
sterling,sterling acterra,39
sterling,sterling l,17
sterling,sterling,6
sterling,sterling sc8000,6
sterling,sterling acterra 7500,5
sterling,sterling l8500,5
sterling,sterling lt7500 vaccon,4
sterling,sterling l8511 sterling plow/dump truck with sander,3
sterling,sterling lt9500 plow/dump with wingblade & sander,3
subaru,outback,1426
subaru,forester,1230
subaru,impreza,893
subaru,legacy,619
subaru,wrx,332
subaru,crosstrek,231
subaru,forester 2.5i premium,135
subaru,outback 2.5i limited,124
subaru,xv crosstrek,123
subaru,wrx sti sedan 4d,114
subaru,impreza wrx,94
subaru,outback 2.5i premium,93
subaru,brz limited coupe 2d,83
subaru,wrx sti,75
subaru,xv crosstrek premium,72
subaru,crosstrek 2.0i premium,70
subaru,legacy 2.5i premium,59
subaru,outback limited,59
subaru,legacy 2.5i premium sedan,58
subaru,forester 2.5x,57
subaru,impreza 2.0i premium,56
subaru,impreza wagon,55
subaru,impreza outback sport,52
subaru,outback 2.5i,52
subaru,wrx sedan 4d,50
subaru,impreza 2.0i sport wagon,44
subaru,legacy 2.5i limited,44
subaru,legacy outback,40
subaru,impreza 2.5i,38
subaru,tribeca,37
subaru,legacy 2.5i sedan 4d,35
subaru,wrx premium sedan 4d,35
subaru,crosstrek 2.0i limited,34
subaru,outback 3.6r limited,34
subaru,xv crosstrek 2.0i premium,34
subaru,ascent,33
subaru,legacy 2.5i,32
subaru,brz,30
subaru,impreza wrx sti sedan 4d,30
subaru,outback premium,30
subaru,forester 2.5x premium,29
subaru,impreza wrx sti,29
subaru,forester 2.5i limited,28
subaru,impreza sedan wrx,28
subaru,legacy wagon,28
subaru,forester 2.0xt touring,27
subaru,forester premium,27
subaru,impreza wrx limited sedan,27
subaru,impreza sport,26
subaru,baja,24
subaru,forester awd,24
subaru,forester limited,24
subaru,legacy premium,23
subaru,crosstrek limited,22
subaru,impreza sedan,22
subaru,forester sport suv 4d,21
subaru,wrx limited sedan 4d,20
subaru,b9 tribeca,19
subaru,outback awd,19
subaru,tribeca limited,19
subaru,wrx limited,19
subaru,forester 2.5i sport,18
subaru,wrx premium,18
subaru,baja sport arizona rust free* all service records since new*new timing belt*new brakes&rotors*new tune up*new tires*new struts*smoke free*zero oil leaks*rare find,17
subaru,impreza 2.0i,17
subaru,impreza 2.0i limited,16
subaru,crosstrek premium,15
subaru,forester (natl),15
subaru,forester 2.5x premium awd,15
subaru,impreza premium,15
subaru,impreza wrx sedan 4d,15
subaru,outback wagon,15
subaru,impreza awd,14
subaru,brz limited,13
subaru,forester 2.5i premium awd,13
subaru,forester 2.5x awd,13
subaru,forester 2.5x limited,13
subaru,forester premium awd,13
subaru,impreza 2.5i premium,13
subaru,impreza wagon wrx,13
subaru,xv crosstrek 2.0i limited,13
subaru,xv crosstrek limited,13
subaru,forester 2.5i premium local trade* clean title* no accidents* all weather pkg* eyesight* navigation* back up camera* tyger roof basket* full clear bra on front* non smoker*2-keys,12
subaru,legacy gt,12
subaru,legacy limited,12
subaru,outback 2.5i wagon 4d,12
subaru,outback 3.6r limited local trade*low miles* new brakes & rotors*new power steering pump*new air & cabin filters*all 4 new tires*0-accidents*non smoker,12
subaru,forester 2.0xt premium,11
subaru,forester 2.5 x,11
subaru,forester x,11
subaru,impreza sedan 4d,11
subaru,outback 2.5i limited awd,11
subaru,outback 2.5i premium awd,11
subaru,forester xt,10
subaru,brz premium coupe 2d,9
subaru,crosstrek hybrid sport,9
subaru,forester 2.5i,9
subaru,forester 2.5i touring,9
subaru,legacy 2.5i limited sedan,9
subaru,tribeca 3.6r limited,9
subaru,wrx sti limited,9
subaru,xv crosstrek hybrid,9
subaru,baja sport,8
subaru,impreza 2.0i sport,8
subaru,impreza sport - awd - rear camera - lane keep assi,8
subaru,impreza wrx premium hatch,8
subaru,legacy premium awd,8
subaru,legacy sedan,8
subaru,outback 2.5i touring,8
subaru,xv crosstrek 2.0i,8
subaru,ascent premium sport,7
subaru,forester touring sport,7
subaru,impreza wrx sport wagon,7
subaru,legacy awd,7
subaru,legacy wagon awd,7
subaru,outback limited awd,7
subaru,outback ll bean,7
subaru,xv crosstrek awd limited,7
subaru,crosstrek premium awd gas,6
subaru,forester xs,6
subaru,impreza 2.5i awd,6
subaru,impreza outback sport awd,6
subaru,impreza wagon 4d,6
subaru,impreza wrx premium,6
subaru,impreza wrx wagon,6
subaru,legacy 3.6r limited,6
subaru,legacy outback limited,6
subaru,outback 3.6r ltd h6 awd,6
subaru,outback ll bean edition,6
subaru,outback sport,6
subaru,forester 2.5i touring awd,5
subaru,forester 2.5x sport,5
subaru,forester limited awd,5
subaru,forester ll bean,5
subaru,forrester,5
subaru,impreza 2.5rs,5
subaru,impreza awd 4d sedan,5
subaru,impreza hatchback,5
subaru,impreza limited,5
subaru,impreza outback,5
subaru,impreza sedan premium,5
subaru,impreza sport limited awd,5
subaru,impreza wrx sti limited,5
subaru,legacy 2.5 gt limited,5
subaru,legacy 2.5i limited awd,5
subaru,legacy ls sedan,5
subaru,outback 2.5i awd wagon,5
subaru,outback 2.5xt limited,5
subaru,outback rltd,5
subaru,outback xt,5
subaru,outback xt limited,5
subaru,tribeca b9,5
subaru,baja turbo,4
subaru,crosstrek 2.0i base,4
subaru,crosstrek 2.0i sport,4
subaru,crosstrek limited sport,4
subaru,forester awd 2.5i limited,4
subaru,forester l auto,4
subaru,forester s,4
subaru,forester sport,4
subaru,forester xt limited,4
subaru,impreza 2.0i sedan 4d,4
subaru,impreza 2.0i sport premiu,4
subaru,impreza 2.0i wagon 4d,4
subaru,impreza premium awd,4
subaru,impreza sport awd,4
subaru,impreza sport limited,4
subaru,legacy 2.5i premium awd,4
subaru,legacy awd 4dr. sedan,4
subaru,legacy gt limited,4
subaru,legacy l,4
subaru,legacy limited awd,4
subaru,legacy limited sedan 4d,4
subaru,outback 2.5i wagon,4
subaru,outback 3.6r limited awd,4
subaru,outback legacy limited,4
subaru,outback premium awd,4
subaru,outback wagon 4d,4
subaru,sti,4
subaru,ascent limited,3
subaru,ascent limited awd,3
subaru,crosstrek awd,3
subaru,forester 2.0xt premium sport utility 4d,3
subaru,forester 2.5 x awd,3
subaru,forester 2.5 xt,3
subaru,forester 2.5xt touring sport utility 4d,3
subaru,forester 5spd,3
subaru,forester l awd,3
subaru,forester limited sport,3
subaru,forester premium sport,3
subaru,forester x premium,3
subaru,forester x sport,3
subaru,impreza 2.0i sport premium,3
subaru,impreza 2.5 rs,3
subaru,impreza 2.5i sport wagon 4d,3
subaru,impreza 4 door hatch,3
subaru,impreza i special,3
subaru,impreza premium wagon 4d,3
subaru,impreza sport premium awd,3
subaru,impreza sport wagon,3
subaru,impreza wagon (natl),3
subaru,impreza wrx limited,3
subaru,legacy outback awd,3
subaru,legacy outback awd 6 spd,3
subaru,legacy outback wagon,3
subaru,legacy premium sedan 4d,3
subaru,legacy se,3
subaru,legacy wagon outback ltd,3
subaru,outback 2.5,3
subaru,outback 2.5 limited awd,3
subaru,outback 2.5i limited wagon 4d,3
subaru,outback 3.6r,3
subaru,outback 3.6r touring,3
subaru,outback awd 2.5i premium,3
subaru,outback l.l. bean edition,3
subaru,outback limited wagon,3
subaru,outback limited xt wagon,3
subaru,outback sedan,3
subaru,svx,3
subaru,tribeca ltd awd,3
subaru,wrx awd premium 4dr sedan,3
subaru,wrx awd sti series hyperblue 6 speed manual,3
subaru,wrx manual,3
subaru,wrx premium 1 owner,3
subaru,wrx sti extremely clean 1 owner low miles 29k recaros,3
subaru,xv crosstrek premium 4wd,3
suzuki,suzuki sx4,67
suzuki,suzuki grand vitara,55
suzuki,suzuki xl7,21
suzuki,suzuki forenza,16
suzuki,suzuki xl-7,15
suzuki,suzuki vitara,11
suzuki,suzuki kizashi,8
suzuki,suzuki samurai,7
suzuki,suzuki sx4 crossover,7
suzuki,suzuki reno,6
suzuki,suzuki sidekick,5
suzuki,suzuki,4
suzuki,suzuki cappuccino,4
suzuki,suzuki aerio sx,3
suzuki,suzuki carry,3
suzuki,suzuki sx4 awd,3
tesla,model 3 standard range,275
tesla,model s signature,126
tesla,model s,97
tesla,model 3,71
tesla,model s sedan 4d,37
tesla,model x,27
tesla,model 3 long range sedan,18
tesla,s,17
tesla,model 3 mid range sedan 4d,16
tesla,model x 90d sport utility,15
tesla,model s performance sedan,10
tesla,model 3 blacked out standard range plus,5
tesla,model s p85,5
tesla,model s performance,5
tesla,model x 75d sport utility,5
tesla,model s p85d,4
tesla,s 90d,4
tesla,model 3 performance,3
tesla,model s rwd,3
tesla,model x 100d awd 518+hp,3
tesla,model y,3
tesla,s 85,3
tesla,s p85+,3
toyota,camry,2719
toyota,tacoma,2328
toyota,corolla,1936
toyota,rav4,1489
toyota,prius,1301
toyota,tundra,1247
toyota,sienna,1012
toyota,4runner,963
toyota,highlander,942
toyota,camry le,507
toyota,tacoma access cab pickup,473
toyota,4runner sr5 sport utility,398
toyota,avalon,393
toyota,corolla le,365
toyota,tundra double cab sr,328
toyota,tundra crewmax sr5 pickup,301
toyota,sienna le,263
toyota,fj cruiser,257
toyota,tacoma double cab pickup,252
toyota,tacoma access cab sr5,243
toyota,sequoia,235
toyota,camry se,222
toyota,yaris,217
toyota,4runner sr5,209
toyota,tacoma double cab,205
toyota,land cruiser,190
toyota,camry le sedan 4d,176
toyota,sienna xle,172
toyota,venza,162
toyota,prius hybrid,158
toyota,camry xle,151
toyota,tacoma access cab sr,149
toyota,matrix,147
toyota,corolla s,146
toyota,4runner limited sport,143
toyota,tundra sr5,136
toyota,prius v,129
toyota,tacoma double cab trd,126
toyota,tundra 4wd truck,120
toyota,corolla le sedan 4d,117
toyota,camry hybrid,116
toyota,4-runner,115
toyota,highlander limited,110
toyota,prius c,110
toyota,tacoma 4x4,108
toyota,4runner limited,107
toyota,tacoma access cab,93
toyota,tacoma access cab trd,88
toyota,tacoma prerunner,88
toyota,tundra double cab sr5,82
toyota,pickup,80
toyota,avalon xls,79
toyota,corolla ce,79
toyota,tacoma sr5,75
toyota,camry solara,72
toyota,rav4 limited,69
toyota,scion xb,69
toyota,scion tc,68
toyota,avalon limited,66
toyota,rav4 xle,65
toyota,tacoma double cab sr5,60
toyota,tundra crewmax pickup 4d,60
toyota,tundra crewmax,59
toyota,rav4 awd,58
toyota,sequoia sr5,58
toyota,4runner sr5 4x4,57
toyota,tundra crewmax limited,55
toyota,c-hr,54
toyota,prius two hatchback 4d,52
toyota,tacoma 4wd,52
toyota,matrix xr,51
toyota,corolla im hatchback 4d,50
toyota,solara,49
toyota,tundra double cab,49
toyota,tacoma trd sport,48
toyota,sequoia limited,47
toyota,camry xse sedan 4d,46
toyota,yaris ia sedan 4d,46
toyota,camry hybrid xle sedan 4d,44
toyota,highlander hybrid,43
toyota,prius two,43
toyota,rav 4,42
toyota,tundra double cab pickup,42
toyota,fj cruiser 4x4,41
toyota,fj cruiser sport utility,41
toyota,highlander le sport,40
toyota,tacoma trd off road 4x4,40
toyota,rav4 le,39
toyota,tundra limited,39
toyota,tacoma trd sport 4x4 gas,38
toyota,highlander sport,37
toyota,rav4 hybrid limited sport,37
toyota,highlander hybrid limited,36
toyota,camry le 4dr sedan,35
toyota,tundra 4wd,35
toyota,4runner sr5 premium sport,34
toyota,86,34
toyota,avalon limited sedan 4d,34
toyota,prius prime,34
toyota,sienna xle ny,34
toyota,tacoma trd off road,34
toyota,tundra double cab limited,34
toyota,echo,33
toyota,sequoia sr5 sport utility,33
toyota,tundra 2wd truck,33
toyota,avalon xl,32
toyota,celica,32
toyota,prius plug-in hybrid,32
toyota,sienna limited,32
toyota,tacoma prerunner v6,32
toyota,yaris hatchback,32
toyota,avalon hybrid limited,31
toyota,camry se 4dr sedan,31
toyota,rav4 hybrid xse sport,31
toyota,"tundra sr5 4dr double cab 1-owner*rust free*only 112k miles*new water pump & timing belt*new bilstein-toytec lift*new 33"" yokohama tires*like new in&out*0-accidents",31
toyota,camry se sedan 4d,30
toyota,sienna xle limited,30
toyota,tacoma trd,30
toyota,land cruiser hdj81 - 80 series,29
toyota,prius touring,29
toyota,rav4 hybrid,29
toyota,"tundra sr5 4dr 1-oregon owner*0-rust*never off road*new timing belt&water pump*new bilstein-toytec lift*new 33"" yokohama geolanders*new oem 17""toyota wheels*leer canopy",28
toyota,liteace,27
toyota,prius four hatchback 4d,27
toyota,prius three,27
toyota,camry solara convertible,26
toyota,corolla le 4dr sedan,26
toyota,rav4 hybrid le sport,26
toyota,"sequoia sr5 trd build out*1-owner*full new build*bilstein lift*35""master craft mxt tires*new 18""black rhino wheels*chrome delete pkg*custom painted 2-tone bumpers*8-pass seating*",26
toyota,tundra 4x4,26
toyota,venza awd,26
toyota,camry ce,25
toyota,corolla im,25
toyota,landcruiser,25
toyota,corolla hatchback xse 4d,24
toyota,highlander xle,24
toyota,prius four,24
toyota,rav4 sport,24
toyota,mr2,23
toyota,prius four touring,23
toyota,prius v two wagon 4d,23
toyota,rav4 hybrid xse,23
toyota,tacoma v6 1 owner* trd sport* navigation*back up cam* 6-speed manual* rust free*1-owner*non smoker*bilstein toytec lift,23
toyota,tundra sr5 4x4,23
toyota,venza wagon 4d,23
toyota,corolla le cvt (natl),22
toyota,highlander limited awd,22
toyota,prius prime plus,22
toyota,sequoia sr5 platinum,22
toyota,yaris ia,22
toyota,4runner 4wd,21
toyota,avalon xle premium sedan,21
toyota,camry xse,21
toyota,sienna xle minivan 4d,21
toyota,supra,21
toyota,venza le,21
toyota,rav4 xle awd,20
toyota,tundra trd pro,20
toyota,4runner limited 4x4,19
toyota,celica gt,19
toyota,corolla le eco sedan 4d,19
toyota,rav4 xle sport utility 4d,19
toyota,sienna ce,19
toyota,tundra crewmax sr5,19
toyota,4runner trd off road 4x4,18
toyota,"4runner trd off-road premium new bilstein-toytec lift*new 17""trd pro wheels*new 33"" yokohama geolander goo3 m/t tires*tyger rock sliders*tyger roof basket*leather*nav*back up cam",18
toyota,camry hybrid xle,18
toyota,highlander awd,18
toyota,highlander hybrid le,18
toyota,"land cruiser 1-owner*full custom build*never off road*new lift*new 33"" yokohama x-ats*new 18"" black rhino wheels*center council cooler*360 camera*chrome delete",18
toyota,rav4 ev sport utility 4d,18
toyota,sienna xle premium,18
toyota,tacoma sr5 4x4 1/4 ton,18
toyota,"tacoma trd off-road full ads coil over adjustable resivoirs kit* koning ultra light 17""wheels*bfg ko2 tires*trd off road*camburg upper control arms*trd pro grill & roof rack*nav*tech pkg*",18
toyota,tundra sr5 trd off road,18
toyota,4runner sr5 premium 25k in add ons and modifications * overland 4x4 ready* all keys*remote start* full icon lift set up* full gobi roof rack set up w/ tent* upgraded sound,17
toyota,camry hybrid le sedan 4d,17
toyota,corolla matrix,17
toyota,fj cruiser upgrade pkg 2*convenience pkg*preferred premium accessory pkg*roof rack*rear lockers*rust free*level lifted*black out pkg,17
toyota,highlander se,17
toyota,prius iv,17
toyota,rav4 hybrid xle sport,17
toyota,rav4 le awd gas suv auto,17
toyota,scion xd,17
toyota,tacoma lifted trd sport,17
toyota,"tacoma v6 4dr double cab 1-oregon owner* rust & accident free*timing belt service done*new full buid*bilstein lift*new 33""yokohama goo3*new 17""mk6 wheels*like new in & out",17
toyota,4 runner,16
toyota,4runner trd pro sport,16
toyota,avalon hybrid,16
toyota,camry xle sedan 4d,16
toyota,camry xle v6,16
toyota,corolla le 4dr sedan 4a,16
toyota,prius ii,16
toyota,scion fr-s,16
toyota,scion xa,16
toyota,sienna xle awd,16
toyota,tacoma trd off-road,16
toyota,tacoma v6 1-oregon owner*zero rust*4x4*trd off road*45 service records*like new in&out*rear lockers*never off road*zero accidents,16
toyota,tundra limited 4x4,16
toyota,"4runner sr5 sport* full new build* new bilstein toytec lift* new 33"" bf goodrich ko2 tires*new 17"" black rhino wheels*new timing belt &water pump* full service*like new in & out",15
toyota,avalon xle touring sedan,15
toyota,camry hybrid se,15
toyota,corolla l,15
toyota,corolla se,15
toyota,mr2 spyder,15
toyota,sienna le minivan 4d,15
toyota,tundra 1794 edition 1-owner* local oregon truck since new* blind spot* 2-keys* non smoker* like new in & out* new brakes and service,15
toyota,yaris sedan,15
toyota,4runner sr5 premium,14
toyota,highlander xle sport,14
toyota,prius c four hatchback 4d,14
toyota,prius iii,14
toyota,prius plug-in,14
toyota,prius v three wagon 4d,14
toyota,scion iq,14
toyota,sienna se,14
toyota,tacoma 2wd,14
toyota,tacoma sr 4x4 quarter ton,14
toyota,venza xle wagon 4d,14
toyota,"4runner 1-arizona owner*0-rust*new bilstein toytec lift*new 33""yokohama m/t*new black rhino wheels* 3rd seat*nav*black out pkg*0-accidents",13
toyota,4runner sport edition,13
toyota,"4runner sport edition 4dr suv 1-oregon owner*rust free* new bilstein lift*new 33""yokohama geolanders*new mk6 wheels*no accidents*tyger roof basket*all records since new",13
toyota,camry se auto (natl),13
toyota,celica gt-s,13
toyota,rav4 limited awd,13
toyota,tacoma trd sport 4x4,13
toyota,tacoma xtracab,13
toyota,tundra crewmax 1794,13
toyota,tundra crewmax platinum,13
toyota,tundra crewmax trd pro,13
toyota,tundra grade,13
toyota,tundra limited crewmax lifted,13
toyota,4runner limited 1-califonia owner*highway miles*all services done @dealer since new w/records*no rust*moon roof*cooled seats*heated seats*limited*jbl sound system*tow pkg,12
toyota,4runner sr5 4wd,12
toyota,camry hybrid le,12
toyota,corolla hatchback se 4d,12
toyota,fj cruiser 4x4 gas suv,12
toyota,rav4 adventure sport,12
toyota,"sequoia limited local oregon rust free* new bilstein lift*new 35"" mastercraft tires* new oem trd wheels* new tiger xl basket* chrome delete pkg* color matched door handles and grill",12
toyota,sienna le awd,12
toyota,t100,12
toyota,tacoma trd pro,12
toyota,tercel,12
toyota,tundra trd 4x4,12
toyota,4runner limited 4x4 gas,11
toyota,corolla lsedan 4a,11
toyota,highlander 4x4,11
toyota,lifted tundra sr5 4x4 gas,11
toyota,prius v hybrid,11
toyota,rav4 le sport utility 4d,11
toyota,rav4 limited v6,11
toyota,rav4 xle premium sport,11
toyota,sequoia limited 4wd,11
toyota,tacoma double cab 4x4,11
toyota,tacoma sr5 rwd 1/4 ton,11
toyota,tacoma v6 4dr double cab 1-owner* rust free*arizona truck since new* 6-speed manual*rear lockers*trd off road*leveling kit*rear air bags* zero accidents* all records since new,11
toyota,tundra 1794 edition,11
toyota,tundra sr5 4wd,11
toyota,tundra sr5 4x4 1/2 ton,11
toyota,venza le wagon 4d,11
toyota,c-hr xle,10
toyota,camry l sedan 4d,10
toyota,corolla l sedan 4d,10
toyota,fj cruiser base,10
toyota,scion,10
toyota,sienna l minivan 4d,10
toyota,solara sle convertible,10
toyota,tacoma 4x4 v6,10
toyota,tacoma limited 4x4 gas,10
toyota,tundra access cab,10
toyota,yaris l,10
toyota,yaris le,10
toyota,4runner trd off road,9
toyota,c-hr xle premium sport,9
toyota,corolla s plus,9
toyota,corolla xrs,9
toyota,cressida,9
toyota,fj cruiser 4wd,9
toyota,matrix s,9
toyota,previa,9
toyota,prius five,9
toyota,prius three touring,9
toyota,rav4 4wd,9
toyota,rav4 le awd,9
toyota,sequoia platinum,9
toyota,tacoma double cab 4wd v6,9
toyota,tacoma trd prerunner,9
toyota,tacoma v6 4dr double cab,9
toyota,truck,9
toyota,tundra 4x4 trd,9
toyota,tundra crewmax sr5 4x4,9
toyota,tundra platinum,9
toyota,venza xle,9
toyota,4runner trd off-road pre,8
toyota,86 trd special edition,8
toyota,avalon hybrid xle plus,8
toyota,camry solara sle v6,8
toyota,corolla hatchback,8
toyota,land cruiser fj80,8
toyota,matrix s awd,8
toyota,matrix xrs,8
toyota,prius c hybrid,8
toyota,prius three hatchback 4d,8
toyota,rav4 - rear camera - bluetooth - good on gas -,8
toyota,rav4 hybrid xle,8
toyota,rav4 sport utility 4d,8
toyota,sienna xle-nav,8
toyota,solara convertible,8
toyota,tacoma crew cab short bo,8
toyota,tacoma double cab sr,8
toyota,tacoma prerunner rwd gas,8
toyota,tacoma sr5 4x4,8
toyota,tacoma v6,8
toyota,tundra sr5 double cab,8
toyota,venza awd v6,8
toyota,4 runner sr5,7
toyota,4runner 4x4,7
toyota,4runner sr5 awd,7
toyota,4runner sr5 premium 4x4,7
toyota,avalon touring,7
toyota,camry le w/ navigation system,7
toyota,camry solara sle,7
toyota,corolla le premium sedan,7
toyota,corolla le sedan,7
toyota,corolla s sedan 4d,7
toyota,gr supra,7
toyota,hiace,7
toyota,highlander le,7
toyota,lifted tacoma trd sport,7
toyota,lifted tundra sr5 trd off,7
toyota,martrix,7
toyota,matrix xr hatchback,7
toyota,prius c three hatchback,7
toyota,prius hatchback,7
toyota,prius one hatchback 4d,7
toyota,prius prime premium,7
toyota,rav 4 le,7
toyota,rav-4,7
toyota,rav4 base,7
toyota,rav4 fwd,7
toyota,sienna le fwd 8-passenger (natl),7
toyota,sienna se minivan 4d,7
toyota,sienna xle 8 passenger,7
toyota,tacoma base,7
toyota,tacoma prerunner 4x2,7
toyota,tacoma prerunner sr5,7
toyota,tacoma trd sport rwd gas,7
toyota,tacoma truck 4x4,7
toyota,truck tundra sr5,7
toyota,tundra 4wd sr5,7
toyota,tundra sr5 4x4 half ton,7
toyota,avalon limited w/ navigation / moon roof,6
toyota,avalon xle sedan 4d,6
toyota,avalon xse sedan 4d,6
toyota,camry le auto (natl),6
toyota,camry lesedan,6
toyota,chr,6
toyota,fj40,6
toyota,highlander base,6
toyota,highlander plus,6
toyota,highlander v6,6
toyota,land cruiser 4wd,6
toyota,land cruiser 4x4 / leathe,6
toyota,paseo,6
toyota,pickup 4x4,6
toyota,prius 5dr hb (natl),6
toyota,prius hybrid hatchback,6
toyota,prius standard,6
toyota,seirra,6
toyota,sequoia platinum sport,6
toyota,sequoia sr5 4x4,6
toyota,sienna limited awd,6
toyota,sienna se premium minivan,6
toyota,solara se convertible,6
toyota,tacoma 2dr regular cab,6
toyota,tacoma 4dr double cab sr5,6
toyota,tacoma crew cab,6
toyota,tacoma double cab long bed v6 auto 4wd 48k miles,6
toyota,tacoma pre-runner sr5 4x2,6
toyota,tacoma sr,6
toyota,tacoma sr 4x4 1/4 ton gas,6
toyota,tundra limited 4x4 gas,6
toyota,tundra limited double cab,6
toyota,tundra platinum 4x4 gas,6
toyota,tundra sr5 trd offroad,6
toyota,van,6
toyota,venza limited wagon 4d,6
toyota,venza xle awd,6
toyota,yaris l sedan 4d,6
toyota,yaris s,6
toyota,4runner sport edition 4wd,5
toyota,4runner sr5 4x4 gas suv,5
toyota,avalon hybrid xse sedan,5
toyota,c-hr xle fwd (natl),5
toyota,camry se sport,5
toyota,camry solara se,5
toyota,celica gts,5
toyota,corolla 4dr sdn auto s (natl),5
toyota,corolla dx,5
toyota,crown wagon,5
toyota,electric rav4 prime xse awd,5
toyota,fj40 land cruiser,5
toyota,hiace van,5
toyota,highlander 4wd,5
toyota,highlander sport 4x4,5
toyota,hilux,5
toyota,lifted 4runner trd off,5
toyota,lifted tundra platinum,5
toyota,prius bad credit,5
toyota,prius c fourhatchback,5
toyota,prius ii hatchback 4d,5
toyota,prius v five wagon 4d,5
toyota,rav4 limited 4x4,5
toyota,rav4 limited sport,5
toyota,sequoia trd sport,5
toyota,sienna le 8 passenger,5
toyota,sienna le minivan,5
toyota,sienna se 8-passenger,5
toyota,solara se,5
toyota,solara sle,5
toyota,tacoma access cab 4wd sr5,5
toyota,tacoma access cab trd pro,5
toyota,tacoma double cab trd sport 4wd,5
toyota,tacoma sr access cab 4x2,5
toyota,tacoma trd pro 4x4 gas,5
toyota,tacoma trd sport v6crew,5
toyota,tacoma xtracab v6 auto 4wd (natl),5
toyota,tundra 1794 4x4,5
toyota,tundra platinum crew max lifted on 37s,5
toyota,tundra sr5 crewmax,5
toyota,tundra trd off road,5
toyota,venza 5-door v6 sedan,5
toyota,yaris le 4dr h/b,5
toyota,4runner sport,4
toyota,4runner sr5 2wd (natl),4
toyota,4runner sr5 4x2,4
toyota,4runner trail premium,4
toyota,4runner trd offrd premium,4
toyota,4x4,4
toyota,avalon limited hybrid,4
toyota,avalon xle,4
toyota,avalon xlt,4
toyota,camry ce sedan,4
toyota,camry hybrid sedan,4
toyota,camry l,4
toyota,camry le sedan,4
toyota,camry le v6,4
toyota,camry se special edition,4
toyota,camry solara sle convertible,4
toyota,camry xse w/ bird's eye view cameras,4
toyota,celica supra,4
toyota,corolla ce sedan,4
toyota,corolla le plus,4
toyota,corolla s plus sedan 4d,4
toyota,corolla s sedan,4
toyota,corolla s special edition,4
toyota,corolla se sedan 4d,4
toyota,corrolla,4
toyota,cresta,4
toyota,"fj cruiser | *one owner*,",4
toyota,highlander le awd gas suv,4
toyota,highlander le plus awd v6,4
toyota,highlander limited 4wd 5-speed automatic,4
toyota,"highlander limited platinum awd, w/ panorama roof",4
toyota,highlander limited sport,4
toyota,highlander v6 4wd,4
toyota,highlander xle awd gas,4
toyota,land cruiser 4x4,4
toyota,land cruiser fj40,4
toyota,lifted 4runner sr5 4x4,4
toyota,lifted tacoma trd off 4x4,4
toyota,lifted tundra crewmax sr5,4
toyota,matrix xr awd,4
toyota,pick up,4
toyota,prius persona series,4
toyota,prius prime advanced,4
toyota,prius prius ii cvt,4
toyota,prius prius v,4
toyota,prius v hatchback,4
toyota,rav 4 xle,4
toyota,rav platinum,4
toyota,rav-4 rav4,4
toyota,rav4 4wd 5 speed,4
toyota,rav4 hybrid limited,4
toyota,rav4 hybrid se sport,4
toyota,rav4 le fwd (natl),4
toyota,rav4 limited awd (natl),4
toyota,rav4 se,4
toyota,rav4 se awd w/ leather,4
toyota,scion wheelchair van,4
toyota,sequoia platinum 4x4,4
toyota,sequoia sr5 4x2,4
toyota,sienna awd,4
toyota,sienna ce 7 passenger,4
toyota,sienna se premium,4
toyota,sienna xle limited 7,4
toyota,supra gr rwd gas coupe,4
toyota,t100 4x4,4
toyota,tacoma 2wd sr5 double cab 5' bed v6 at (natl),4
toyota,tacoma 2wd trd sport double cab 5' bed v6 at (natl),4
toyota,tacoma 4wd trd offroad,4
toyota,tacoma crew cab sr 4x4,4
toyota,tacoma limited,4
toyota,tacoma sr5 4x4 double cab,4
toyota,tacoma sr5 double cab,4
toyota,tacoma sr5 prerunner,4
toyota,tacoma sr5 trd off road,4
toyota,tacoma sr5 v6,4
toyota,tacoma sr5 v6 4x2double,4
toyota,tacoma trd 4x4,4
toyota,tacoma trd sport double cab 5' bed v6 4x2 at (natl),4
toyota,tundra 4x4 limited 4dr cremax cab pickup (5.7 v8),4
toyota,tundra platinum 4x4,4
toyota,tundra sr5 4x2 crewmax,4
toyota,tundra trd,4
toyota,tundra trd off road 4x4,4
toyota,venza awd v6 4dr,4
toyota,venza v6 awd,4
toyota,4runner rwd 4dr v6 sr5 (natl),3
toyota,4runner rwd 4dr v6 sr5 premium (natl),3
toyota,4runner sr5 2wd with,3
toyota,4runner sr5 4wd (natl),3
toyota,4runner sr5 sport,3
toyota,4runner trail,3
toyota,4runner trd pro,3
toyota,86 coupe 2d,3
toyota,86 gt,3
toyota,avalon hybrid xle touring,3
toyota,avalon touring sedan 4d,3
toyota,avalon trd sedan 4d,3
toyota,avalon xle premium,3
toyota,avalon xle premiumsedan,3
toyota,avalong limited,3
toyota,c-hr le sport utility 4d,3
toyota,c-hr xle sport utility 4d,3
toyota,camry base,3
toyota,camry base 4dr sedan 6a,3
toyota,camry le 4dr sedan 5a,3
toyota,camry le automatic,3
toyota,camry only 75k miles,3
toyota,camry se *4dr *sedan 1-*owner *clean carfax *local *car *leather *back of *camera,3
toyota,camry sedan i4,3
toyota,camry solara 2dr cpe se v6 auto (natl),3
toyota,camry trd,3
toyota,camry xle hybrid,3
toyota,camry xlesedan,3
toyota,carolla,3
toyota,celica gt convertible,3
toyota,corolla 4dr sdn auto le (natl),3
toyota,corolla hybrid le sedan,3
toyota,corolla im cvt,3
toyota,corolla l cvt,3
toyota,corolla le automatic,3
toyota,corolla le eco,3
toyota,corolla le special editi,3
toyota,corolla matrix xr,3
toyota,corolla s premium sedan,3
toyota,corolla sesedan cvt,3
toyota,corolla xle,3
toyota,fj,3
toyota,fj cruiser 4x4 bad credit,3
toyota,g90 5.0l ultimatesedan,3
toyota,highlander fwd 4dr i4 (natl),3
toyota,highlander limited 4wd,3
toyota,highlander limited hybrid,3
toyota,highlander se sport,3
toyota,highlander suv,3
toyota,hilux surf,3
toyota,land cruiser landcruiser,3
toyota,land crusier,3
toyota,landcruiser fj60,3
toyota,lifted tacoma sr 4x4 gas,3
toyota,lifted tacoma sr5 4x4 gas,3
toyota,matrix awd,3
toyota,matrix base 4-speed at,3
toyota,pickup truck,3
toyota,prius 2,3
toyota,prius 3,3
toyota,prius c one,3
toyota,prius hybrid electric,3
toyota,prius hybrid touring,3
toyota,prius v five,3
toyota,prius v two,3
toyota,prius v wagon,3
toyota,prius xle hatchback 4d,3
toyota,pruis hybrid,3
toyota,rav 4 awd,3
toyota,rav 4 limited 4x4,3
toyota,rav-4 xle,3
toyota,rav4 adventure,3
toyota,rav4 adventure awd gas,3
toyota,rav4 awd 5 speed,3
toyota,rav4 le sport utility,3
toyota,rav4 limited 4wd,3
toyota,rav4 sport 4wd,3
toyota,rav4 sport sportsuv,3
toyota,rav4 suv,3
toyota,rav4 xle 4wd,3
toyota,rav4 xle premium,3
toyota,rv4,3
toyota,sequioa,3
toyota,sequoia 4wd platinum,3
toyota,sequoia limited sport,3
toyota,sienna l,3
toyota,sienna l fwd 7-passenger (natl),3
toyota,sienna le wheelchair han,3
toyota,sienna xle 7 passenger,3
toyota,sienna xle 8-passenger,3
toyota,sienna xle limited awd,3
toyota,tacoma *stout *1900 *show classic old pu,3
toyota,tacoma 2dr xtracab,3
toyota,tacoma 4dr access cab sr5,3
toyota,tacoma 4dr double cab,3
toyota,tacoma 4dr double cab trd,3
toyota,tacoma 4wd double cab v6 at (natl),3
toyota,"tacoma 4wd sr | 4x4, v6,",3
toyota,tacoma crew cab pickup,3
toyota,tacoma limited 4x4,3
toyota,tacoma limited v6,3
toyota,tacoma prerunner trd rwd,3
toyota,"tacoma sr v6, , lifted,",3
toyota,tacoma sr5 access cab,3
toyota,tacoma sr5 v6 4x4double,3
toyota,"tacoma trd-sport, v6, ,",3
toyota,tacoma v6 4x4double cab,3
toyota,"tacoma v6, 4dr, , tastef",3
toyota,taoma,3
toyota,townace,3
toyota,tundra 1794,3
toyota,tundra 1794 platinum 4x4,3
toyota,tundra 2wd,3
toyota,tundra 4x2 double cab,3
toyota,tundra 4x4 - sr5 - crewmax cab - 5.7l v8 - 1-owner - local truck,3
toyota,tundra base double cab 5.7l 4wd,3
toyota,tundra crewmax 4x4,3
toyota,tundra sr double cab,3
toyota,tundra sr5 access cab,3
toyota,tundra sr5 crew cab,3
toyota,tundra sr5 double cab 4x4,3
toyota,tundra trd pro 4x4,3
toyota,venza le awd,3
toyota,venza wagon v6,3
toyota,yaris 5-door l,3
toyota,yaris se,3
toyota,yaris se hatchback sedan,3
toyota,yaris sedan le,3
triumph,triumph tr6,22
triumph,triumph spitfire,20
triumph,triumph spitfire 1500,10
triumph,triumph tr 6,4
triumph,triumph tr7,4
unknown,grand caravan,77
unknown,500,74
unknown,f-150,62
unknown,blue bird blue bird,59
unknown,ierra 1500,53
unknown,2017,41
unknown,buy here pay here,39
unknown,2018,33
unknown,olet silverado 2500hd,33
unknown,janesville,31
unknown,2016,30
unknown,blue bird all american,29
unknown,chryler town and country,29
unknown,mclaren 570gt w/ upgrades,29
unknown,odyssey,29
unknown,workhorse w42,29
unknown,2015,28
unknown,super duty f-250 srw,26
unknown,corvette,24
unknown,to 2017,24
unknown,2013,23
unknown,olet silverado 1500,22
unknown,toyota* yaris*,20
unknown,2006,19
unknown,all cars,19
unknown,forde450,19
unknown,pierce model tilt cab,19
unknown,pilot,19
unknown,rolls royce phantom,19
unknown,thomas school bus,19
unknown,olet express commercial cutaway,18
unknown,mazda3,17
unknown,htliner cascadia,16
unknown,2002,15
unknown,2011,15
unknown,2014,15
unknown,emergency one fire truck,15
unknown,enclave,15
unknown,mgb convertible,15
unknown,pt cruiser,15
unknown,vpg mv-1,15
unknown,- promaster city,14
unknown,1999,14
unknown,2008,14
unknown,all,14
unknown,blue bird bus,14
unknown,cx-5,14
unknown,grand cherokee,14
unknown,mgb roadster,14
unknown,other mv-1,14
unknown,series,14
unknown,a sienna,13
unknown,any,13
unknown,mobility ventures mv-1 se wheel,13
unknown,olet equinox,13
unknown,oul,13
unknown,2012,12
unknown,a rav4,12
unknown,chysler 300,12
unknown,explorer,12
unknown,geo tracker,12
unknown,mgb,12
unknown,n altima,12
unknown,u impreza,12
unknown,amc rambler,11
unknown,focus,11
unknown,honda* civic*,11
unknown,ic ce pb105,11
unknown,ic ic,11
unknown,intl prostar,11
unknown,jeep* patriot*,11
unknown,lotus evora,11
unknown,mazda5,11
unknown,mustang,11
unknown,polaris slingshot sl,11
unknown,f150,10
unknown,ford* edge*,10
unknown,geo metro,10
unknown,gmc* sierra,10
unknown,honda* fit*,10
unknown,hyndai elantra,10
unknown,hyndai sonata,10
unknown,jeep* renegade*,10
unknown,lamborghini huracan,10
unknown,n rogue,10
unknown,super duty f-350,10
unknown,utilimaster step van,10
unknown,volvo* xc60*,10
unknown,500 classic,9
unknown,a tundra 4wd,9
unknown,amc ambassador,9
unknown,any and all,9
unknown,bluebird bus,9
unknown,chysler town and country,9
unknown,des-benz e-class,9
unknown,junk,9
unknown,ler voyager,9
unknown,mv-1 van,9
unknown,silverado 2500,9
unknown,studebaker champion,9
unknown,transit van,9
unknown,water truck,9
unknown,2003,8
unknown,ai elantra,8
unknown,cr-v,8
unknown,forde350,8
unknown,geo prizm,8
unknown,gm,8
unknown,nissan*altima*gxe,8
unknown,u outback,8
unknown,2004,7
unknown,2007,7
unknown,acura* mdx*,7
unknown,anyon,7
unknown,cadia,7
unknown,chec malibu ls,7
unknown,cherokee,7
unknown,chevrolet* colorado*,7
unknown,civic sedan,7
unknown,civic si coupe,7
unknown,click here buy here pay here,7
unknown,crown vic,7
unknown,daihatsu hijet,7
unknown,edge,7
unknown,f250,7
unknown,f800 dump truck,7
unknown,hyndai santa fe,7
unknown,mercedes-benz* r-class*,7
unknown,nash metropolitan,7
unknown,olet cruze,7
unknown,packard,7
unknown,prius,7
unknown,promaster cargo van,7
unknown,race car,7
unknown,shelby cobra,7
unknown,todos marcas,7
unknown,transit passenger wagon,7
unknown,willys coupe,7
unknown,.,6
unknown,1985 corvette,6
unknown,2006 hummer h3,6
unknown,2010,6
unknown,2015 silverado hd,6
unknown,2020,6
unknown,2d8hn54159r611084,6
unknown,ai sonata,6
unknown,am general m998,6
unknown,ask for tom dauphin,6
unknown,austin healey sprite,6
unknown,caddilac deville,6
unknown,chevelle,6
unknown,des-benz c-class,6
unknown,el camino,6
unknown,elluride,6
unknown,envision,6
unknown,fabrique par carry on trailer,6
unknown,ford* fiesta*,6
unknown,gmc* sierra*,6
unknown,ic corporation,6
unknown,ierra 3500hd,6
unknown,lexus* ls*,6
unknown,n murano,6
unknown,olet tahoe,6
unknown,pontiacg6,6
unknown,rolls royce silver shadow,6
unknown,romaster cargo van,6
unknown,special finance program 2021,6
unknown,subaru* impreza*,6
unknown,suburu outback,6
unknown,u crosstrek,6
unknown,u legacy,6
unknown,wheelchair handicap van,6
unknown,willys,6
unknown,1976 corvette stingray,5
unknown,2008 suzuki sx4,5
unknown,2014 toyoyta 4runner limited,5
unknown,a4,5
unknown,all makes,5
unknown,caddilac cts,5
unknown,cars and suvs,5
unknown,cheverolet corvette,5
unknown,cheverolet impala,5
unknown,chrystler town and country,5
unknown,des-benz cla,5
unknown,errain,5
unknown,f8oo dump truck,5
unknown,gladiator,5
unknown,hundai elantra,5
unknown,hundai sonata,5
unknown,ierra 2500hd,5
unknown,izusu npr,5
unknown,jeepster commando,5
unknown,kw t800,5
unknown,lac xt5 crossover,5
unknown,lamborghini gallardo,5
unknown,mazda3 hatchback,5
unknown,mx-5 miata rf,5
unknown,nova wagon,5
unknown,olet express cargo van,5
unknown,olet trax,5
unknown,pierce dash,5
unknown,shelby cobra replica,5
unknown,studebaker commander,5
unknown,super duty f-350 srw,5
unknown,tlx,5
unknown,toyota* camry*,5
unknown,toyta camry,5
unknown,u forester,5
unknown,western star conventional,5
unknown,willys wagon,5
unknown,workhorse stepvan,5
unknown,wrangler sport,5
unknown,wrangler unlimited,5
unknown,1963 morris minor woody,4
unknown,1967 capris supersport,4
unknown,1968 mustang convertible,4
unknown,1969 f250 f100,4
unknown,1976,4
unknown,1982 corvette,4
unknown,1987,4
unknown,1987 corvette,4
unknown,1995 corvette,4
unknown,2000,4
unknown,2001,4
unknown,2001 plymouth prowler,4
unknown,2009 scion xb,4
unknown,2013 genesis coupe,4
unknown,a 4runner,4
unknown,a camry,4
unknown,accord sedan,4
unknown,ai santa fe,4
unknown,all makes all modles,4
unknown,all makes and models,4
unknown,am general humvee,4
unknown,amc javelin,4
unknown,caddilac srx,4
unknown,cadilac escalade,4
unknown,camaro,4
unknown,caterpillar ct660s,4
unknown,ce300,4
unknown,chev. 4wd,4
unknown,chinook 178qb,4
unknown,chrylser pt cruiser,4
unknown,coleman 2825rk,4
unknown,coupe,4
unknown,dodger nitro  slt 4+4,4
unknown,eagle custom,4
unknown,frightliner,4
unknown,gehl r220,4
unknown,gem,4
unknown,grand caravan 3.3,4
unknown,"honda,toyota,nissan,chevy",4
unknown,hr-v,4
unknown,huyndai sonata,4
unknown,hyondai santa fe gls,4
unknown,hyundia elantra,4
unknown,ic school bus,4
unknown,is 250,4
unknown,jag xj8,4
unknown,kaiser deluxe,4
unknown,m-932,4
unknown,mazda3 grand touring sedan,4
unknown,mgb gt,4
unknown,model 3,4
unknown,n frontier,4
unknown,no data no data,4
unknown,olds,4
unknown,olet colorado,4
unknown,olet silverado 3500hd cc,4
unknown,olet traverse,4
unknown,opel gt,4
unknown,polaris slingshot,4
unknown,ptima,4
unknown,ranger,4
unknown,regal sportback,4
unknown,rolls royce silver spur,4
unknown,santa fe 4x4,4
unknown,sl 4x4,4
unknown,spartan gladiator,4
unknown,studebaker hawk,4
unknown,sunbeam tiger,4
unknown,super duty f-450 drw cab-chassis,4
unknown,taurus,4
unknown,tl,4
unknown,u wrx,4
unknown,wagen atlas,4
unknown,- 4wd - 5 seat - double cab,3
unknown,- isuzu npr landscape truck,3
unknown,- model s,3
unknown,05 saab 93 convertible,3
unknown,1,3
unknown,1949 diamond t,3
unknown,1967 camaro,3
unknown,1967 corvair,3
unknown,1967 mustang,3
unknown,1968 camaro,3
unknown,1969 corvette,3
unknown,1974,3
unknown,1974 corvette,3
unknown,1978 corvette,3
unknown,1979 corvette,3
unknown,1979 mgb,3
unknown,1982,3
unknown,1988 suzuki samurai,3
unknown,1992 corvette,3
unknown,1993 corvette,3
unknown,1995,3
unknown,1997,3
unknown,1999 corvette,3
unknown,2004 f250,3
unknown,2004 sterling l7500,3
unknown,2006 scion xb,3
unknown,2007 f0rd escape,3
unknown,2008 hummer h3,3
unknown,2008 suzuki sx4 hatchback 4d,3
unknown,2011 suzuki grand vitara,3
unknown,2013 scion fr-s,3
unknown,2015 scion tc,3
unknown,24,3
unknown,a highlander,3
unknown,a tacoma,3
unknown,a tundra,3
unknown,accord,3
unknown,am general,3
unknown,astro vsn awd,3
unknown,austin devon,3
unknown,autocar flatbed truck,3
unknown,avanti ii,3
unknown,bmw325i,3
unknown,bmw330i,3
unknown,c10,3
unknown,caddilac dts,3
unknown,caddilac escalade,3
unknown,camaro z28,3
unknown,camry,3
unknown,capri,3
unknown,carcash,3
unknown,cargo van,3
unknown,challenger,3
unknown,chev. corvette,3
unknown,chevelle malibu,3
unknown,cheverolet suburban,3
unknown,chevrolet/equinox,3
unknown,chevroletnoman,3
unknown,chinook dream 175bh,3
unknown,chinook dream 260bh,3
unknown,chrsyler town & country,3
unknown,chrylser 300c,3
unknown,chryser 200 c sedan,3
unknown,chrysler-vmi-♿,3
unknown,chrysler/aspen,3
unknown,civic hatchback,3
unknown,cooper hardtop 4 door,3
unknown,corvette stingray,3
unknown,crane truck,3
unknown,custom,3
unknown,desoto custom,3
unknown,dogde durango,3
unknown,dune buggy,3
unknown,durango,3
unknown,e-series cutaway,3
unknown,e450 e350,3
unknown,eagle talon,3
unknown,eclipse stellar stellar  27fs,3
unknown,edsel ranger,3
unknown,elantra se,3
unknown,element -- 4wd -- moonroof,3
unknown,es,3
unknown,es 350,3
unknown,escape,3
unknown,expedition,3
unknown,expedition max,3
unknown,f-150 platinum 4x4,3
unknown,f250 1969 f100,3
unknown,f350,3
unknown,fisker karma,3
unknown,fl fld120,3
unknown,flatbed truck,3
unknown,focus st,3
unknown,fords f650,3
unknown,frht business class m-2,3
unknown,gladiator spartan,3
unknown,gmc* acadia*,3
unknown,gulf xinnsbruck,3
unknown,h,3
unknown,hiunday elantra,3
unknown,huyndai elantra,3
unknown,ihc 7300,3
unknown,internatioal 7300,3
unknown,iro,3
unknown,iti q50,3
unknown,kaiser,3
unknown,keep wrangler,3
unknown,keystone rv laredo,3
unknown,lacrosse,3
unknown,lance,3
unknown,lotus elise,3
unknown,m817 dump,3
unknown,mazda3 5-door,3
unknown,mazda6,3
unknown,mclaren 570gt w upgrades,3
unknown,mclaren 570s,3
unknown,mercedez benz c230,3
unknown,mgb limited edition,3
unknown,military truck,3
unknown,mini-t campervan,3
unknown,mini-t class b campervan,3
unknown,minicooper,3
unknown,miscellaneous,3
unknown,mitubishi outlander,3
unknown,model a,3
unknown,morris minor,3
unknown,morris minor woody,3
unknown,murano,3
unknown,mustang gt convertible,3
unknown,nash,3
unknown,nissan/datsun 720,3
unknown,nissian altima,3
unknown,nova,3
unknown,olet impala,3
unknown,olet malibu,3
unknown,olet silverado md,3
unknown,other astec rt1000 trencher,3
unknown,packard clipper,3
unknown,peterbuilt 337,3
unknown,pierce saber pumper,3
unknown,plym duster 2dr,3
unknown,pontaic g6,3
unknown,qx,3
unknown,r f-pace,3
unknown,ranger xl,3
unknown,rex,3
unknown,ridgeline,3
unknown,rolls royce,3
unknown,rx,3
unknown,setra 2515,3
unknown,silverado,3
unknown,studebaker champ,3
unknown,studebaker lark,3
unknown,suburu impreza,3
unknown,super duty f-350 srw cab-chassis,3
unknown,tahoe,3
unknown,thunderbird,3
unknown,town and country limited,3
unknown,trans am,3
unknown,truck,3
unknown,ukon,3
unknown,vintage olds aurora,3
unknown,wagen golf sportwagen,3
unknown,western star,3
unknown,willys cj5,3
unknown,willys jeepster,3
unknown,willys truck,3
unknown,winnebago,3
unknown,wolf brand scooters wolf ex 150,3
unknown,workhorse p42,3
unknown,wrangler,3
unknown,wrangler jk unlimited,3
unknown,yamaha  4 seat,3
unknown,yamaha fz09c,3
unknown,yamaha fz6r,3
unknown,yamaha xvs650/a/c/ac/at/atc/v st,3
unknown,z28,3
volkswagen,jetta,1162
volkswagen,passat,676
volkswagen,tiguan,436
volkswagen,beetle,397
volkswagen,beetle 1.8t fleet,199
volkswagen,gti,192
volkswagen,jetta 1.4t s sedan 4d,184
volkswagen,golf gti s hatchback,165
volkswagen,cc,158
volkswagen,golf,140
volkswagen,touareg tdi sport suv,120
volkswagen,eos komfort,104
volkswagen,jetta sedan,97
volkswagen,jetta se,96
volkswagen,golf gti,93
volkswagen,rabbit,90
volkswagen,touareg,89
volkswagen,eos sport convertible,88
volkswagen,golf tdi sel,87
volkswagen,jetta 1.4t sel,87
volkswagen,jetta sportwagen 2.0l,84
volkswagen,atlas,79
volkswagen,new beetle,77
volkswagen,atlas s 4motion sport,70
volkswagen,jetta tdi,70
volkswagen,atlas se 4motion,65
volkswagen,golf sportwagen tsi s,65
volkswagen,jetta s,62
volkswagen,golf gti se hatchback,59
volkswagen,golf 1.4t tsi,53
volkswagen,golf alltrack tsi s,53
volkswagen,cc sport,51
volkswagen,routan,45
volkswagen,beetle coupe,44
volkswagen,e-golf se hatchback,43
volkswagen,beetle convertible,40
volkswagen,jetta gli,40
volkswagen,golf sportwagen tdi,39
volkswagen,eos,37
volkswagen,vanagon,36
volkswagen,jetta gli autobahn,34
volkswagen,golf sportwagen,32
volkswagen,gti hatchback sedan,32
volkswagen,atlas cross sport se,31
volkswagen,golf r,31
volkswagen,super beetle,31
volkswagen,tiguan 2.0t s sport,31
volkswagen,golf r 4motion,30
volkswagen,golf sportwagen tdi s,30
volkswagen,jetta gli 35th,30
volkswagen,jetta sportwagen tdi,30
volkswagen,bug,29
volkswagen,jetta sportwagen,29
volkswagen,tiguan limited 2.0t,27
volkswagen,gti wolfsburg edition,26
volkswagen,tiguan 2.0t s 4motion,26
volkswagen,passat se,25
volkswagen,tiguan s,25
volkswagen,jetta tdi sportwagen,24
volkswagen,e-golf sel premium,23
volkswagen,beetle 1.8t se,22
volkswagen,gti autobahn,22
volkswagen,beetle 2.0t coast,21
volkswagen,jetta gls,21
volkswagen,golf tdi se hatchback,20
volkswagen,karmann ghia,20
volkswagen,routan se,20
volkswagen,beetle turbo,19
volkswagen,passat tdi sel,19
volkswagen,passat wagon,19
volkswagen,tiguan se,19
volkswagen,vanagon westfalia,19
volkswagen,beetle 1.8t,18
volkswagen,beetle tdi,18
volkswagen,bus,18
volkswagen,golf tdi,18
volkswagen,jetta 1.4t s,18
volkswagen,tiguan 2.0t sel sport,18
volkswagen,atlas sel premium,17
volkswagen,beetle 2.0t s,17
volkswagen,e-golf,17
volkswagen,eurovan,17
volkswagen,tiguan sel,17
volkswagen,atlas se sport,16
volkswagen,eurovan camper,16
volkswagen,golf gti autobahn,16
volkswagen,golf r hatchback,16
volkswagen,jetta gl,16
volkswagen,golf alltrack,15
volkswagen,jetta tsi,15
volkswagen,passat tdi,15
volkswagen,tiguan s 4motion,15
volkswagen,jetta sel,14
volkswagen,passat komfort,14
volkswagen,volkswagon jetta,14
volkswagen,atlas cross sport sel,13
volkswagen,beetle 1.8t s,13
volkswagen,beetle 2.0t se,13
volkswagen,jetta 1.4t se,13
volkswagen,jetta 1.8t sport,13
volkswagen,golf alltrack tsi se,12
volkswagen,jetta 2.5,12
volkswagen,passat 2.0t,12
volkswagen,passat 2.0t se sedan,12
volkswagen,thing,12
volkswagen,arteon sel r-line,11
volkswagen,golf gti rabbit,11
volkswagen,jetta 2.0l tdi sedan,11
volkswagen,jetta 2.5 se,11
volkswagen,passat 2.0t r-line,11
volkswagen,passat s,11
volkswagen,atlas launch edition,10
volkswagen,golf sportwagen tsi,10
volkswagen,jetta tsi turbo,10
volkswagen,jetta wagon,10
volkswagen,new beetle coupe,10
volkswagen,passat 1.8t,10
volkswagen,passat 1.8t se,10
volkswagen,routan sel,10
volkswagen,tiguan 2.0t se sport,10
volkswagen,beetle bug,9
volkswagen,cc 3.6 vr6 4motion,9
volkswagen,jetta se pzev,9
volkswagen,jetta sedan se,9
volkswagen,passat 1.8t s,9
volkswagen,r32,9
volkswagen,atlas cross sport s,8
volkswagen,beetle - new tires - leather and heated seats -,8
volkswagen,beetle 2.5l,8
volkswagen,cabrio convertible,8
volkswagen,cc 2.0t r-line sedan,8
volkswagen,eurovan gls,8
volkswagen,eurovan weekender,8
volkswagen,golf tsi s hatchback,8
volkswagen,jetta 1.4t - ac blows ice cold - gas saver -,8
volkswagen,jetta 1.4t r-line,8
volkswagen,jetta gli s sedan 4d,8
volkswagen,new beetle - new tires - leather and heated seats,8
volkswagen,passat sedan,8
volkswagen,passat wolfsburg,8
volkswagen,tiguan 2.0t se,8
volkswagen,touareg tdi,8
volkswagen,westfalia,8
volkswagen,atlas cross sport,7
volkswagen,atlas s sport utility,7
volkswagen,cabrio,7
volkswagen,eurovan campmobile,7
volkswagen,jetta s fwd gas sedan,7
volkswagen,passat 1.8t wolfsburg,7
volkswagen,passat cc,7
volkswagen,passat tdi se,7
volkswagen,tiguan limited,7
volkswagen,tiguan se 4motion,7
volkswagen,atlas se r-line,6
volkswagen,beetle fender edition,6
volkswagen,beetle turbo coupe,6
volkswagen,cabriolet,6
volkswagen,cc r-line,6
volkswagen,eos 2.0t,6
volkswagen,gli,6
volkswagen,golf gti autobahn fwd,6
volkswagen,golf tsi wolfsburg,6
volkswagen,gti 2.0t,6
volkswagen,new beetle convertible,6
volkswagen,passat glx 4motion,6
volkswagen,passat tdi se sedan,6
volkswagen,routan smini van,6
volkswagen,van,6
volkswagen,volkswagon beetle,6
volkswagen,arteon,5
volkswagen,arteon se 4motion,5
volkswagen,atlas se w/tech pkg,5
volkswagen,cc 2.0t sport sedan,5
volkswagen,dune buggy,5
volkswagen,eos 2.0 turbo,5
volkswagen,eurovan mv,5
volkswagen,golf gls,5
volkswagen,golf tsi se hatchback,5
volkswagen,gti coupe,5
volkswagen,jetta 1.4t se sedan,5
volkswagen,jetta 2.5l se,5
volkswagen,jetta tdi fwd,5
volkswagen,passat gls,5
volkswagen,passat r-line sedan,5
volkswagen,passat sel,5
volkswagen,passat sel tdi,5
volkswagen,passat turbo,5
volkswagen,rabbit pickup,5
volkswagen,touareg awd,5
volkswagen,transporter,5
volkswagen,vanagon gl,5
volkswagen,vanagon l bus,5
volkswagen,volkswagon gti,5
volkswagen,westfalia vanagon,5
volkswagen,atlas sel 4motion,4
volkswagen,baja bug,4
volkswagen,beetle 1.8t sel,4
volkswagen,beetle w/sunroof,4
volkswagen,bus/vanagon gl camper,4
volkswagen,camper,4
volkswagen,convertible,4
volkswagen,egolf,4
volkswagen,golf gl,4
volkswagen,golf gti autobahn w,4
volkswagen,golf gti s 4dr hatch,4
volkswagen,golf s,4
volkswagen,golf tdi s hatchback,4
volkswagen,golf wagon,4
volkswagen,gti se,4
volkswagen,jetta 1.4t s sedan,4
volkswagen,jetta se pzev 4dr se,4
volkswagen,jetta sedan 4dr auto limited pzev,4
volkswagen,jetta tsi edition,4
volkswagen,jetta vi,4
volkswagen,jetta wolfsburg,4
volkswagen,jetta wolfsburg edition,4
volkswagen,new beetle gls,4
volkswagen,passat 1.8t se sedan,4
volkswagen,passat 3.6l,4
volkswagen,passat lt,4
volkswagen,passat tsi wolfsburg,4
volkswagen,tiguan 4 motion,4
volkswagen,tiguan tsi,4
volkswagen,tiquan le,4
volkswagen,touareg 2,4
volkswagen,touareg v6,4
volkswagen,arteon sel premium,3
volkswagen,atlas se,3
volkswagen,beetle tdi hatchback,3
volkswagen,beetle-classic 2.5l e,3
volkswagen,cc luxury,3
volkswagen,cc sport sedan 4d,3
volkswagen,gls new beetle convertible,3
volkswagen,golf 2.5l pzev,3
volkswagen,golf alltrack awd,3
volkswagen,golf gti s,3
volkswagen,golf tsi,3
volkswagen,gti 2.0l turbo pzev 2,3
volkswagen,jetta 1.4 turbo,3
volkswagen,jetta 1.8t se,3
volkswagen,jetta gls tdi,3
volkswagen,jetta r-line fwd gas,3
volkswagen,jetta sel fwd gas,3
volkswagen,jetta sel pzev,3
volkswagen,jetta vr6,3
volkswagen,new beetle tdi,3
volkswagen,passat 2.0t wolfsburg,3
volkswagen,passat lux,3
volkswagen,phaeton,3
volkswagen,r32 all wheel drive,3
volkswagen,rabbit s,3
volkswagen,sandrail,3
volkswagen,squareback,3
volkswagen,super beetle convertible,3
volkswagen,tiguan 2.0,3
volkswagen,tiguan 2.0t,3
volkswagen,tiguan 2.0t wolfsburg,3
volkswagen,tiguan s awd,3
volkswagen,tiguan se 4 motion,3
volkswagen,tiguan sel awd,3
volkswagen,touareg 4dr vr6 exec,3
volkswagen,touareg v6 executive,3
volkswagen,touareg vr6 lux sport,3
volkswagen,vanagon syncro,3
volkswagen,volkswagon eos,3
volkswagen,volkswagon jetta tdi,3
volkswagen,volkswagon passat,3
volkswagen,volkswagon passat se,3
volkswagen,volkswagon rabbit,3
volkswagen,volkswagon tiguan,3
volvo,xc90,276
volvo,s60,246
volvo,xc60,223
volvo,s60 t6 r-design sedan 4d,133
volvo,xc70,118
volvo,s90 t5 momentum sedan 4d,105
volvo,s40,93
volvo,s80,92
volvo,s60 t5 premier sedan 4d,76
volvo,s60 t6 inscription sedan,66
volvo,certified,64
volvo,s60 t5 momentum sedan 4d,55
volvo,v70,44
volvo,s60 t5 inscription,43
volvo,xc60 t5 momentum sport,36
volvo,xc60 t6 platinum sport,31
volvo,s60 t8 r-design sedan 4d,30
volvo,c70,29
volvo,xc90 awd,26
volvo,s60 t5,25
volvo,vnl 670,25
volvo,xc70 awd,25
volvo,v60 t5 cross country wagon,23
volvo,xc90 3.2 awd,23
volvo,v60 cross country,22
volvo,xc60 local lots of records,22
volvo,xc60 t6 awd inscription,22
volvo,"xc90 t8 1,300 miles",22
volvo,c70 convertible,21
volvo,s60 t5 premier plus sedan,21
volvo,s70,20
volvo,s60 t5 inscription sedan,18
volvo,v50,18
volvo,xc70 t5 classic platinum,18
volvo,"xc60 t8 inscription 1,300 miles",17
volvo,s60 t5 cross country,16
volvo,c30,15
volvo,s80 3.2,15
volvo,s90,15
volvo,v70 wagon,15
volvo,xc90t6 awd 24733 miles,15
volvo,s60 2.5t,14
volvo,xc40 t5 momentum sport,14
volvo,"xc90 11,200 miles wwow",14
volvo,s60 t5 sedan 4d,13
volvo,s90 t6 inscription sedan,13
volvo,xc60 3.2 sport utility 4d,13
volvo,xc60 t6 r-design sport,13
volvo,xc40 t4 momentum sport,12
volvo,xc60 t5 inscription sport,12
volvo,xc70 cross country,12
volvo,xc90 t6 all services up to date,12
volvo,c70 t5 convertible 2d,11
volvo,s40 2.4i,11
volvo,s60 t5 inscription premier,11
volvo,vnl64t670,11
volvo,xc60 t6 momentum sport,11
volvo,s80 t6,10
volvo,s60 t6 momentum sedan 4d,9
volvo,v70 xc cross country,9
volvo,xc90 3.2,9
volvo,xc90 t6 momentum sport,9
volvo,240,8
volvo,c70 t5 platinum,8
volvo,s40 t5,8
volvo,s60 t5 dynamic sedan 4d,8
volvo,v60,8
volvo,vnl,8
volvo,xc40,8
volvo,xc70 t5 classic premier,8
volvo,240 dl,7
volvo,c30 t5,7
volvo,s60 inscription,7
volvo,"s60 platinum 53,000 miles",7
volvo,v60 t5 dynamic wagon 4d,7
volvo,xc 90,7
volvo,xc60 t6 inscription sport,7
volvo,c70 t5 premier plus,6
volvo,s60 r,6
volvo,s80 2.9l twin turbo,6
volvo,s80 v8,6
volvo,s90 t6 all wheel drive certified,6
volvo,xc60 t5 all wheel drive,6
volvo,xc60 t6,6
volvo,xc60 t6 awd,6
volvo,xc70 3.2 awd,6
volvo,xc90 t5 momentum sport,6
volvo,xc90 t8 hybrid inscription,6
volvo,850,5
volvo,850 glt,5
volvo,c70 t5 convertible,5
volvo,s 60,5
volvo,s40 4d sedan,5
volvo,s60 2.4t,5
volvo,s80 2.5t,5
volvo,v40,5
volvo,v50 2.4i,5
volvo,v50 t5,5
volvo,v60 cross country t5,5
volvo,v60 t5 momentum wagon 4d,5
volvo,v60 t5 premier,5
volvo,v70 xc awd,5
volvo,xc 60,5
volvo,xc60 3.2,5
volvo,xc60 t5 drive-e premier,5
volvo,xc90 t6 momentum awd 360 cam 3rd row seating leather,5
volvo,xc90 t6 r design awd gas,5
volvo,240 wagon,4
volvo,245,4
volvo,670,4
volvo,s60 2.5t awd,4
volvo,s60r,4
volvo,v70 xc,4
volvo,xc40 t4 inscription sport,4
volvo,xc40 t5 r-design sport,4
volvo,xc60 t5 dynamic sport,4
volvo,xc60 t5 premier sport,4
volvo,xc70 t6 platinum awd,4
volvo,xc90 2.5t,4
volvo,xc90 t6 awd,4
volvo,740,3
volvo,960,3
volvo,c30 t5 2dr hatchback,3
volvo,c70 premier plus,3
volvo,p1800,3
volvo,s 80,3
volvo,s 80 t6,3
volvo,s-60 t5,3
volvo,s60 all wheel drive,3
volvo,s60 t5 premier,3
volvo,s60 t6,3
volvo,s80 t6 awd,3
volvo,s90 t8 inscription,3
volvo,suv,3
volvo,v70 2.5t,3
volvo,v70r,3
volvo,v90,3
volvo,vnl 780,3
volvo,vnl670,3
volvo,xc60 awd,3
volvo,xc60 inscription,3
volvo,xc60 inscription awd,3
volvo,xc60 t6 sport utility 4d,3
volvo,xc70 3.2,3
volvo,xc70 cross country awd,3
volvo,xc70 t6 awd,3
volvo,xc90 3.2 awd 3rd row,3
volvo,xc90 momentum,3
volvo,xc90 r-design,3
volvo,xc90 t6,3
volvo,xc90 t6 inscription,3
volvo,xc90 t6 inscription sport,3
volvo,xc90 v8,3
