manufacturer,model_raw,model_clean
acura,mdx,mdx
acura,mdx sh-awd sport utility,mdx
acura,tl,tl
acura,mdx sh-awd w/technology,mdx
acura,rdx,rdx
acura,tsx,tsx
acura,rdx sport utility 4d,rdx
acura,tlx,tlx
acura,tsx sedan 4d,tsx
acura,mdx sport utility 4d,mdx
acura,rdx technology pkg sport,rdx
acura,ilx sedan 4d,ilx
acura,ilx,ilx
acura,mdx advance pkg sport,mdx
acura,ilx premium pkg sedan 4d,ilx
acura,tlx 3.5 w/technology pkg,tlx
acura,mdx technology pkg sport,mdx
acura,rdx sh-awd sport utility,rdx
acura,rdx advance pkg sport,rdx
acura,rdx sh-awd a-spec pkg,rdx
acura,rl,rl
acura,tl sedan 4d,tl
acura,tlx 3.5 sedan 4d,tlx
acura,ilx 2.0l sedan 4d,ilx
acura,mdx advance and,mdx
acura,tl sh-awd sedan 4d,tl
acura,rsx,rsx
acura,ilx technology plus and,ilx
acura,tlx 2.4 sedan 4d,tlx
acura,mdx sport hybrid sh-awd,mdx
acura,rdx sh-awd technology pkg,rdx
acura,tsx wagon 4d,tsx
acura,rdx technology and,rdx
acura,mdx awd,mdx
acura,ilx special edition sedan,ilx
acura,mdx sh-awd,mdx
acura,mdx sh-awd w/advance pkg,mdx
acura,mdx sh-awd w/tech,mdx
acura,ilx premium and a-spec,ilx
acura,ilx technology and a-spec,ilx
acura,rlx sedan 4d,rlx
acura,rlx,rlx
acura,rdx sh-awd advance pkg,rdx
acura,tl special edition sedan,tl
acura,3.2 tl,tl
acura,mdx touring,mdx
acura,rdx sh-awd,rdx
acura,rlx sport hybrid sh-awd,rlx
acura,rdx awd,rdx
acura,tl type s,tl
acura,mdx tech package,mdx
acura,tlx 2.4 w/technology pkg,tlx
acura,cl,cl
acura,integra,integra
acura,rl sh-awd w/tech,rl
acura,mdx 3.7l advance package,mdx
acura,mdx sh-awd w/advance and,mdx
acura,nsx,nsx
acura,tl 3.2,tl
acura,tsx 2.4,tsx
acura,tsx w/tech,tsx
acura,tsx sedan,tsx
acura,rdx fwd w/advance pkg,rdx
acura,rdx technology,rdx
acura,tl tech,tl
acura,ilx 2.0l,ilx
acura,integra ls,integra
acura,mdx sh-awd w/tech pckg nav,mdx
acura,rdx sh-awd w/tech,rdx
acura,tl advance,tl
acura,tl tech auto,tl
acura,tlx 3.5l v6,tlx
acura,3.2tl,tl
acura,cl type s,cl
acura,mdx 9-spd at w/tech package,mdx
acura,mdx awd tech pkg,mdx
acura,rl sh-awd,rl
acura,tl type-s,tl
acura,tsx base,tsx
acura,tsx tech pkg,tsx
acura,3.2 cl type s,cl
acura,ilx premium fwd,ilx
acura,ilx sedan,ilx
acura,ilx tech pkg,ilx
acura,mdx 3.5l w/advance,mdx
acura,mdx 4wd 4dr,mdx
acura,rdx tech pkg,rdx
acura,rdx w/tech,rdx
acura,tl base,tl
acura,tl w/navi,tl
acura,tlx 3.5 w/advance pkg,tlx
acura,ilx prem atech,ilx
acura,mdx sh awd,mdx
acura,mdx sh w/tech 4dr suv w/,mdx
acura,mdx sh-awd w/advance,mdx
acura,mdx touring w/navi w/res,mdx
acura,rdx base sh-awd awd,rdx
acura,rdx fwd w/a-spec pkg sport,rdx
acura,rdx w/a-spec pkg,rdx
acura,rdx w/advance 4dr suv,rdx
acura,tl basesedan,tl
acura,tl fwd,tl
acura,tlx base fwd,tlx
acura,tsx sport wagon,tsx
acura,3.0cl,cl
acura,3.5rl,rl
acura,mdx basesuv,mdx
acura,mdx sh-awd w/tech w/res,mdx
acura,mdx sport,mdx
acura,mdx sport/entertainment p,mdx
acura,rdx awd 4dr,rdx
acura,rdx base awdsuv,rdx
acura,rdx tech,rdx
acura,rdx w/techsuv w/,rdx
acura,rl 3.5,rl
acura,rl 3.5 5l awd rlx,rl
acura,rsx leather,rsx
acura,tlx 2.4l,tlx
acura,tlx a-spec fwd gas sedan,tlx
acura,tlx w/a-spec pkg red,tlx
acura,tsx tech package,tsx
alfa-romeo,romeo stelvio ti sport,stelvio
alfa-romeo,romeo giulia sedan 4d,giulia
alfa-romeo,romeo stelvio sport suv 4d,stelvio
alfa-romeo,romeo giulia ti sedan 4d,giulia
alfa-romeo,romeo stelvio,stelvio
alfa-romeo,romeo stelvio sport utility,stelvio
alfa-romeo,romeo giulia,giulia
alfa-romeo,romeo stelvio ti sport suv,stelvio
alfa-romeo,romeo stelvio ti sport awd,stelvio
alfa-romeo,romeo giulia ti sport sedan,giulia
alfa-romeo,romeo spider,spider
alfa-romeo,romeo giulia sport sedan 4d,giulia
alfa-romeo,romeo giulia (952),giulia
alfa-romeo,romeo giulia q4 awd gas,giulia
alfa-romeo,romeo giulia ti sport,giulia
alfa-romeo,romeo giulia ti,giulia
alfa-romeo,romeo spider graduate,spider
alfa-romeo,romeo giulia quadrifoglio,giulia
alfa-romeo,romeo spider veloce,spider
alfa-romeo,romeo stelvio awd,stelvio
aston-martin,martin db11,db11
aston-martin,martin db9,db9
audi,a4,a4
audi,q5,q5
audi,a6,a6
audi,q7,q7
audi,a6 2.0t premium plus sedan,a6
audi,q5 premium sport utility 4d,q5
audi,a3,a3
audi,q8 premium sport utility 4d,q8
audi,s5 premium plus sedan 4d,a5
audi,a6 2.0t premium sedan 4d,a6
audi,a5,a5
audi,s5 premium plus coupe 2d,a5
audi,a7,a7
audi,a4 ultra premium sedan 4d,a4
audi,a4 allroad premium wagon 4d,a4
audi,a4 allroad premium plus,a4
audi,a6 45 tfsi premium plus,a6
audi,q3,q3
audi,s5 prestige coupe 2d,a5
audi,s5,a5
audi,a6 3.0t premium plus sedan,a6
audi,tt,tt
audi,s4,a4
audi,a8,a8
audi,a6 3.0t prestige sedan 4d,a6
audi,a4 quattro,a4
audi,q5 3.0t premium plus sport,q5
audi,s5 premium plus convertible,a5
audi,allroad premium plus wagon,allroad
audi,q7 3.0t premium plus sport,q7
audi,q5 45 tfsi premium plus,q5
audi,sq5,q5
audi,a4 2.0t quattro,a4
audi,q5 premium plus,q5
audi,s5 prestige sedan 4d,a5
audi,a3 premium sedan 4d,a3
audi,a5 premium coupe 2d,a5
audi,a5 premium plus coupe 2d,a5
audi,a3 e-tron,a3
audi,s4 premium plus sedan 4d,a4
audi,a4 premium plus sedan 4d,a4
audi,q5 tdi premium plus sport,q5
audi,allroad,allroad
audi,tt roadster,tt
audi,a3 premium plus sedan 4d,a3
audi,a6 45 tfsi premium sedan 4d,a6
audi,a4 2.0t premium plus,a4
audi,a5 premium plus sedan 4d,a5
audi,q5 premium plus sport,q5
audi,q7 3.0t s line prestige,q7
audi,a3 sportback e-tron premium,a3
audi,s5 prestige convertible 2d,a5
audi,s6,a6
audi,a4 premium sedan 4d,a4
audi,q5 2.0t quattro premium,q5
audi,s4 prestige sedan 4d,a4
audi,a6 quattro,a6
audi,a7 3.0t prestige quattro,a7
audi,s4 quattro,a4
audi,a4 allroad prestige wagon,a4
audi,a6 3.0t quattro sedan 4d,a6
audi,s3 premium plus sedan 4d,a3
audi,s6 prestige quattro awd,a6
audi,s7 prestige sedan 4d,a7
audi,sq5 premium plus sport,q5
audi,s7 sedan 4d,a7
audi,a6 3.0t quattro,a6
audi,a7 premium plus sedan 4d,a7
audi,a8 4.0t quattro dealer serviced since new with all records*97k msrp* sport-conv-comfort-cold weather-camera assistance-led headlights and much more*no accidents*non smoker previous owner,a8
audi,s5 quattro coupe 2d,a5
audi,a5 premium sedan 4d,a5
audi,tt rs quattro coupe 2d,tt
audi,s3,a3
audi,s8,a8
audi,a3 tdi premium sedan 4d,a3
audi,a5 2.0t quattro premium,a5
audi,q5 quattro premium plus,q5
audi,q7 3.0t premium sport,q7
audi,rs5,a5
audi,a3 2.0t premium,a3
audi,a4 2.0t quattro premium,a4
audi,a5 sportback,a5
audi,a3 2.0t,a3
audi,a4 allroad,a4
audi,a7 prestige sedan 4d,a7
audi,q3 premium sport utility 4d,q3
audi,q5 prestige sport utility,q5
audi,q7 tdi prestige sport,q7
audi,s7,a7
audi,a4 3.0 cabriolet,a4
audi,a4 avant,a4
audi,a5 2.0t premium plus,a5
audi,a6 3.2 quattro,a6
audi,a8 l,a8
audi,a3 sportback e-tron,a3
audi,a4 2.0t avant quattro,a4
audi,a5 2.0t premium plus quattr,a5
audi,a6 competition sedan 4d,a6
audi,allroad quattro,allroad
audi,q5 3.2 quattro premium,q5
audi,q7 3.0t premium plus,q7
audi,q8,q8
audi,tt coupe 2d,tt
audi,a3 2.0 tdi premium,a3
audi,a3 2.0t premium plus,a3
audi,a3 sedan,a3
audi,a4 1.8t quattro,a4
audi,a4 quattro premium plus,a4
audi,q3 sport premium utility 4d,q3
audi,q5 2.0t premium,q5
audi,q5 2.0t quattro premium plus,q5
audi,q7 premium plus,q7
audi,r8,r8
audi,a4 2.0t,a4
audi,a4 convertible,a4
audi,a5 quattro,a5
audi,a7 3.0t quattro,a7
audi,a8 l quattro,a8
audi,allroad prestige wagon 4d,allroad
audi,q5 2.0t premium plus,q5
audi,q5 bad credit,q5
audi,s4 3.0t premium plus,a4
audi,a3 2.0t quattro,a3
audi,a3 premium,a3
audi,a3 tdi premium plus,a3
audi,a4 2.0t premiumsedan,a4
audi,a4 premium,a4
audi,a5 coupe,a5
audi,a7 3.0t quattro prestige,a7
audi,a8 l 4.0t sport sedan 4d,a8
audi,a8 quattro,a8
audi,a8l,a8
audi,a8l quattro,a8
audi,a4 2.0t premium,a4
audi,a5 premium plus cabriolet,a5
audi,a5 prestige coupe 2d,a5
audi,a6 premium plus,a6
audi,a8 l 4.0t sedan 4d,a8
audi,a8 l 4.2 quattro sedan 4d,a8
audi,a8 l tdi sedan 4d,a8
audi,q3 2.0t premium plus,q3
audi,q3 premium,q3
audi,q3 premium plus,q3
audi,q3 sport premium plus,q3
audi,q5 3.0t quattro technik,q5
audi,q5 45 tfsi prestige sport,q5
audi,q5 premium,q5
audi,q5 premium awd gas suv auto,q5
audi,q7 3.0t premuim plus,q7
audi,q7 3.0t prestige sport,q7
audi,q7 tdi prestige,q7
audi,rs 5 coupe 2d,a5
audi,s4 prestige,a4
audi,a3 prestige sedan 4d,a3
audi,a3 tdi,a3
audi,a4 quattro premium,a4
audi,a4 quattro s-line,a4
audi,a4 s-line,a4
audi,a5 cabriolet,a5
audi,a5 manual,a5
audi,a8 3.0t sedan 4d,a8
audi,a8 l quattro awd,a8
audi,q3 premium plus sport,q3
audi,q5 2.0 tfsi premium plus,q5
audi,q5 premium plus awd,q5
audi,q7 3.0t quattro premium,q7
audi,q7 premium plus quattro awd,q7
audi,s5 premium plus quattro,a5
audi,s5 prestige,a5
audi,tt 2.0t,tt
audi,tt quattro,tt
audi,tts,tt
audi,1.8t convertible 2d,unknown
audi,2016 a3 sportback e-tron,a3
audi,a3 1.8t premium,a3
audi,a3 2.0 tdi premium plus,a3
audi,a3 2.0t premium plus pzev,a3
audi,a3 2.0t premium wagon 4d,a3
audi,a4 2.0 quattro,a4
audi,a4 2dr cabriolet 1.8t cvt,a4
audi,a4 45 premium sedan 4d,a4
audi,a4 4wd,a4
audi,a4 premium plus awd,a4
audi,a5 2.0t fronttrak premium,a5
audi,a6 4.2 quattro,a6
audi,a6 premium plus awd gas,a6
audi,a6 premium quattro,a6
audi,a6 s-line,a6
audi,a7 prestige,a7
audi,a8 4.0t quattro,a8
audi,all road,allroad
audi,q3 prestige,q3
audi,q5 2.0t premium plus sport,q5
audi,q5 2.0t quattro progressiv,q5
audi,q5 45 tfsi titanium premium,q5
audi,q7 2.0t premium plus sport,q7
audi,q7 2.0t premium sport,q7
audi,s3 tfsi premium plus sedan,a3
audi,s5 sportback,a5
audi,s7 4.0t,a7
audi,sq5 premium plus,q5
audi,a 6,a6
audi,a3 premium plus,a3
audi,a3 s line premium sedan 4d,a3
audi,"a4 ** s line package,",a4
audi,a4 2.0t quattro premium awd,a4
audi,a4 3.0 quattro,a4
audi,a4 40 premium sedan 4d,a4
audi,a4 avant awd wagon,a4
audi,a4 premium plus,a4
audi,a4 titanium premium sedan,a4
audi,a4 ultra premium plus sedan,a4
audi,a5 2.0t premium plus coupe,a5
audi,a5 premium,a5
audi,a5 quattro premium plus,a5
audi,a6 2.8 quattro,a6
audi,a6 3.0 t,a6
audi,a6 3.0t quattro premium,a6
audi,a6 quattro premium plus,a6
audi,a7 3.0t quattro prestige awd,a7
audi,a7 quattro,a7
audi,allroad 2.7t,allroad
audi,q3 s line premium plus,q3
audi,q3 s line prestige sport,q3
audi,q5 2.0t quattro premium plus *nav *moon roof *clean *carfax local *s*u*v,q5
audi,q5 3.2 quattro premium plus,q5
audi,q5 prestige,q5
audi,q5 quattro,q5
audi,q7 3.0l tdi prestige,q7
audi,q7 3.6 premium quattro,q7
audi,q7 quattro premium plus,q7
audi,q7 se premium plus,q7
audi,q7 tdi,q7
audi,q8 3.0t quattro prestige,q8
audi,rs 4,a4
audi,rs 5,a5
audi,rs 5 hatchback sedan 4d,a5
audi,rs 7,a7
audi,rs7,a7
audi,s4 4dr sdn quattro awd man,a4
audi,s4 prestige quattro,a4
audi,s5 coupe,a5
audi,s5 quattro premium plus,a5
audi,s6 avant,a6
audi,s8 4.0t twin turbo,a8
bentley,bentley arnage,arnage
bentley,bentley continental flying spur,flying spur
bentley,bentley continental gt,continental
bentley,bentley bentayga activity editi,bentayga
bentley,bentley continental gtc,continental
bentley,bentley continental supersports,continental
bentley,bentley continental gt v8,continental
bentley,bentley flying spur,flying spur
bentley,bentley gt w12 twin turbo,continental
bentley,bentley continental flying,continental
bmw,3 series,3 series
bmw,x5,x5
bmw,328i,3 series
bmw,5 series,5 series
bmw,x3,x3
bmw,3 series 330i xdrive sedan,3 series
bmw,3 series 340i sedan 4d,3 series
bmw,x1,x1
bmw,528i,5 series
bmw,3-series,3 series
bmw,335i,3 series
bmw,535i,5 series
bmw,1 series 128i coupe 2d,1 series
bmw,4 series 440i xdrive gran,4 series
bmw,x6 xdrive35i sport utility,x6
bmw,4 series 430i convertible 2d,4 series
bmw,x3 xdrive28i,x3
bmw,325i,3 series
bmw,328xi,3 series
bmw,4 series,4 series
bmw,7 series,7 series
bmw,x5 xdrive35i,x5
bmw,z4 sdrive35is roadster 2d,z4
bmw,m3,3 series
bmw,x5 xdrive50i sport utility,x5
bmw,x6,x6
bmw,530i,5 series
bmw,320i,3 series
bmw,x3 sdrive30i sport utility,x3
bmw,1 series 135i convertible 2d,1 series
bmw,z4,z4
bmw,x3 xdrive30i sport utility,x3
bmw,5-series,5 series
bmw,x5 xdrive35i sport utility,x5
bmw,330i,3 series
bmw,3 series 328i xdrive,3 series
bmw,x1 xdrive28i,x1
bmw,328i xdrive,3 series
bmw,330xi xdrive awd sport sedan,3 series
bmw,m3 convertible 2d,3 series
bmw,m4,4 series
bmw,x5 xdrive35d sport utility,x5
bmw,3 series 328i,3 series
bmw,m5,5 series
bmw,6 series,6 series
bmw,7 series 750i xdrive sedan,7 series
bmw,x4,x4
bmw,3 series m340i sedan 4d,3 series
bmw,m3 coupe 2d,3 series
bmw,325xi,3 series
bmw,528xi,5 series
bmw,550i,5 series
bmw,6 series 640i convertible 2d,6 series
bmw,1 series 135i coupe 2d,1 series
bmw,i3 hatchback 4d,i3
bmw,x5 xdrive35i awd luxury suv,x5
bmw,x5 xdrive40e iperformance,x5
bmw,430i,4 series
bmw,x5 xdrive35i awd suv,x5
bmw,750li,7 series
bmw,2 series 230i coupe 2d,2 series
bmw,5 series 535d xdrive sedan,5 series
bmw,5 series 530i xdrive sedan,5 series
bmw,5 series 535i sedan 4d,5 series
bmw,5 series 540i xdrive sedan,5 series
bmw,525i,5 series
bmw,750xi xdrive m-sport edition,7 series
bmw,3 series 335i xdrive sedan,3 series
bmw,440xi xdrive gran coupe,4 series
bmw,650xi xdrive gran coupe,6 series
bmw,x3 xdrive35i,x3
bmw,3 series 335i convertible 2d,3 series
bmw,4 series 430i xdrive,4 series
bmw,428i,4 series
bmw,5 series 530i sedan 4d,5 series
bmw,z3,z3
bmw,535i xdrive,5 series
bmw,540i,5 series
bmw,750i,7 series
bmw,x5 xdrive35d,x5
bmw,z4 sdrive28i roadster 2d,z4
bmw,535xi,5 series
bmw,1 series 128i convertible 2d,1 series
bmw,3 series 328d xdrive sport,3 series
bmw,4 series 428i gran coupe,4 series
bmw,7 series 740i sedan 4d,7 series
bmw,320i xdrive,3 series
bmw,4 series 428i xdrive,4 series
bmw,650i,6 series
bmw,2 series,2 series
bmw,2 series m240i coupe 2d,2 series
bmw,325ci,3 series
bmw,7-series,7 series
bmw,x5 xdrive50i,x5
bmw,5 series 535i gran turismo,5 series
bmw,330ci,3 series
bmw,4 series 428i coupe 2d,4 series
bmw,4 series 430i gran coupe,4 series
bmw,4 series 440i convertible 2d,4 series
bmw,740i,7 series
bmw,4 series 440i gran coupe,4 series
bmw,i3,i3
bmw,x1 xdrive28i sport utility,x1
bmw,3 series 328i convertible 2d,3 series
bmw,528i xdrive,5 series
bmw,x5 xdrive40i sport utility,x5
bmw,128i,1 series
bmw,328xi xdrive coupe,3 series
bmw,5 series 528i,5 series
bmw,x3 m40i sport utility 4d,x3
bmw,x3 xdrive28i sport utility,x3
bmw,z3 convertible,z3
bmw,m6 coupe 4d,6 series
bmw,x5 3.0i,x5
bmw,x1 sdrive28i,x1
bmw,x3 3.0i,x3
bmw,2 series 230i xdrive coupe,2 series
bmw,3 series 320i xdrive,3 series
bmw,335xi,3 series
bmw,5 series 528i xdrive,5 series
bmw,5 series gran turismo,5 series
bmw,m6,6 series
bmw,x5 xdrive50i m-sport 7-pass,x5
bmw,128i convertible,1 series
bmw,3 series 340i xdrive sedan,3 series
bmw,330xi,3 series
bmw,i8,i8
bmw,x3 xdrive30i,x3
bmw,x6 xdrive35i,x6
bmw,2 series 228i coupe 2d,2 series
bmw,328,3 series
bmw,535i 6-spd sport sedan,5 series
bmw,640i,6 series
bmw,x1 sdrive28i sport utility,x1
bmw,x2,x2
bmw,x5 xdrive30i,x5
bmw,528xi xdrive awd,5 series
bmw,530xi,5 series
bmw,325ci convertible,3 series
bmw,328xi xdrive awd,3 series
bmw,x6 m,x6
bmw,z3 roadster,z3
bmw,3 series 335i sedan 4d,3 series
bmw,4 series 435i gran coupe,4 series
bmw,4 series 435i xdrive coupe,4 series
bmw,5 series 550i sedan 4d,5 series
bmw,x5 xdrive 4.8i awd sport-suv,x5
bmw,135i,1 series
bmw,i3 s w/range extender,i3
bmw,m4 coupe 2d,4 series
bmw,3 series 328d sedan 4d,3 series
bmw,323i,3 series
bmw,328i convertible,3 series
bmw,335i xdrive,3 series
bmw,4 series 430i xdrive gran,4 series
bmw,4 series 440i coupe 2d,4 series
bmw,435i,4 series
bmw,5 series 530e xdrive,5 series
bmw,5 series 535i xdrive,5 series
bmw,650i convertible,6 series
bmw,750i / alpina b7,7 series
bmw,x1 xdrive35i,x1
bmw,328d,3 series
bmw,4 series 440i gran coupe 4d,4 series
bmw,428i gran coupe,4 series
bmw,550i xdrive,5 series
bmw,6 series 650i convertible 2d,6 series
bmw,645ci convertible,6 series
bmw,7 series 750i sedan 4d,7 series
bmw,x3 3.0si,x3
bmw,x4 xdrive28i,x4
bmw,x5 sdrive35i,x5
bmw,x5 sdrive35i sport utility,x5
bmw,x5 xdrive35i premium,x5
bmw,z3 m roadster,z3
bmw,3 series 330i sedan 4d,3 series
bmw,3 series 330i xdrive,3 series
bmw,4 series 428i convertible 2d,4 series
bmw,5 series 530i,5 series
bmw,x2 sdrive28i sport utility,x2
bmw,x3 xdrive 28i,x3
bmw,x5 m,x5
bmw,x6 sdrive35i sport utility,x6
bmw,2 series m235i xdrive,2 series
bmw,3 series 328i gran turismo,3 series
bmw,3 series 340i gran turismo,3 series
bmw,325cic,3 series
bmw,328d xdrive awd tdi,3 series
bmw,330e,3 series
bmw,335i convertible,3 series
bmw,5 series 535i,5 series
bmw,740il,7 series
bmw,m3 sedan 4d,3 series
bmw,x2 xdrive28i,x2
bmw,x5 4.4i,x5
bmw,z4 2.5i,z4
bmw,3 series 320i,3 series
bmw,3 series 328xi,3 series
bmw,330ci convertible,3 series
bmw,4 series 428i xdrive coupe,4 series
bmw,4 series 430i xdrive coupe,4 series
bmw,5 series 528i sedan 4d,5 series
bmw,530e,5 series
bmw,535i xdrive awd,5 series
bmw,7 series 750li xdrive sedan,7 series
bmw,750i xdrive,7 series
bmw,x5 xdrive50i m-sport w/3rd r,x5
bmw,z4 3.0i,z4
bmw,3 series 330i gran turismo,3 series
bmw,3 series 335i,3 series
bmw,650i gran coupe,6 series
bmw,745li,7 series
bmw,i3 base w/range extender,i3
bmw,z4 3.0i 3.0i,z4
bmw,1 series,1 series
bmw,230i,2 series
bmw,3 series 330e iperformance,3 series
bmw,318i,3 series
bmw,328i sedan,3 series
bmw,5 series 535i xdrive sedan,5 series
bmw,640,6 series
bmw,745i,7 series
bmw,750i / b7,7 series
bmw,750li xdrive,7 series
bmw,i3 range extender hatchback,i3
bmw,m3 coupe,3 series
bmw,x5 4.4i 4.4i,x5
bmw,128i coupe,1 series
bmw,3 series 330i xdrive sport,3 series
bmw,325i convertible,3 series
bmw,328ci,3 series
bmw,328i coupe,3 series
bmw,335i coupe,3 series
bmw,645ci,6 series
bmw,750li / alpina b7,7 series
bmw,m roadster,z3
bmw,x3 sdrive30i,x3
bmw,x4 m40i sport utility 4d,x4
bmw,x5 3.5i premium,x5
bmw,x5m,x5
bmw,2 series 228i convertible 2d,2 series
bmw,2 series 228i xdrive gran,2 series
bmw,2002,2002
bmw,228i,2 series
bmw,3 series 325i,3 series
bmw,3 series 328i sedan 4d,3 series
bmw,328 i sulev,3 series
bmw,328i sport,3 series
bmw,328i xdrive awd,3 series
bmw,330xi awd,3 series
bmw,335xi awd,3 series
bmw,340i,3 series
bmw,4 series 440i xdrive coupe,4 series
bmw,428i xdrive,4 series
bmw,435,4 series
bmw,5 series 530e xdrive sedan,5 series
bmw,528,5 series
bmw,530,5 series
bmw,740li,7 series
bmw,e46 m3,3 series
bmw,m3 convertible,3 series
bmw,x3 xdrive30i awd gas suv,x3
bmw,x5 xdrive35i sport activity,x5
bmw,x5 xdrive40e sport utility,x5
bmw,1 series 128i,1 series
bmw,3 series 335d sedan 4d,3 series
bmw,3-series 328i,3 series
bmw,328i hard top convertible,3 series
bmw,335,3 series
bmw,335i sport,3 series
bmw,430i m pkg,4 series
bmw,528e,5 series
bmw,535 xi,5 series
bmw,540i xdrive,5 series
bmw,6 series 640i gran coupe,6 series
bmw,6-series,6 series
bmw,750 li,7 series
bmw,750il,7 series
bmw,760li,7 series
bmw,e39 540i,5 series
bmw,x3 xdrive 30i awd gas suv,x3
bmw,135i m sport,1 series
bmw,228i xdrive,2 series
bmw,3 series 330i,3 series
bmw,325i sedan,3 series
bmw,328d xdrive awd,3 series
bmw,328i sport 6 speed manual,3 series
bmw,328xi coupe,3 series
bmw,328xi wagon,3 series
bmw,4 series 435i,4 series
bmw,4 series 435i xdrive gran,4 series
bmw,4-series,4 series
bmw,428,4 series
bmw,428i coupe,4 series
bmw,435i xdrive,4 series
bmw,5 series 535i m sport,5 series
bmw,5 series iperformance,5 series
bmw,528 i,5 series
bmw,528i 5-series,5 series
bmw,535 i m-sport,5 series
bmw,540i bad credit,5 series
bmw,540i m-sport,5 series
bmw,545i,5 series
bmw,635csi,6 series
bmw,640i gran coupe,6 series
bmw,alpina b6 gran coupe xdrive,6 series
bmw,e30,3 series
bmw,m2,2 series
bmw,x1 28i sport line pkg,x1
bmw,x1 xdrive 28i,x1
bmw,x1 xdrive28i awd! awd,x1
bmw,x1 xdrive35i awdsuv,x1
bmw,x2 xdrive28i sport utility,x2
bmw,x3 xdrive30i awdsuv,x3
bmw,x4 xdrive28i sport utility,x4
bmw,x5 sport package,x5
bmw,x5 xdrive 50i,x5
bmw,x5 xdrive50i 6-speed automatic,x5
bmw,x6 xdrive50i,x6
bmw,z4 convertible,z4
bmw,1-series,1 series
bmw,2 series m240i xdrive,2 series
bmw,3 series sdn 328i rwd,3 series
bmw,325,3 series
bmw,325 ci,3 series
bmw,325xi awd,3 series
bmw,328 xi,3 series
bmw,328d sports line,3 series
bmw,328i hardtop convertible,3 series
bmw,328i m sport,3 series
bmw,328i nav sport pkg.,3 series
bmw,330 ci,3 series
bmw,330i xdrive,3 series
bmw,330i xdrive awd,3 series
bmw,335d,3 series
bmw,4 series 428i xdrive gran,4 series
bmw,4 series 430i gran coupe 4d,4 series
bmw,4 series 435i xdrive,4 series
bmw,428 i,4 series
bmw,430i convertible,4 series
bmw,435i m sport package,4 series
bmw,5 series 528i xdrive sedan,5 series
bmw,5-series 528i xdrive 6-speed automatic,5 series
bmw,525xi,5 series
bmw,528xi awd,5 series
bmw,530i xdrive,5 series
bmw,535 xi awd,5 series
bmw,6 series 650i xdrive gran,6 series
bmw,640i coupe,6 series
bmw,7 series 740li sedan 4d,7 series
bmw,7 series 750li xdrive,7 series
bmw,750lxi,7 series
bmw,m4 - fully loaded! - head-u,4 series
bmw,m4 coupe,4 series
bmw,m5 sedan 4d,5 series
bmw,m550i,5 series
bmw,x1 awd 4dr xdrive28i,x1
bmw,x1 xdrive28i 8-speed automatic,x1
bmw,x3 sdrive28i,x3
bmw,x3 xdrive28i 28i,x3
bmw,x3 xdrive28i awd 4dr suv,x3
bmw,x3 xdrive35i sport utility,x3
bmw,x3si awd,x3
bmw,x5 3.0si,x5
bmw,x5 awd 4dr 4.8i,x5
bmw,x5 xdrive35i premium awd,x5
bmw,x5 xdrive35i sports activity,x5
bmw,x5 xdrive48i,x5
bmw,x6 xdrive 50i xdrive50i,x6
bmw,z4 sdrive28i,z4
bmw,z4 sdrive30i roadster 2d,z4
bmw,1-series 128i coupe,1 series
bmw,128,1 series
bmw,135i convertible,1 series
bmw,3 series 320i 4dr sedan,3 series
bmw,3 series 320i xdrive sedan,3 series
bmw,3 series 328i 4dr sedan,3 series
bmw,3 series 328i convertible,3 series
bmw,3 series 328i xdrive sedan,3 series
bmw,3 series 340i,3 series
bmw,3 series gran turismo,3 series
bmw,3-series 320i sedan,3 series
bmw,3-series 328i xdrive sedan 8-speed automatic,3 series
bmw,320 xi,3 series
bmw,320i sedan,3 series
bmw,320xi,3 series
bmw,323ci,3 series
bmw,325e,3 series
bmw,325ic,3 series
bmw,325is,3 series
bmw,325xi wagon,3 series
bmw,328 i,3 series
bmw,328i gt,3 series
bmw,328i gt xdrive awd,3 series
bmw,328i sulev,3 series
bmw,328i xd,3 series
bmw,328xi 3-series awd,3 series
bmw,328xi awd,3 series
bmw,330 xi,3 series
bmw,330i gt m-sport awd,3 series
bmw,330i zhp,3 series
bmw,335is,3 series
bmw,335xi awd coupe,3 series
bmw,4 series 428ix,4 series
bmw,428i convertible,4 series
bmw,430i xdrive,4 series
bmw,435i gran coupe,4 series
bmw,435i gran coupe m-sport,4 series
bmw,435i xdrive convertible,4 series
bmw,5 series 525i,5 series
bmw,5 series 530e iperformance,5 series
bmw,5 series 535d sedan 4d,5 series
bmw,5 series 535isedan,5 series
bmw,5 series 535xi,5 series
bmw,525,5 series
bmw,528xi xdrive,5 series
bmw,530 xi,5 series
bmw,535i gt,5 series
bmw,535i xdrive m series,5 series
bmw,535xi wagon,5 series
bmw,545i sedan,5 series
bmw,550i m sport,5 series
bmw,550i xdrive 550xi,5 series
bmw,6 series 640i coupe 2d,6 series
bmw,6 series 645ci,6 series
bmw,6 series 650i xdrive,6 series
bmw,650i m sport gran coupe,6 series
bmw,7 series 740li xdrive sedan,7 series
bmw,7 series 750li,7 series
bmw,7-series 740li,7 series
bmw,740i m sport package,7 series
bmw,750,7 series
bmw,750i m package,7 series
bmw,8 series,8 series
bmw,850i,8 series
bmw,alpina b7,7 series
bmw,i8 hybrid 1.5l turbo,i8
bmw,m models x6,x6
bmw,m235,2 series
bmw,m3 sedan,3 series
bmw,x1 28i xdrive,x1
bmw,x1 xdrive28i awd,x1
bmw,x3 3.0i sport utility 4d,x3
bmw,x3 m40i,x3
bmw,x3 x3 xdrive28i,x3
bmw,x3 xdrive,x3
bmw,x3 xdrive28i awdsuv,x3
bmw,x5 3.0l awd suv,x5
bmw,x5 sdrive35i sdrive35i,x5
bmw,x5 sdrive35i twin turbo,x5
bmw,x5 xdrive 35i awd gas suv,x5
bmw,x5 xdrive35d diesel 3rd,x5
bmw,x5 xdrive35i premium sport,x5
bmw,x5 xdrive40e awd,x5
bmw,x7,x7
bmw,z3 2.3,z3
bmw,z3 2.5i,z3
bmw,z3 2.8,z3
bmw,z3 2.8l 2.8l,z3
bmw,z4 35i roadster 2d,z4
bmw,z4 sdrive35i,z4
buick,enclave,enclave
buick,lacrosse,lacrosse
buick,encore,encore
buick,lucerne,lucerne
buick,encore gx select sport,encore gx
buick,enclave essence sport,enclave
buick,lesabre,lesabre
buick,regal,regal
buick,enclave premium sport,enclave
buick,century,century
buick,verano,verano
buick,enclave leather sport,enclave
buick,enclave avenir sport,enclave
buick,regal premium ii sedan 4d,regal
buick,rendezvous,rendezvous
buick,envision,envision
buick,enclave leather,enclave
buick,encore gx essence sport,encore gx
buick,lucerne cxl,lucerne
buick,lacrosse cxl,lacrosse
buick,park avenue,park avenue
buick,riviera,riviera
buick,lesabre custom,lesabre
buick,encore preferred,encore
buick,enclave cxl,enclave
buick,encore preferred ii sport,encore
buick,encore essence sport,encore
buick,lacrosse cx,lacrosse
buick,lesabre limited,lesabre
buick,regal tourx preferred,regal
buick,century custom,century
buick,encore premium sport,encore
buick,regal sport touring sedan,regal
buick,regal sportback preferred,regal
buick,reatta,reatta
buick,skylark,skylark
buick,enclave awd,enclave
buick,envision preferred sport,envision
buick,lacrosse premium,lacrosse
buick,lucerne cx,lucerne
buick,regal gs sedan 4d,regal
buick,enclave premium,enclave
buick,encore preferred sport,encore
buick,cascada premium,cascada
buick,terraza,terraza
buick,rendezvous cxl,rendezvous
buick,encore essence,encore
buick,terraza cxl,terraza
buick,verano premium group sedan,verano
buick,encore sport touring,encore
buick,lucerne cxl v6,lucerne
buick,regal gs,regal
buick,regal tourx essence wagon,regal
buick,enclave cxl awd,enclave
buick,enclave premium awd,enclave
buick,envision essence sport,envision
buick,verano base,verano
buick,cascada,cascada
buick,special,special
buick,enclave convenience sport,enclave
buick,roadmaster,roadmaster
buick,skylark convertible,skylark
buick,enclave leather group,enclave
buick,encore gx preferred sport,encore gx
buick,encore sport utility 4d,encore
buick,lacrosse essence sedan 4d,lacrosse
buick,lucerne cxl premium sedan,lucerne
buick,rainier,rainier
buick,rendezvous cx,rendezvous
buick,enclave avenir,enclave
buick,enclave premium awd gas,enclave
buick,lacrosse preferred sedan,lacrosse
buick,lacrosse sport touring,lacrosse
buick,lesabre sedan,lesabre
buick,verano leather group,verano
buick,verano sedan 4d,verano
buick,enclave cxl-1,enclave
buick,enclave premium awd w/3rd,enclave
buick,encore gx,encore gx
buick,encore leather sport,encore
buick,encore premium,encore
buick,envision premium ii,envision
buick,lacross cx,lacrosse
buick,lacrosse cxs,lacrosse
buick,lacrosse leather,lacrosse
buick,lacrosse leather sedan 4d,lacrosse
buick,regal sportback,regal
buick,verano convenience group,verano
buick,verano sport touring sedan,verano
buick,century limited,century
buick,electra 225,electra
buick,encore leather,encore
buick,encore w/ backup camera,encore
buick,envision premium sport,envision
buick,lucerne cxs,lucerne
buick,regal cxl,regal
buick,regal preferred ii,regal
buick,regal premium,regal
buick,roadmaster limited,roadmaster
buick,skylark custom,skylark
buick,super,super
buick,verano convenience sedan,verano
buick,encore essence awd,encore
buick,grand national,regal
buick,lasabre,lesabre
buick,lasabre custom,lesabre
buick,lesabre customsedan,lesabre
buick,lucern,lucerne
buick,rainier cxl awd,rainier
buick,rivera,riviera
buick,roadmaster wagon,roadmaster
buick,encore convenience sport,encore
buick,envision essence,envision
buick,envision preferred,envision
buick,envision premium i sport,envision
buick,estate wagon,estate wagon
buick,gs,unknown
buick,lacrosse cxl 4dr sedan,lacrosse
buick,lacrosse preferred,lacrosse
buick,lacrosse premium ii,lacrosse
buick,lasabre limited,lesabre
buick,lesabre 4dr sdn custom,lesabre
buick,park ave,park avenue
buick,park avenue 4dr sdn,park avenue
buick,regal sedan 4d,regal
buick,regal sportback essence,regal
buick,regal turbo,regal
buick,roadmaster base,roadmaster
buick,roadmaster estate wagon,roadmaster
buick,cascada sport touring,cascada
buick,enclave awd gas suv auto,enclave
buick,enclave premium group,enclave
buick,encore awd,encore
buick,encore convenience,encore
buick,encore gx preferred,encore gx
buick,encore premium awd,encore
buick,lacrosse 4dr sdn cxl,lacrosse
buick,lacrosse cxl sedan,lacrosse
buick,lacrosse premium ii sedan,lacrosse
buick,lacrosse premium sedan 4d,lacrosse
buick,lacrosse touring,lacrosse
buick,le sabre,lesabre
buick,lecern,lucerne
buick,lucerne super,lucerne
buick,park avenue ultra,park avenue
buick,rainier awd,rainier
buick,rainier cxl,rainier
buick,regal ls,regal
buick,regal premium 1,regal
buick,regal sportback gs,regal
buick,regal turbo premium 1,regal
cadillac,escalade,escalade
cadillac,cts,cts
cadillac,srx,srx
cadillac,xt4 sport suv 4d,xt4
cadillac,deville,deville
cadillac,dts,dts
cadillac,ct5 premium luxury,ct5
cadillac,ats,ats
cadillac,xts,xts
cadillac,escalade esv,escalade
cadillac,cts 2.0 luxury sedan 4d,cts
cadillac,xt5,xt5
cadillac,sts,sts
cadillac,srx luxury collection,srx
cadillac,cts sedan 4d,cts
cadillac,eldorado,eldorado
cadillac,ats sedan,ats
cadillac,xt5 premium luxury,xt5
cadillac,xt5 luxury sport,xt5
cadillac,xt4 premium luxury,xt4
cadillac,escalade esv premium,escalade
cadillac,cts sedan,cts
cadillac,ct5 luxury sedan 4d,ct5
cadillac,srx luxury,srx
cadillac,cts 2.0 luxury,cts
cadillac,xt5 sport utility 4d,xt5
cadillac,xt4,xt4
cadillac,escalade esv luxury,escalade
cadillac,ats sedan 4d,ats
cadillac,ct6,ct6
cadillac,cts 3.6 luxury sedan 4d,cts
cadillac,escalade ext,escalade ext
cadillac,srx premium collection,srx
cadillac,seville,seville
cadillac,escalade luxury,escalade
cadillac,ats luxury coupe 2d,ats
cadillac,xt6 premium luxury,xt6
cadillac,srx performance,srx
cadillac,allante,allante
cadillac,escalade awd,escalade
cadillac,xts luxury sedan 4d,xts
cadillac,escalade esv platinum,escalade
cadillac,ats luxury sedan 4d,ats
cadillac,ct6 luxury,ct6
cadillac,cts cts-v coupe 2d,cts
cadillac,xt5 platinum sport,xt5
cadillac,fleetwood,fleetwood
cadillac,escalade esv awd,escalade
cadillac,escalade premium,escalade
cadillac,fleetwood brougham,fleetwood
cadillac,xt6,xt6
cadillac,cts-v,cts
cadillac,ats 2.0l turbo,ats
cadillac,srx v8,srx
cadillac,seville sls,seville
cadillac,xts luxury,xts
cadillac,ats 3.6l luxury sedan,ats
cadillac,cts coupe,cts
cadillac,cts4,cts
cadillac,xt5 sport suv 4d,xt5
cadillac,srx awd,srx
cadillac,xlr,xlr
cadillac,ct4,ct4
cadillac,ats 2.0l turbo standard,ats
cadillac,ct6 3.6 luxury sedan 4d,ct6
cadillac,cts luxury collection,cts
cadillac,xt5 luxury,xt5
cadillac,ats luxury,ats
cadillac,eldorado biarritz,eldorado
cadillac,xts luxury collection,xts
cadillac,ats 2.0l turbo luxury,ats
cadillac,coupe deville,deville
cadillac,escalade platinum,escalade
cadillac,escalade platinum 4x4,escalade
cadillac,sedan deville,deville
cadillac,brougham,brougham
cadillac,eldorado esc,eldorado
cadillac,escalade premium sport,escalade
cadillac,xlr convertible,xlr
cadillac,ats awd,ats
cadillac,ats coupe 2d,ats
cadillac,ct6 plug-in sedan 4d,ct6
cadillac,cts 3.6 premium luxury,cts
cadillac,ats premium luxury,ats
cadillac,deville dts,deville
cadillac,"escalade ext""""",escalade ext
cadillac,limousine,unknown
cadillac,xts platinum,xts
cadillac,ats-v coupe 2d,ats
cadillac,ats4 performance,ats
cadillac,cts 3.6 premium,cts
cadillac,dts luxury,dts
cadillac,dts sedan 4d,dts
cadillac,escalade 4x4,escalade
cadillac,escalade hybrid,escalade
cadillac,srx luxury awd! awd,srx
cadillac,srx sport utility 4d,srx
cadillac,srx4,srx
cadillac,xts standard sedan 4d,xts
cadillac,cts 2.0 standard sedan,cts
cadillac,cts 3.6l luxury,cts
cadillac,cts luxury awd,cts
cadillac,ctsv,cts
cadillac,eldorado convertible,eldorado
cadillac,seville sts,seville
cadillac,xt5 luxury awd gas suv,xt5
cadillac,cts 3.6 performance,cts
cadillac,cts 4,cts
cadillac,cts luxury,cts
cadillac,cts-v coupe,cts
cadillac,deville concours,deville
cadillac,eldorado etc,eldorado
cadillac,elr coupe 2d,elr
cadillac,escalade esv 4dr awd platinum edition,escalade
cadillac,escalade esv premium & luxury pkgs rear dvd pano night vision,escalade
cadillac,hearse,unknown
cadillac,sls,seville
cadillac,srx luxury fwd,srx
cadillac,xt4 luxury sport,xt4
cadillac,xt4 sport,xt4
cadillac,ats premium,ats
cadillac,ats-v sedan,ats
cadillac,ct4 premium luxury,ct4
cadillac,ct6 luxury awd,ct6
cadillac,cts 3.0l luxury,cts
cadillac,cts awd,cts
cadillac,cts cts-v sedan 4d,cts
cadillac,cts sedan 4dr sdn 3.0l awd,cts
cadillac,cts4 awd,cts
cadillac,dts platinum,dts
cadillac,escalade ext awd,escalade ext
cadillac,escalade luxury awd,escalade
cadillac,escalade luxury sport,escalade
cadillac,escalade premium luxury,escalade
cadillac,lasalle,lasalle
cadillac,srx premium,srx
cadillac,sts v6,sts
cadillac,xt4 awd premium luxury,xt4
cadillac,xt5 luxury awd,xt5
cadillac,xt5 platinum,xt5
cadillac,xt6 sport suv 4d,xt6
cadillac,xts 4,xts
cadillac,xts premium collection,xts
cadillac,xts sedan 4d,xts
cadillac,ats 2.0t,ats
cadillac,ats 2.5l luxury sedan,ats
cadillac,ats coupe,ats
cadillac,coupe de ville,deville
cadillac,ct4 luxury sedan 4d,ct4
cadillac,ct4 sport sedan 4d,ct4
cadillac,cts 2.0l turbo,cts
cadillac,cts 2.0l turbo luxury,cts
cadillac,cts 3.6l twin turbo,cts
cadillac,cts sedan 4dr sdn 3.0l luxury awd,cts
cadillac,de ville,deville
cadillac,dts luxury ii,dts
cadillac,escalade 2wd,escalade
cadillac,escalade awd 4dr premiu,escalade
cadillac,escalade sport,escalade
cadillac,ext,escalade ext
cadillac,series 62,series 62
cadillac,srx-v6 luxury collection,srx
cadillac,srx4 awd,srx
cadillac,srx~awesome colors~ navigation~ camera~ factory ch,srx
cadillac,xt5 platinum awd,xt5
cadillac,xt5 sport awd,xt5
cadillac,xts premium,xts
chevrolet,silverado 1500,silverado 1500
chevrolet,silverado,silverado
chevrolet,equinox,equinox
chevrolet,corvette,corvette
chevrolet,tahoe,tahoe
chevrolet,malibu,malibu
chevrolet,impala,impala
chevrolet,silverado 2500hd,silverado 2500
chevrolet,cruze,cruze
chevrolet,camaro,camaro
chevrolet,suburban,suburban
chevrolet,traverse,traverse
chevrolet,colorado,colorado
chevrolet,silverado 1500 regular,silverado 1500
chevrolet,camaro ss coupe 2d,camaro
chevrolet,silverado 1500 crew,silverado 1500
chevrolet,silverado 1500 double,silverado 1500
chevrolet,corvette grand sport,corvette
chevrolet,equinox lt,equinox
chevrolet,colorado extended cab,colorado
chevrolet,trailblazer,trailblazer
chevrolet,avalanche,avalanche
chevrolet,silverado 3500hd,silverado 3500
chevrolet,silverado 1500 lt,silverado 1500
chevrolet,malibu lt,malibu
chevrolet,cruze lt,cruze
chevrolet,impala lt,impala
chevrolet,spark,spark
chevrolet,express cargo van,express
chevrolet,silverado 1500 ld,silverado 1500
chevrolet,sonic,sonic
chevrolet,express,express
chevrolet,cobalt,cobalt
chevrolet,trax,trax
chevrolet,silverado 2500 hd crew,silverado 2500
chevrolet,tahoe lt,tahoe
chevrolet,tahoe lt sport utility,tahoe
chevrolet,trax lt sport utility,trax
chevrolet,hhr,hhr
chevrolet,silverado 2500,silverado 2500
chevrolet,colorado crew cab z71,colorado
chevrolet,silverado 1500 lt 4x4,silverado 1500
chevrolet,corvette stingray,corvette
chevrolet,camaro lt coupe 2d,camaro
chevrolet,2500,silverado 2500
chevrolet,c10,c/k 10
chevrolet,express commercial cutaway,express
chevrolet,corvette coupe 2d,corvette
chevrolet,malibu ls,malibu
chevrolet,traverse lt,traverse
chevrolet,blazer,blazer
chevrolet,express 2500,express
chevrolet,impala ls,impala
chevrolet,corvette convertible,corvette
chevrolet,cruze limited 1lt,cruze
chevrolet,cruze limited,cruze
chevrolet,el camino,el camino
chevrolet,silverado 2500 hd,silverado 2500
chevrolet,silverado 3500,silverado 3500
chevrolet,volt,volt
chevrolet,spark activ hatchback,spark
chevrolet,equinox ls,equinox
chevrolet,sonic lt,sonic
chevrolet,express 3500,express
chevrolet,tahoe ltz,tahoe
chevrolet,aveo,aveo
chevrolet,cruze ls,cruze
chevrolet,colorado crew cab lt,colorado
chevrolet,equinox lt awd,equinox
chevrolet,suburban 1500,suburban
chevrolet,3500,silverado 3500
chevrolet,colorado crew cab work,colorado
chevrolet,hhr lt,hhr
chevrolet,silverado 1500 ltz,silverado 1500
chevrolet,silverado 1500 crew cab,silverado 1500
chevrolet,impala ltz,impala
chevrolet,suburban lt,suburban
chevrolet,monte carlo,monte carlo
chevrolet,1500,silverado 1500
chevrolet,camaro z28,camaro
chevrolet,cavalier,cavalier
chevrolet,express cargo,express
chevrolet,express passenger,express
chevrolet,trax lt,trax
chevrolet,trailblazer ls,trailblazer
chevrolet,silverado 2500 hd crew cab,silverado 2500
chevrolet,camaro ss,camaro
chevrolet,cc4500,kodiak
chevrolet,s10,s-10
chevrolet,spark ev 2lt hatchback,spark
chevrolet,corvette stingray z51,corvette
chevrolet,blazer 2lt sport,blazer
chevrolet,s10 pickup,s-10
chevrolet,monte carlo ss,monte carlo
chevrolet,silverado 2500hd 4x4,silverado 2500
chevrolet,cobalt lt,cobalt
chevrolet,trailblazer lt,trailblazer
chevrolet,nova,nova
chevrolet,silverado 1500 lt z71,silverado 1500
chevrolet,silverado 2500 ltz,silverado 2500
chevrolet,spark ls,spark
chevrolet,impala ss,impala
chevrolet,uplander,uplander
chevrolet,chevelle,chevelle
chevrolet,cruze lt diesel,cruze
chevrolet,captiva sport,captiva
chevrolet,silverado 2500hd work,silverado 2500
chevrolet,impala limited,impala
chevrolet,suburban ltz,suburban
chevrolet,equinox ltz,equinox
chevrolet,trax ls,trax
chevrolet,camaro ss convertible,camaro
chevrolet,trax ls sport utility,trax
chevrolet,silverado 1500 4x4,silverado 1500
chevrolet,camaro lt,camaro
chevrolet,corvette coupe,corvette
chevrolet,express 2500 cargo van,express
chevrolet,tahoe ls,tahoe
chevrolet,suburban 1500 ltz,suburban
chevrolet,traverse lt awd,traverse
chevrolet,tahoe lt 4x4,tahoe
chevrolet,silverado 2500hd ltz,silverado 2500
chevrolet,lifted silverado 1500,silverado 1500
chevrolet,malibu ltz,malibu
chevrolet,silverado 1500 ltz 4x4,silverado 1500
chevrolet,silverado 2500hd lt,silverado 2500
chevrolet,corvette z06,corvette
chevrolet,spark lt,spark
chevrolet,colorado crew cab,colorado
chevrolet,tracker,tracker
chevrolet,s-10,s-10
chevrolet,ss sedan 4d,ss
chevrolet,astro,astro
chevrolet,astro van,astro
chevrolet,avalanche ltz,avalanche
chevrolet,silverado 1500 ls,silverado 1500
chevrolet,silverado 2500 hd ltz,silverado 2500
chevrolet,silverado lt,silverado
chevrolet,venture,venture
chevrolet,avalanche 1500,avalanche
chevrolet,colorado lt,colorado
chevrolet,coupe,unknown
chevrolet,cruze eco,cruze
chevrolet,ssr,ssr
chevrolet,trax ltz sport utility,trax
chevrolet,c4500,kodiak
chevrolet,camaro rs,camaro
chevrolet,equinox ltz awd,equinox
chevrolet,silverado 3500 hd,silverado 3500
chevrolet,silverado lt z71,silverado
chevrolet,belair,bel air
chevrolet,bolt ev,bolt
chevrolet,camaro lt convertible,camaro
chevrolet,cobalt ls,cobalt
chevrolet,traverse ls,traverse
chevrolet,camaro 2ss,camaro
chevrolet,caprice,caprice
chevrolet,silverado 1500 4wd,silverado 1500
chevrolet,silverado 1500 hybrid,silverado 1500
chevrolet,silverado ltz,silverado
chevrolet,2500hd,silverado 2500
chevrolet,cruze ltz,cruze
chevrolet,hhr ls,hhr
chevrolet,suburban 2500,suburban
chevrolet,bel air,bel air
chevrolet,colorado crew cab zr2,colorado
chevrolet,cruze 1lt,cruze
chevrolet,malibu limited,malibu
chevrolet,silverado 1500 lt 4wd,silverado 1500
chevrolet,silverado z71,silverado
chevrolet,aveo lt,aveo
chevrolet,c/k 1500,c/k 1500
chevrolet,c20,c/k 20
chevrolet,silverado 3500hd 4x4,silverado 3500
chevrolet,silverado 3500hd lt,silverado 3500
chevrolet,traverse ltz,traverse
chevrolet,5500,silverado 5500
chevrolet,blazer lt,blazer
chevrolet,colorado z71,colorado
chevrolet,cruze limited ltz,cruze
chevrolet,express g2500,express
chevrolet,lumina,lumina
chevrolet,silverado 1500 custom,silverado 1500
chevrolet,silverado 3500 high ct,silverado 3500
chevrolet,tahoe z71,tahoe
chevrolet,captiva,captiva
chevrolet,captiva sport ls,captiva
chevrolet,express 1500,express
chevrolet,express cutaway,express
chevrolet,pickup,unknown
chevrolet,silverado duramax hd,silverado
chevrolet,3100,3100
chevrolet,3500 lcf gas,low cab forward
chevrolet,4500 lcf gas,low cab forward
chevrolet,express g3500,express
chevrolet,k5 blazer,blazer
chevrolet,silverado 1500 double cab,silverado 1500
chevrolet,traverse lt sport,traverse
chevrolet,c3500,c/k 3500
chevrolet,k10,c/k 10
chevrolet,lifted silverado 2500,silverado 2500
chevrolet,silverado lt crew cab,silverado
chevrolet,truck,unknown
chevrolet,avalanche z71,avalanche
chevrolet,blazer 1lt sport,blazer
chevrolet,silverado 3500hd ltz,silverado 3500
chevrolet,van,unknown
chevrolet,2500hd lt duramax 4x4,silverado 2500
chevrolet,equinox ls awd,equinox
chevrolet,express cargo 1500 3dr,express
chevrolet,silverado 1500 work,silverado 1500
chevrolet,silverado 1500 work tr,silverado 1500
chevrolet,trailblazer ls 4x4,trailblazer
chevrolet,silverado 4x4,silverado
chevrolet,tahoe ls sport utility,tahoe
chevrolet,tahoe police,tahoe
chevrolet,c10 pickup,c/k 10
chevrolet,colorado work truck,colorado
chevrolet,cruze rs,cruze
chevrolet,equinox 2lt,equinox
chevrolet,equinox premier,equinox
chevrolet,silverado 1500 classic,silverado 1500
chevrolet,malibu ls sedan 4d,malibu
chevrolet,silverado 3500 classic,silverado 3500
chevrolet,sonic ltz,sonic
chevrolet,trailblazer lt w/1lt,trailblazer
chevrolet,volt premium,volt
chevrolet,210,210
chevrolet,bolt ev lt hatchback,bolt
chevrolet,c-10,c/k 10
chevrolet,camaro zl1 coupe 2d,camaro
chevrolet,captiva sport fleet,captiva
chevrolet,chevorlet express 3500 1 ton,express
chevrolet,corvair,corvair
chevrolet,cruze 1lt auto,cruze
chevrolet,silverado 1500 extended cab,silverado 1500
chevrolet,silverado 1500 ltz z71,silverado 1500
chevrolet,silverado 2500hd duramax,silverado 2500
chevrolet,suburban 1500 lt,suburban
chevrolet,trailblazer ext,trailblazer
chevrolet,1500 silverado,silverado 1500
chevrolet,3500hd 4x4 duramax,silverado 3500
chevrolet,express cutaway 3500,express
chevrolet,impala premier sedan,impala
chevrolet,silverado 1500 rst,silverado 1500
chevrolet,silverado 1500hd,silverado 1500
chevrolet,silverado 6500hd,silverado 6500
chevrolet,spark ev 1lt hatchback,spark
chevrolet,tahoe 4x4,tahoe
chevrolet,traverse premier,traverse
chevrolet,avalanche lt,avalanche
chevrolet,aveo ls,aveo
chevrolet,c30,c/k 30
chevrolet,elcamino,el camino
chevrolet,silverado 2500 ltz lifted duramax 6.6 liter,silverado 2500
chevrolet,suburban lt 1500,suburban
chevrolet,camaro ls,camaro
chevrolet,silverado 2500 high ct,silverado 2500
chevrolet,silverado 3500 high country drw 4wd 6.6l duramax,silverado 3500
chevrolet,silverado lt 1500,silverado 1500
chevrolet,suburban lt 4x4,suburban
chevrolet,tahoe ltz 4x4,tahoe
chevrolet,cruze lt sedan 4d,cruze
chevrolet,s10 blazer,blazer
chevrolet,silverado hd,silverado
chevrolet,sonic ls,sonic
chevrolet,suburban ltz 4x4,suburban
chevrolet,suburban z71,suburban
chevrolet,tahoe premier 4x4 gas,tahoe
chevrolet,c5500,kodiak
chevrolet,c6500,kodiak
chevrolet,camaro ls coupe 2d,camaro
chevrolet,camaro zl1,camaro
chevrolet,cruze 2lt,cruze
chevrolet,cruze ls sedan 4d,cruze
chevrolet,express cargo 2500 3dr,express
chevrolet,express van,express
chevrolet,gmt-400,unknown
chevrolet,impala police,impala
chevrolet,k20,c/k 20
chevrolet,silverado 2500hd high,silverado 2500
chevrolet,silverado diesel 3500,silverado 3500
chevrolet,volt lt sedan 4d,volt
chevrolet,camero,camaro
chevrolet,cruze lt hatchback 4d,cruze
chevrolet,express 1500 cargo van,express
chevrolet,g20 van,chevy van
chevrolet,k10 4x4,c/k 10
chevrolet,lifted silverado 3500,silverado 3500
chevrolet,malibu maxx,malibu
chevrolet,prizm,prizm
chevrolet,silverado 1500 4wd cre,silverado 1500
chevrolet,silverado 1500 work truck,silverado 1500
chevrolet,silverado 1500 z71,silverado 1500
chevrolet,silverado 2500 ltz lifted crew 4wd,silverado 2500
chevrolet,suburban premier,suburban
chevrolet,tahoe ls 4x4,tahoe
chevrolet,venture van,venture
chevrolet,blazer premier sport,blazer
chevrolet,c1500,c/k 1500
chevrolet,chevelle ss,chevelle
chevrolet,classic,unknown
chevrolet,express g1500,express
chevrolet,express hightop,express
chevrolet,impala limited ltz,impala
chevrolet,impala lt sedan 4d,impala
chevrolet,impala premier,impala
chevrolet,silverado 1500 lt ext cab lifted,silverado 1500
chevrolet,silverado 2500 crew cab lt 4x4,silverado 2500
chevrolet,silverado k1500,silverado 1500
chevrolet,tahoe ls 4x4 gas suv,tahoe
chevrolet,avalanche black,avalanche
chevrolet,c10 truck,c/k 10
chevrolet,c7500,kodiak
chevrolet,city express cargo van,city express
chevrolet,cruze lt turbo,cruze
chevrolet,k30,c/k 30
chevrolet,malibu 2lt,malibu
chevrolet,malibu eco,malibu
chevrolet,monte carlo ls,monte carlo
chevrolet,other,unknown
chevrolet,r10,c/k 10
chevrolet,s-10 pickup,s-10
chevrolet,silverado 1500 wt,silverado 1500
chevrolet,silverado 2500 ltz crew cab 6.6 duramax,silverado 2500
chevrolet,silverado 2500hd lbz,silverado 2500
chevrolet,silverado 3500 high country drw,silverado 3500
chevrolet,traverse ltz awd,traverse
chevrolet,uplander ls,uplander
chevrolet,3500 dually,silverado 3500
chevrolet,bel-air,bel air
chevrolet,box truck,unknown
chevrolet,c2500,c/k 2500
chevrolet,city express,city express
chevrolet,colorado n work truck,colorado
chevrolet,equinox lt awd gas suv,equinox
chevrolet,equinox lt sport,equinox
chevrolet,impala ltz sedan 4d,impala
chevrolet,malibu lt 1lt,malibu
chevrolet,malibu lt sedan 4d,malibu
chevrolet,s10 ls,s-10
chevrolet,scottsdale,unknown
chevrolet,silverado 1500 high,silverado 1500
chevrolet,silverado 1500 lt crew,silverado 1500
chevrolet,silverado 1500 lt crew 1owner 5.3l 4x4 canopy**new bfg t/a ko2**,silverado 1500
chevrolet,silverado 1500 z-71 ltz,silverado 1500
chevrolet,silverado 2500hd crew cab,silverado 2500
chevrolet,silverado 3500 ltz,silverado 3500
chevrolet,silverado crew cab,silverado
chevrolet,silverado diesels 3500,silverado 3500
chevrolet,silverado durmax 2500,silverado 2500
chevrolet,silverado lt 4x4,silverado
chevrolet,silverado ltz 4x4,silverado
chevrolet,tahoe lt 4wd,tahoe
chevrolet,tahoe lt z71,tahoe
chevrolet,traverse ls sport,traverse
chevrolet,volt lt hatchback 4d,volt
chevrolet,3100 pickup,3100
chevrolet,3100 truck,3100
chevrolet,camaro convertible,camaro
chevrolet,caprice classic,caprice
chevrolet,cheyenne,unknown
chevrolet,colorado zr2,colorado
chevrolet,cruze premier,cruze
chevrolet,equinox awd,equinox
chevrolet,equinox awd 4dr lt w/1lt,equinox
chevrolet,equinox lt fwd gas suv,equinox
chevrolet,kodiak,kodiak
chevrolet,malibu hybrid sedan 4d,malibu
chevrolet,malibu limited ltz,malibu
chevrolet,nova ss,nova
chevrolet,silverado 1500 ltz redline crew cab 6.2 liter,silverado 1500
chevrolet,silverado 1500 trail,silverado 1500
chevrolet,silverado 2500 hd 4x4,silverado 2500
chevrolet,silverado 2500 lt 4x4,silverado 2500
chevrolet,silverado 3500hd cc,silverado 3500
chevrolet,silverado medium duty,silverado
chevrolet,sonic lt auto,sonic
chevrolet,sonic lt sedan 4d,sonic
chevrolet,trailblazer 4x4,trailblazer
chevrolet,trailblazer ss,trailblazer
chevrolet,2500 hd,silverado 2500
chevrolet,biscayne,biscayne
chevrolet,blazer 4x4,blazer
chevrolet,camaro 2lt,camaro
chevrolet,chevorlet stepvan,unknown
chevrolet,colbalt,cobalt
chevrolet,colorado 2wd,colorado
chevrolet,cruze ls auto,cruze
chevrolet,cruze lt hatchback,cruze
chevrolet,cruze lt rs,cruze
chevrolet,cruze ltz auto,cruze
chevrolet,equinox 1owner 88k ml. new tires well maint&clean carfax!!,equinox
chevrolet,equinox lt 1lt,equinox
chevrolet,equinox lt 2lt,equinox
chevrolet,express commercial,express
chevrolet,geo prizm,prizm
chevrolet,k1500,c/k 1500
chevrolet,k3500,c/k 3500
chevrolet,luv,luv
chevrolet,silverado 2500 diesel 4x4 6.6l lmm duramax turbo diesel crew cab long bed allison 1000 ltz,silverado 2500
chevrolet,spark 1lt,spark
chevrolet,spark ls hatchback 4d,spark
chevrolet,ss,ss
chevrolet,suburban 1500 4x4,suburban
chevrolet,suburban ltz 1500,suburban
chevrolet,tahoe premier,tahoe
chevrolet,trax turbo,trax
chevrolet,volt premier hatchback,volt
chevrolet,volt sedan 4d,volt
chevrolet,wagon,unknown
chevrolet,2500hd duramax,silverado 2500
chevrolet,3500 duramax turbo diesel,silverado 3500
chevrolet,avalanche 4x4,avalanche
chevrolet,aveo hatchback,aveo
chevrolet,blazer ls,blazer
chevrolet,c/k 3500 crew cab,c/k 3500
chevrolet,chevelle malibu,chevelle
chevrolet,cobalt ss,cobalt
chevrolet,colorado rst 4x4 gas,colorado
chevrolet,colorado z71 crew cab,colorado
chevrolet,corvette zr1,corvette
chevrolet,crew cab,unknown
chevrolet,duramax,unknown
chevrolet,impala limited police,impala
chevrolet,malibu 1lt,malibu
chevrolet,silverad0 1500,silverado 1500
chevrolet,silverado 1500 2wd,silverado 1500
chevrolet,"silverado 1500 4wd double cab 143.5"" lt w/1lt",silverado 1500
chevrolet,silverado 1500 ls 4x4,silverado 1500
chevrolet,silverado 1500 lt 2wd,silverado 1500
chevrolet,silverado 1500 lt automatic,silverado 1500
chevrolet,silverado 1500 lt1,silverado 1500
chevrolet,silverado 2500 hd lt,silverado 2500
chevrolet,silverado 2500 heavy d,silverado 2500
chevrolet,silverado 3500 diesel 4x4 6.6l duramax turbo diesel single rear wheel allison automatic,silverado 3500
chevrolet,silverado 3500hd built after aug 14,silverado 3500
chevrolet,silverado diesel 2500,silverado 2500
chevrolet,silverado duramax ltz,silverado
chevrolet,silverado high country,silverado
chevrolet,silverado ls,silverado
chevrolet,silverado ltz z71,silverado
chevrolet,silverado trail boss,silverado
chevrolet,silverado z71 4x4,silverado
chevrolet,sonic rs,sonic
chevrolet,tahoe ltz 4wd,tahoe
chevrolet,volt premier sedan 4d,volt
chevrolet,2500 cargo van,express
chevrolet,3500 hd,silverado 3500
chevrolet,apache,apache
chevrolet,astro cargo van,astro
chevrolet,belair 1957,bel air
chevrolet,camaro 6 speed manual transmission - v6 - recently,camaro
chevrolet,camaro ls rwd gas,camaro
chevrolet,colorado 4wd z71,colorado
chevrolet,corvair monza,corvair
chevrolet,corvette z51,corvette
chevrolet,cruze - new tires - gas saver - great commuter car,cruze
chevrolet,cruze lt fleet,cruze
chevrolet,cruze lt fwd gas sedan,cruze
chevrolet,equinox 1lt,equinox
chevrolet,equinox premier awd,equinox
chevrolet,express 2500 cargo,express
chevrolet,express cargo 2500,express
chevrolet,impala limited - new tires - recently smogged -,impala
chevrolet,impala limited lt,impala
chevrolet,impala lt limited - recently smogged - ac and heat,impala
chevrolet,malibu classic,malibu
chevrolet,p30,p30
chevrolet,sedan,unknown
chevrolet,silverado 1500 ltz ext. cab 4wd,silverado 1500
chevrolet,silverado 1500 ltz lifted crew 4wd,silverado 1500
chevrolet,silverado 2500 hd double cab,silverado 2500
chevrolet,silverado 2500 heavy,silverado 2500
chevrolet,silverado 2500 lt,silverado 2500
chevrolet,silverado 2500hd 4x4 ex-cab short box,silverado 2500
chevrolet,silverado 2500hd classic,silverado 2500
chevrolet,silverado 3500hd wt,silverado 3500
chevrolet,silverado ambulance,silverado
chevrolet,silverado c1500,silverado 1500
chevrolet,silverado diesels 2500,silverado 2500
chevrolet,silverado durmax 3500,silverado 3500
chevrolet,silverado lt z71 4x4,silverado
chevrolet,suburban ltz 4wd,suburban
chevrolet,trailblazer lt 4x4,trailblazer
chevrolet,traverse lt - rear camera - bluetooth - third row,traverse
chevrolet,uplander cargo,uplander
chevrolet,c4500 4x4,kodiak
chevrolet,c5500 bus,kodiak
chevrolet,c8500,kodiak
chevrolet,camaro 1ls,camaro
chevrolet,camaro 1lt,camaro
chevrolet,camaro 1ss,camaro
chevrolet,camaro lt w/ manual 6-spd,camaro
chevrolet,cargo van,unknown
chevrolet,colorado crew cab 4wd,colorado
chevrolet,colorado lt 4x4 gas,colorado
chevrolet,colorado lt crew cab,colorado
chevrolet,cruze limited 4dr sdn auto lt w/1lt,cruze
chevrolet,express 3500 passenger,express
chevrolet,express 3500 van,express
chevrolet,fleetline,fleetline
chevrolet,g4500,express
chevrolet,k2500,c/k 2500
chevrolet,malibu base,malibu
chevrolet,malibu ls 1fl,malibu
chevrolet,"malibu lt w/ turbo, navigation",malibu
chevrolet,malibu ltzsedan,malibu
chevrolet,malibu rs,malibu
chevrolet,p30 step van,p30
chevrolet,silverado 1500 lt crew cab 4wd,silverado 1500
chevrolet,silverado 1500 ltz crew cab 4wd,silverado 1500
chevrolet,silverado 1500 regular cab,silverado 1500
chevrolet,silverado 1500 z71 4x4,silverado 1500
chevrolet,silverado 2500 6.0l 1-owner 4x4 crew*new wheels* clean car-fax!!!,silverado 2500
chevrolet,"silverado 2500 diesel 4x4 6.6l lmm duramax turbo diesel crew cab ltz allison 1000 automatic 6"" lifted one owner",silverado 2500
chevrolet,silverado 3500 hd ltz,silverado 3500
chevrolet,ss impala,impala
chevrolet,ss sedan,ss
chevrolet,suburban 4x4,suburban
chevrolet,suburban k1500,suburban
chevrolet,suburban le 4x4,suburban
chevrolet,suburban ls,suburban
chevrolet,suburban premier 4x4,suburban
chevrolet,trail blazer,trailblazer
chevrolet,trailblazer ltz,trailblazer
chevrolet,trailblazer rs,trailblazer
chevrolet,volt premier,volt
chevrolet,astro awd,astro
chevrolet,aveo 5,aveo
chevrolet,bolt,bolt
chevrolet,c4500 kodiak,kodiak
chevrolet,camaro lt1 coupe 2d,camaro
chevrolet,camaro zl1 convertible,camaro
chevrolet,cavalier ls,cavalier
chevrolet,chevorlet impala,impala
chevrolet,cheyenne super,unknown
chevrolet,colorado ls,colorado
chevrolet,colorado z71 4x4,colorado
chevrolet,corvette c6,corvette
chevrolet,cruise,cruze
chevrolet,cruze ltz rs,cruze
chevrolet,custom 10,c/k 10
chevrolet,express 2500 v8,express
chevrolet,express 3500 cargo van,express
chevrolet,express passenger-,express
chevrolet,flatbed,unknown
chevrolet,g3500,express
chevrolet,girardin,unknown
chevrolet,impala ls fleet,impala
chevrolet,malibu limited ls,malibu
chevrolet,malibu lt 4dr sedan w,malibu
chevrolet,malibu lt fwd gas auto,malibu
chevrolet,malibu ltz - sunroof - leather and heated seats -,malibu
chevrolet,malibu maxx lt,malibu
chevrolet,master deluxe,master deluxe
chevrolet,nomad,nomad
chevrolet,pickup truck,unknown
chevrolet,sedan delivery,sedan delivery
chevrolet,silverado (classic) 1500 crew cab,silverado 1500
chevrolet,silverado 1500 rst 4x4,silverado 1500
chevrolet,silverado 2500 4wd,silverado 2500
chevrolet,silverado 2500 hd extended cab,silverado 2500
chevrolet,silverado 2500 ltz 4x4,silverado 2500
chevrolet,silverado 2500hd built,silverado 2500
chevrolet,silverado 2500hd ls,silverado 2500
chevrolet,silverado 3500 4x4,silverado 3500
chevrolet,silverado 3500 hd extended cab,silverado 3500
chevrolet,silverado 3500 ltz drw leveled,silverado 3500
chevrolet,silverado deisel 3500,silverado 3500
chevrolet,silverado lt z71 2500,silverado 2500
chevrolet,silverado ltz 1500,silverado 1500
chevrolet,tahoe 1500 ltz 4x4 gas,tahoe
chevrolet,tahoe commercial,tahoe
chevrolet,tahoe hybrid,tahoe
chevrolet,tahoe z71 4x4,tahoe
chevrolet,trailblazer ext ls,trailblazer
chevrolet,traverse ls w/ 3rd row seating,traverse
chevrolet,traverse premier awd,traverse
chevrolet,trax lt awd,trax
chevrolet,vega,vega
chevrolet,1 ton,unknown
chevrolet,11 nova,nova
chevrolet,1500 silverado 4x4,silverado 1500
chevrolet,1500 suburban,suburban
chevrolet,3500 4x4 drw,silverado 3500
chevrolet,3500hd double cab duramax,silverado 3500
chevrolet,avalanche black diamond,avalanche
chevrolet,avalanche crew,avalanche
chevrolet,avalanche z66,avalanche
chevrolet,c,unknown
chevrolet,c/10,c/k 10
chevrolet,c/k 20,c/k 20
chevrolet,c/k 3500 series,c/k 3500
chevrolet,c3500 crew cab,c/k 3500
chevrolet,camaro z28 convertible,camaro
chevrolet,camaro zl1 super charged v-8 1900 miles!!!,camaro
chevrolet,caprice wagon,caprice
chevrolet,corvette 3lt,corvette
chevrolet,cruze lt w/1lt,cruze
chevrolet,"cruze, lt",cruze
chevrolet,el camino ss,el camino
chevrolet,equinox ls sport,equinox
chevrolet,equinox lt 2wd,equinox
chevrolet,express 1500 cargo,express
chevrolet,express 2500 extended,express
chevrolet,express 3500 15 pass,express
chevrolet,express 3500 box truck,express
chevrolet,express 3500 kuv,express
chevrolet,express conversion van,express
chevrolet,express lt 3500,express
chevrolet,express passenger van,express
chevrolet,g-30 box,chevy van
chevrolet,hhr panel,hhr
chevrolet,hhr ss,hhr
chevrolet,ii nova,nova
chevrolet,k30 crew cab dually,c/k 30
chevrolet,malibu limited lt,malibu
chevrolet,malibu lt w/1lt,malibu
chevrolet,malibu maxx ls,malibu
chevrolet,panel truck,unknown
chevrolet,s 10,s-10
chevrolet,s10 truck,s-10
chevrolet,silver ltz 4x4,silverado
chevrolet,silverado 1500 2lt crew cab long box 4wd,silverado 1500
chevrolet,silverado 1500 crew ca,silverado 1500
chevrolet,silverado 1500 crewcab,silverado 1500
chevrolet,"silverado 1500 custom trail boss w/ 4wd, z71 off road",silverado 1500
chevrolet,silverado 1500 high co,silverado 1500
chevrolet,silverado 1500 ls 4dr crew cab ls,silverado 1500
chevrolet,silverado 2500 4x4,silverado 2500
chevrolet,silverado 2500 high country lifted diesel 4x4 loaded,silverado 2500
chevrolet,silverado 2500 lifted highcountry 6.6l,silverado 2500
chevrolet,"silverado 2500hd 2wd ext cab 157.5"" ltz",silverado 2500
chevrolet,silverado 2500hd flatbed,silverado 2500
chevrolet,silverado 2500hd heavy,silverado 2500
chevrolet,silverado 3500 crew cab w/t utility bed drw 4x4,silverado 3500
chevrolet,silverado 3500 hd high,silverado 3500
chevrolet,silverado 3500 high country diesel lifted fully optioned 4x4,silverado 3500
chevrolet,silverado 3500 high country lifted diesel 4x4 loaded,silverado 3500
chevrolet,silverado 3500 ltz lifted longbed diesel,silverado 3500
chevrolet,silverado 3500 ltz z71 lifted diesel fully loaded only 34k miles,silverado 3500
chevrolet,silverado ld,silverado
chevrolet,silverado ltz crew ca,silverado
chevrolet,sonic ls sedan 4d,sonic
chevrolet,sonic lt auto 5-door,sonic
chevrolet,sonic lt turbo,sonic
chevrolet,sonic premier sedan 4d,sonic
chevrolet,spark 1lt hatchback 4d,spark
chevrolet,suburban 1500 ls 4wd v,suburban
chevrolet,suburban 2500 4x4,suburban
chevrolet,tahoe 4wd 4dr 1500 ltz,tahoe
chevrolet,tahoe lt w/2lt,tahoe
chevrolet,tahoe rst 4x4 gas suv,tahoe
chevrolet,tahoe sport utility,tahoe
chevrolet,traverse lt leather,traverse
chevrolet,uplander cargo van,uplander
chevrolet,uplander lt,uplander
chevrolet,venture ls,venture
chevrolet,1500 avalanche ltz 4x4,avalanche
chevrolet,1500 crew cab,silverado 1500
chevrolet,1500 lt crew cab,silverado 1500
chevrolet,1500 rst z71,silverado 1500
chevrolet,2 door,unknown
chevrolet,2500 hd ltz,silverado 2500
chevrolet,2500 lt 4x4 dmax,silverado 2500
chevrolet,2500hd crew cab,silverado 2500
chevrolet,3500hd,silverado 3500
chevrolet,3500hd 4x4 utility,silverado 3500
chevrolet,avalanche 1500 ls 4dr 1500 ls crew cab sb,avalanche
chevrolet,avalanche 2500,avalanche
chevrolet,avalanche ls,avalanche
chevrolet,avalanche lt 1500,avalanche
chevrolet,avalanche z71 4x4,avalanche
chevrolet,c-20,c/k 20
chevrolet,c10 stepside,c/k 10
chevrolet,c3500hd,c/k 3500
chevrolet,c50,c50
chevrolet,c60,c60
chevrolet,camaro 2ls 2ls,camaro
chevrolet,camaro convertible 2lt,camaro
chevrolet,camaro iroc z28,camaro
chevrolet,camaro ls coupe,camaro
chevrolet,camaro lt 2dr,camaro
chevrolet,camaro ss 2ss/rs,camaro
chevrolet,caprice ppv,caprice
chevrolet,captiva ltz,captiva
chevrolet,captiva sport lt,captiva
chevrolet,captiva sport ltz,captiva
chevrolet,chevorlet,unknown
chevrolet,chevorlet corvette,corvette
chevrolet,cheyenne 1500,c/k 1500
chevrolet,cheyenne 2500,c/k 2500
chevrolet,city express cargo,city express
chevrolet,cobalt sport,cobalt
chevrolet,conversion van,unknown
chevrolet,corvette coupe cars,corvette
chevrolet,corvette frc,corvette
chevrolet,crew cab 4500,unknown
chevrolet,cruze limited lt,cruze
chevrolet,cruze ls auto 4dr sed,cruze
chevrolet,cruze lt auto,cruze
chevrolet,cruze premier rs,cruze
chevrolet,deluxe,unknown
chevrolet,dually,unknown
chevrolet,equinox 2lt awd,equinox
chevrolet,equinox lt 2lt awd,equinox
chevrolet,equinox ltz awd gas,equinox
chevrolet,express 2500 series,express
chevrolet,express 2500 work van,express
chevrolet,express 3500 15 passenger,express
chevrolet,express 4500,express
chevrolet,express cargo 3500,express
chevrolet,g30 van,chevy van
chevrolet,g3500 12' box truck,express
chevrolet,hhr lr,hhr
chevrolet,impala ls sedan 4d,impala
chevrolet,impala lt fleet,impala
chevrolet,impala lt fleetsedan,impala
chevrolet,impala premier 2lz,impala
chevrolet,k1500 silverado 4x4,silverado 1500
chevrolet,malibu hybrid,malibu
chevrolet,malibu ls fleet 4dr s,malibu
chevrolet,malibu lt automatic,malibu
chevrolet,malibu ltz 4dr sedan,malibu
chevrolet,malibu maxx ss,malibu
chevrolet,mark 3,unknown
chevrolet,monte carlo lt,monte carlo
chevrolet,pick up,unknown
chevrolet,s-10 blazer,blazer
chevrolet,"s-10 ext cab 123"" wb ls",s-10
chevrolet,"silverado 1500 4wd double cab 143.5"" custom",silverado 1500
chevrolet,silverado 1500 4wd lt,silverado 1500
chevrolet,silverado 1500 4x4 v8,silverado 1500
chevrolet,silverado 1500 4x4 z71,silverado 1500
chevrolet,silverado 1500 ls crew cab long box 4wd,silverado 1500
chevrolet,silverado 1500 lt crew cab long box 4wd,silverado 1500
chevrolet,silverado 1500 lt tra,silverado 1500
chevrolet,"silverado 1500 ltz, $493.72 month, $2k down, 2.9% apr, oac $36980 ltz $493.72 month, $2k down, 2.9% apr, oac,",silverado 1500
chevrolet,silverado 1500 rst z71,silverado 1500
chevrolet,silverado 1500 work truck 2wt crew cab long box 4w,silverado 1500
chevrolet,silverado 2500 hd regular cab,silverado 2500
chevrolet,silverado 2500hd class,silverado 2500
chevrolet,silverado 3500 diesel,silverado 3500
chevrolet,silverado 3500 hd regular cab & chassis,silverado 3500
chevrolet,silverado 3500 work,silverado 3500
chevrolet,silverado c20,c/k 20
chevrolet,silverado crew cab 4wd,silverado
chevrolet,silverado crew cab 4x4,silverado
chevrolet,silverado crew cab 5.3,silverado
chevrolet,silverado diesel 1500,silverado 1500
chevrolet,silverado ext cab,silverado
chevrolet,silverado ext cab 4x4,silverado
chevrolet,silverado ext cab lt,silverado
chevrolet,silverado ls 4x4,silverado
chevrolet,silverado texas ed.,silverado
chevrolet,silverado z71 crew 4x4,silverado
chevrolet,sonic lt hatchback 4d,sonic
chevrolet,special deluxe,special deluxe
chevrolet,step van,unknown
chevrolet,styleline deluxe,styleline
chevrolet,suburban ls 1500 4dr,suburban
chevrolet,tahoe 1500,tahoe
chevrolet,tahoe lt 4x4 gas suv,tahoe
chevrolet,tahoe lt sport,tahoe
chevrolet,tahoe ltz 4x4 4dr suv,tahoe
chevrolet,tahoe ltz 4x4 5.3l,tahoe
chevrolet,tahoe ltz loaded 4x4,tahoe
chevrolet,trailblazer 4wd,trailblazer
chevrolet,trailblazer ls 4wd,trailblazer
chevrolet,trailblazer lt2 4wd 4-speed automatic,trailblazer
chevrolet,traverse - rear camera - bluetooth - third row sea,traverse
chevrolet,traverse 2lt,traverse
chevrolet,traverse 2lt 2lt awd,traverse
chevrolet,traverse premium awd,traverse
chevrolet,venture ls 4dr extend,venture
chevrolet,w4500,w4500
chevrolet,workhorse,unknown
chevrolet,z71,unknown
chevrolet,-,unknown
chevrolet,2 door sedan,unknown
chevrolet,2500 4x4,silverado 2500
chevrolet,2500 crew 4x4 dmax,silverado 2500
chevrolet,2500 hd 4x4,silverado 2500
chevrolet,2500 hd 4x4 diesel,silverado 2500
chevrolet,2500hd ext-cab long box pickup,silverado 2500
chevrolet,3200,3200
chevrolet,3500 4x4,silverado 3500
chevrolet,3500 box truck,silverado 3500
chevrolet,3500 duramax,silverado 3500
chevrolet,3500 flatbed,silverado 3500
chevrolet,3800,3800
chevrolet,4 door 4-dr 4door 4dr,unknown
chevrolet,4-dr silverado 4x4,silverado
chevrolet,apache 10,apache
chevrolet,astro ls,astro
chevrolet,astro passenger,astro
chevrolet,avalanche 1500crew,avalanche
chevrolet,avalanche ls 4x4,avalanche
chevrolet,aveo aveo lt,aveo
chevrolet,awd 1500 express cargo,express
chevrolet,blazer premier awd gas,blazer
chevrolet,blazer rs sport,blazer
chevrolet,bolt ev lt,bolt
chevrolet,c 10,c/k 10
chevrolet,c-10 truck,c/k 10
chevrolet,c/k 10,c/k 10
chevrolet,c/k 10 series,c/k 10
chevrolet,c10 silverado,c/k 10
chevrolet,c70,c70
chevrolet,camaro 2dr cpe 1lt,camaro
chevrolet,camaro rs convertible,camaro
chevrolet,camaro ss 2dr,camaro
chevrolet,camaro z28 30th anniversary pace car,camaro
chevrolet,cavalier z24,cavalier
chevrolet,chevelle ss 396,chevelle
chevrolet,chevelle ss396,chevelle
chevrolet,city express cargo lt,city express
chevrolet,ck 2500,c/k 2500
chevrolet,cobalt 2dr cpe lt,cobalt
chevrolet,colorado 4wd zr2,colorado
chevrolet,colorado lt crew,colorado
chevrolet,corvette base,corvette
chevrolet,corvette c8 v8,corvette
chevrolet,corvette fuel injected,corvette
chevrolet,corvette sc 700+hp,corvette
chevrolet,corvette sting ray,corvette
chevrolet,corvette stingray spor,corvette
chevrolet,corvette v8 targa,corvette
chevrolet,covette,corvette
chevrolet,cruze 2lt auto,cruze
chevrolet,cruze 2lt rs,cruze
chevrolet,cruze eco w/1xf,cruze
chevrolet,cruze limited 1lt auto,cruze
chevrolet,cruze limited ls,cruze
chevrolet,cruze lt automatic,cruze
chevrolet,cruze lt diesel sedan,cruze
chevrolet,cruze only 89k miles,cruze
chevrolet,cruze premier sedan 4d,cruze
chevrolet,delray,delray
chevrolet,el camino conquista,el camino
chevrolet,equinox lt 4dr suv w/,equinox
chevrolet,equinox lt w/1lt,equinox
chevrolet,equinox only 83k,equinox
chevrolet,equinox sport,equinox
chevrolet,express 2500 van,express
chevrolet,express 3500 1lt cutaway,express
chevrolet,express 3500 lt,express
chevrolet,express g2500 cargo,express
chevrolet,fleetmaster,fleetmaster
chevrolet,g20,chevy van
chevrolet,g30,chevy van
chevrolet,geo tracker,tracker
chevrolet,gmt 400,unknown
chevrolet,hhr ls_panel 4dr wagon,hhr
chevrolet,hhr lt sport wagon,hhr
chevrolet,high top conversion van g1500 cash only,express
chevrolet,ii,nova
chevrolet,impala 1lt,impala
chevrolet,impala limited ls flee,impala
chevrolet,impala lt sedan,impala
chevrolet,impala lt v6,impala
chevrolet,k3500 single wheel,c/k 3500
chevrolet,k5,blazer
chevrolet,kodiak c4500,kodiak
chevrolet,malibu ls fwd gas auto,malibu
chevrolet,malibu lt sedan,malibu
chevrolet,malibu lt2,malibu
chevrolet,"malibu, ls",malibu
chevrolet,other pickups,unknown
chevrolet,panel,unknown
chevrolet,pu,unknown
chevrolet,s truck,unknown
chevrolet,s-10 ls,s-10
chevrolet,s10 blazer 4x4,blazer
chevrolet,s10 xtreme,s-10
chevrolet,shortbed,unknown
chevrolet,"silverado 1500 4wd crew cab 143.5"" ltz w/1lz",silverado 1500
chevrolet,silverado 1500 classic ls2,silverado 1500
chevrolet,silverado 1500 hd,silverado 1500
chevrolet,silverado 1500 hd crew,silverado 1500
chevrolet,silverado 1500 lt double cab 4wd,silverado 1500
chevrolet,silverado 1500 lt z71 4x4,silverado 1500
chevrolet,silverado 1500 lt z71 crew,silverado 1500
chevrolet,silverado 1500 ltz |,silverado 1500
chevrolet,silverado 1500hd crew cab,silverado 1500
chevrolet,silverado 2500 crewcab,silverado 2500
chevrolet,silverado 2500 utility truck,silverado 2500
chevrolet,silverado 2500 work,silverado 2500
chevrolet,silverado 2500 work truck,silverado 2500
chevrolet,silverado 2500hd 4x2,silverado 2500
chevrolet,silverado 2500hd 4x4 ext-cab long box,silverado 2500
chevrolet,silverado 2500hd built after aug 14,silverado 2500
chevrolet,silverado 2500hd lt1,silverado 2500
chevrolet,silverado 2500hd ltz crew cab long box 4wd,silverado 2500
chevrolet,silverado 2500hd z71,silverado 2500
chevrolet,silverado 3500 4x4 diesel,silverado 3500
chevrolet,silverado 3500 hd crew,silverado 3500
chevrolet,silverado 3500 hd crew cab & chassis,silverado 3500
chevrolet,silverado 3500 lt,silverado 3500
chevrolet,silverado 4x4 z71,silverado
chevrolet,silverado crew cab ls 4wd,silverado
chevrolet,silverado duramax,silverado
chevrolet,silverado durmax hd,silverado
chevrolet,silverado high countr,silverado
chevrolet,silverado hybrid,silverado
chevrolet,silverado k2500,silverado 2500
chevrolet,silverado lt 4wd,silverado
chevrolet,silverado ltz 6.2l,silverado
chevrolet,silverado ss,silverado
chevrolet,silverado/sierra 3500hd,silverado 3500
chevrolet,sliverado,silverado
chevrolet,sonic 4dr sdn auto lt,sonic
chevrolet,sonic ls auto w/ turbo,sonic
chevrolet,sonic lt 1.8,sonic
chevrolet,sonic lt fwd,sonic
chevrolet,sonic lt hatchback,sonic
chevrolet,sonic ltz auto,sonic
chevrolet,spark hb auto lt w/,spark
chevrolet,ssr ls,ssr
chevrolet,station wagon,unknown
chevrolet,styleline,styleline
chevrolet,stylemaster,stylemaster
chevrolet,suburban 1500 lt 4x4,suburban
chevrolet,suburban 4wd 4dr ltz,suburban
chevrolet,suburban lt 2500,suburban
chevrolet,suburban z71 4x4,suburban
chevrolet,tahoe 1500 lt,tahoe
chevrolet,tahoe 1500 ltz,tahoe
chevrolet,tahoe 4wd 4dr 1500 lt w/1lt,tahoe
chevrolet,tahoe k-1500 4x4,tahoe
chevrolet,tahoe ltz 4x4 gas suv,tahoe
chevrolet,tahoe ppv,tahoe
chevrolet,tahoe z71 4x4 gas suv,tahoe
chevrolet,tilt master w4500,w4500
chevrolet,tracker zr2,tracker
chevrolet,trailblazer lt 4wd,trailblazer
chevrolet,trailblazer sport,trailblazer
chevrolet,traverse 1lt,traverse
chevrolet,traverse 2lt awd,traverse
chevrolet,traverse awd,traverse
chevrolet,traverse fwd 4dr ls w/1ls,traverse
chevrolet,traverse high country,traverse
chevrolet,traverse ls 4dr suv,traverse
chevrolet,traverse ls awd,traverse
chevrolet,traverse lt leather d,traverse
chevrolet,traverse lt2 awd,traverse
chevrolet,trax automatic - awd - lt - clean car fax - local suv suv,trax
chevrolet,trax fwd 4dr ls,trax
chevrolet,trax fwd 4dr lt,trax
chevrolet,trax ltz,trax
chevrolet,trax ltz sport,trax
chevrolet,z28 camaro,camaro
chrysler,200,200
chrysler,town & country,town and country
chrysler,300,300
chrysler,town and country,town and country
chrysler,pt cruiser,pt cruiser
chrysler,pacifica,pacifica
chrysler,sebring,sebring
chrysler,town country,town and country
chrysler,300 limited sedan 4d,300
chrysler,200 limited,200
chrysler,town & country touring,town and country
chrysler,300 touring l sedan 4d,300
chrysler,sebring convertible,sebring
chrysler,300c,300
chrysler,300 300s sedan 4d,300
chrysler,crossfire,crossfire
chrysler,300-series,300
chrysler,pacifica touring,pacifica
chrysler,town and country tourin,town and country
chrysler,300 touring,300
chrysler,200 touring,200
chrysler,300 touring sedan 4d,300
chrysler,300 limited,300
chrysler,pacifica touring plus,pacifica
chrysler,300 300c sedan 4d,300
chrysler,pt cruiser touring,pt cruiser
chrysler,pacifica touring l,pacifica
chrysler,200 s,200
chrysler,200 lx,200
chrysler,300m,300m
chrysler,pt cruiser limited,pt cruiser
chrysler,pacifica limited,pacifica
chrysler,pacifica touring-l,pacifica
chrysler,300c hemi,300
chrysler,aspen,aspen
chrysler,aspen limited,aspen
chrysler,300 sedan 4d,300
chrysler,300 s,300
chrysler,concorde,concorde
chrysler,sebring touring,sebring
chrysler,town country lwb,town and country
chrysler,200 200c sedan 4d,200
chrysler,200 limited sedan 4d,200
chrysler,200 200s sedan 4d,200
chrysler,200 touring sedan 4d,200
chrysler,town & country limited,town and country
chrysler,300s,300
chrysler,sebring limited,sebring
chrysler,tc by maserati,tc
chrysler,new yorker,new yorker
chrysler,pt cruiser convertible,pt cruiser
chrysler,vmi ♿,unknown
chrysler,imperial,imperial
chrysler,lebaron convertible,lebaron
chrysler,voyager,voyager
chrysler,voyager lxi minivan 4d,voyager
chrysler,200 convertible,200
chrysler,300 touring rwd gas,300
chrysler,300s awd,300
chrysler,crossfire limited,crossfire
chrysler,newport,newport
chrysler,200 c,200
chrysler,200 touring 4dr sedan,200
chrysler,200s,200
chrysler,300 limited 4dr sedan,300
chrysler,300c awd hemi,300
chrysler,pt cruiser gt,pt cruiser
chrysler,sebring lxi,sebring
chrysler,300 awd,300
chrysler,300 limited awd,300
chrysler,300 s awd gas sedan,300
chrysler,pacifica touring l plus,pacifica
chrysler,pt cruiser basewagon,pt cruiser
chrysler,town & country lx,town and country
chrysler,town country touring l,town and country
chrysler,200 s awd gas sedan,200
chrysler,300 series limited,300
chrysler,concorde lx,concorde
chrysler,concorde lxi,concorde
chrysler,convertible,unknown
chrysler,crossfire convertible,crossfire
chrysler,crossfire coupe,crossfire
chrysler,lebaron,lebaron
chrysler,pacifica awd,pacifica
chrysler,pacifica hybrid,pacifica
chrysler,pacifica hybrid limited,pacifica
chrysler,pacifica hybrid tourin,pacifica
chrysler,pacifica touring-l plus,pacifica
chrysler,town & country lwb,town and country
chrysler,town & country minivan,town and country
chrysler,town & country touring lwb w/ sto-n-go,town and country
chrysler,town and country touring,town and country
chrysler,200 touring convertible,200
chrysler,200-series,200
chrysler,300 limousine,300
chrysler,300 series touring,300
chrysler,300c awd,300
chrysler,5th avenue,fifth avenue
chrysler,lhs,lhs
chrysler,pacifica touring fwd,pacifica
chrysler,pacifica touring l fwd,pacifica
chrysler,prowler,prowler
chrysler,pt cruiser limited edit,pt cruiser
chrysler,pt crusier,pt cruiser
chrysler,sebring jxi convertible,sebring
chrysler,town & country - rear camera - dvd entertainment -,town and country
chrysler,town and country limite,town and country
chrysler,town and country lx,town and country
chrysler,town country touring,town and country
chrysler,town n country,town and country
chrysler,town&country,town and country
chrysler,200 c sedan,200
chrysler,200 limited sedan,200
chrysler,200 series 200c leather heated seats,200
chrysler,200 series limited,200
chrysler,200 ssedan,200
chrysler,300 4dr sdn v6 limited rwd,300
chrysler,300 s v6 awd,300
chrysler,300c 5.7 hemi,300
chrysler,cirrus,cirrus
chrysler,cordoba,cordoba
chrysler,crossfire roadster,crossfire
chrysler,fifth avenue,fifth avenue
chrysler,imperial crown coupe,imperial
chrysler,le baron,lebaron
chrysler,pacifica lx,pacifica
chrysler,sebring lx,sebring
chrysler,town & country touring-l,town and country
chrysler,town and country lxi,town and country
chrysler,town and county,town and country
chrysler,voyager lxi,voyager
datsun,280zx,280zx
datsun,240z,240z
datsun,280z,280z
datsun,2000,2000
dodge,grand caravan,grand caravan
dodge,charger,charger
dodge,challenger,challenger
dodge,durango,durango
dodge,journey,journey
dodge,dakota,dakota
dodge,challenger r/t coupe 2d,challenger
dodge,dart,dart
dodge,grand caravan sxt,grand caravan
dodge,avenger,avenger
dodge,caliber,caliber
dodge,grand caravan se,grand caravan
dodge,challenger srt8 coupe 2d,challenger
dodge,nitro,nitro
dodge,challenger r/t scat pack,challenger
dodge,journey sxt,journey
dodge,caravan,caravan
dodge,charger sxt,charger
dodge,dart sxt,dart
dodge,challenger sxt,challenger
dodge,journey se,journey
dodge,challenger srt 392 coupe,challenger
dodge,charger r/t sedan 4d,charger
dodge,challenger r/t shaker,challenger
dodge,charger se,charger
dodge,challenger r/t,challenger
dodge,dakota slt,dakota
dodge,grand caravan passenger,grand caravan
dodge,caliber sxt,caliber
dodge,charger r/t,charger
dodge,avenger se,avenger
dodge,charger gt sedan 4d,charger
dodge,charger sxt sedan 4d,charger
dodge,grand caravan passenger se,grand caravan
dodge,stratus,stratus
dodge,avenger sxt,avenger
dodge,durango r/t sport utility,durango
dodge,caravan/grand caravan,grand caravan
dodge,durango sxt sport utility,durango
dodge,grand caravan wheelchair,grand caravan
dodge,grand caravan se wheelcha,grand caravan
dodge,journey r/t sport utility,journey
dodge,journey sxt awd,journey
dodge,durango limited,durango
dodge,durango slt,durango
dodge,grand caravan sxt wheelch,grand caravan
dodge,journey se sport utility,journey
dodge,neon,neon
dodge,charger r/t scat pack,charger
dodge,grand caravan gt,grand caravan
dodge,charger r/t road and track,charger
dodge,durango gt awd gas suv,durango
dodge,challenger srt8,challenger
dodge,challenger sxt coupe 2d,challenger
dodge,durango sxt,durango
dodge,challenger r/t classic,challenger
dodge,charger scat pack sedan 4d,charger
dodge,nitro slt,nitro
dodge,dart limited,dart
dodge,dart se,dart
dodge,magnum,magnum
dodge,3500,ram 3500
dodge,charger gt plus sedan 4d,charger
dodge,avenger r/t,avenger
dodge,challenger gt coupe 2d,challenger
dodge,challenger se,challenger
dodge,dart se sedan 4d,dart
dodge,2500,ram 2500
dodge,challenger srt hellcat,challenger
dodge,durango r/t,durango
dodge,caravan se,caravan
dodge,durango citadel,durango
dodge,durango gt sport utility,durango
dodge,journey crossroad,journey
dodge,journey r/t,journey
dodge,magnum sxt,magnum
dodge,sprinter 2500,sprinter
dodge,dakota sport,dakota
dodge,dart gt,dart
dodge,coronet,coronet
dodge,grand caravan crew,grand caravan
dodge,journey gt sport utility,journey
dodge,charger rt,charger
dodge,d100,d100
dodge,dakota quad cab,dakota
dodge,journey se value sport,journey
dodge,nitro sxt,nitro
dodge,charger police,charger
dodge,neon sxt,neon
dodge,charger sxt plus,charger
dodge,dart rallye,dart
dodge,durango gt plus sport,durango
dodge,caliber r/t,caliber
dodge,dakota club cab,dakota
dodge,durango r/t awd gas suv,durango
dodge,challenger r/t plus shaker,challenger
dodge,challenger sxt plus,challenger
dodge,challenger sxt rwd gas,challenger
dodge,charger sxt awd,charger
dodge,dakota 4x4,dakota
dodge,durango gt,durango
dodge,durango limited awd gas,durango
dodge,ramcharger,ramcharger
dodge,sprinter 3500,sprinter
dodge,charger daytona 392 sedan,charger
dodge,dakota slt quad cab,dakota
dodge,dart aero,dart
dodge,durango crew awd,durango
dodge,grand caravan rt,grand caravan
dodge,journey sxt fwd gas suv,journey
dodge,power wagon,power wagon
dodge,5500,ram 5500
dodge,coronet 440,coronet
dodge,dakota slt 4x4,dakota
dodge,dart swinger,dart
dodge,dart sxt sedan 4d,dart
dodge,intrepid,intrepid
dodge,stealth,stealth
dodge,charger se sedan 4d,charger
dodge,d250,d250
dodge,dart aero sedan 4d,dart
dodge,dart limited/gt,dart
dodge,durango crew,durango
dodge,sprinter,sprinter
dodge,stratus sxt,stratus
dodge,charger r/t rwd gas sedan,charger
dodge,charger se 4dr sedan,charger
dodge,charger sxt rwd gas sedan,charger
dodge,durango limited awd,durango
dodge,grand caravan - stow 'n go - flex fuel - new tires,grand caravan
dodge,journey crossroad plus,journey
dodge,magnum r/t,magnum
dodge,nitro r/t,nitro
dodge,nitro se,nitro
dodge,truck,unknown
dodge,caravan sxt,caravan
dodge,challenger r/t plus,challenger
dodge,dakota crew cab sport,dakota
dodge,dart sxt sedan,dart
dodge,durango crew awd gas suv,durango
dodge,durango slt 4x4,durango
dodge,durango sxt awd gas suv,durango
dodge,durango sxt sport,durango
dodge,grand caravan american value package,grand caravan
dodge,grand caravan r/t,grand caravan
dodge,journey crew,journey
dodge,van,unknown
dodge,avenger 4dr sdn se,avenger
dodge,avenger se 4dr sedan,avenger
dodge,caravan sxt passenger,caravan
dodge,challenger sxt plus w/ super sport group,challenger
dodge,charger gt,charger
dodge,charger rallye awd gas,charger
dodge,durango citadel awd gas,durango
dodge,durango hemi,durango
dodge,durango rt awd gas suv,durango
dodge,grand caravan se wagon,grand caravan
dodge,grand caravan sport,grand caravan
dodge,journey crossroad awd,journey
dodge,journey gt,journey
dodge,pilot,pilot
dodge,viper,viper
dodge,viper rt/10,viper
dodge,2500 big horn crew cab,ram 2500
dodge,2500 quad cab,ram 2500
dodge,aspen,aspen
dodge,caliber express 5 spd,caliber
dodge,challenger r/t rwd gas,challenger
dodge,challenger srt hellcat only 6505 miles moon roof hk sound bad,challenger
dodge,challenger srt hellcat rwd,challenger
dodge,challenger t/a plus coupe,challenger
dodge,charger se awd,charger
dodge,charger srt8,charger
dodge,charger sxt automatic,charger
dodge,charger sxt awd gas sedan,charger
dodge,charger sxt awd! awd,charger
dodge,d150,d150
dodge,dakota crew cab 4x4,dakota
dodge,dart sxt sport rallye,dart
dodge,daytona,daytona
dodge,demon,demon
dodge,diplomat,diplomat
dodge,intrepid se,intrepid
dodge,jouney,journey
dodge,journey crossroad fwd gas,journey
dodge,journey crossroad sport,journey
dodge,journey se suv,journey
dodge,magnum rt,magnum
dodge,nitro 4x4,nitro
dodge,nitro heat 4x4,nitro
dodge,pickup,unknown
dodge,ram1500,ram 1500
dodge,ram1500 slt 4+4,ram 1500
dodge,ram3500,ram 3500
dodge,sedan,unknown
dodge,stealth r/t,stealth
dodge,stratus se,stratus
dodge,w150,w150
dodge,w250,w250
dodge,1500,ram 1500
dodge,1500 classic warlock,ram 1500
dodge,1500 lone star crew cab,ram 1500
dodge,2500 tradesman flatbed,ram 2500
dodge,aries,aries
dodge,caliber mainstreet,caliber
dodge,caliber srt4,caliber
dodge,challenger hellcat,challenger
dodge,challenger hellcat 6-speed manual,challenger
dodge,challenger rt,challenger
dodge,challenger sxt plus coupe,challenger
dodge,charger basesedan,charger
dodge,charger daytona sedan 4d,charger
dodge,charger plus hellcat,charger
dodge,charger r/t plus,charger
dodge,charger sxt plus sedan 4d,charger
dodge,cummins,unknown
dodge,dakota quad cab 4x4,dakota
dodge,dakota slt 2dr slt,dakota
dodge,dakota sport 4x4,dakota
dodge,dakota st,dakota
dodge,dakota sxt,dakota
dodge,durango awd,durango
dodge,durango citadel sport,durango
dodge,durango srt,durango
dodge,durango sxt awd,durango
dodge,grand caravan seextended,grand caravan
dodge,grand caravan sxt wagon,grand caravan
dodge,journey awd,journey
dodge,magnum se,magnum
dodge,nitro heat,nitro
dodge,powerwagon,power wagon
dodge,promaster 2500,promaster
dodge,viper rt 10 removable top,viper
dodge,2500 lone star crew cab,ram 2500
dodge,avenger heatsedan,avenger
dodge,avenger lux,avenger
dodge,b250,ram van
dodge,b300,ram van
dodge,caliber heat,caliber
dodge,caliber se,caliber
dodge,challenger base rallye,challenger
dodge,challenger gt,challenger
dodge,challenger sxt coupe,challenger
dodge,charger daytona,charger
dodge,charger gt awd gas sedan,charger
dodge,charger r/t daytona,charger
dodge,charger scat pack,charger
dodge,charger scat pack daytona,charger
dodge,charger sdn sxt rwd,charger
dodge,charger srt hellcat,charger
dodge,charger sxt rwd,charger
dodge,coronet 500,coronet
dodge,d200,d200
dodge,dakota laramie crew-cab,dakota
dodge,dakota sport quad cab,dakota
dodge,dart 270 sedan,dart
dodge,dokota,dakota
dodge,durango 4x4,durango
dodge,durango citadel awd! awd,durango
dodge,durango citadel hemi,durango
dodge,durango gt awd,durango
dodge,durango r/t awd,durango
dodge,durango sxt rwd,durango
dodge,durangon r/t,durango
dodge,grand caravan american,grand caravan
dodge,grand caravan express,grand caravan
dodge,grand caravan mainstreet,grand caravan
dodge,grand caravan passenger gt,grand caravan
dodge,grand caravan sxtmini,grand caravan
dodge,journey fwd 4dr sxt,journey
dodge,journey r/t awd,journey
dodge,journey rt,journey
dodge,journey sxt sport utility,journey
dodge,neon se,neon
dodge,neon srt-4,neon
dodge,nitro 4wd 4dr sxt *ltd avail*,nitro
dodge,nitro suv,nitro
dodge,nitro sxt 4x4,nitro
dodge,r-3500 drw flatbed,ram 3500
dodge,rampage,rampage
dodge,stratus r/t,stratus
dodge,stratus sdn 4dr sxt,stratus
dodge,w300,w300
ferrari,360 modena,360
ferrari,458 spider,458
ferrari,f355 spider,f355
ferrari,360 modena spyder,360
ferrari,458 italia,458
ferrari,california t,california
ferrari,f430 spider,f430
fiat,500,500
fiat,500 abarth hatchback 2d,500
fiat,124 spider classica,124 spider
fiat,500 pop,500
fiat,500x,500x
fiat,500 pop hatchback 2d,500
fiat,500 sport,500
fiat,124 spider,124 spider
fiat,500l,500l
fiat,500e,500
fiat,500 abarth,500
fiat,500l trekking,500l
fiat,124 spider lusso,124 spider
fiat,500c gq edition cabriolet,500
fiat,124 spider abarth,124 spider
fiat,500l pop hatchback 4d,500l
fiat,500 lounge,500
fiat,500x lounge sport utility,500x
fiat,500c,500
fiat,spider,124 spider
fiat,x1/9,x1/9
fiat,500l lounge,500l
fiat,600,600
fiat,500 sport ruby,500
fiat,500x easy,500x
fiat,500x lounge,500x
ford,f-150,f-150
ford,escape,escape
ford,explorer,explorer
ford,mustang,mustang
ford,focus,focus
ford,fusion,fusion
ford,f-250,f-250
ford,edge,edge
ford,f150,f-150
ford,expedition,expedition
ford,f-350,f-350
ford,f250,f-250
ford,ranger,ranger
ford,taurus,taurus
ford,fusion se,fusion
ford,f250 super duty,f-250
ford,f-250 super duty,f-250
ford,focus se,focus
ford,f350,f-350
ford,super duty f-350 srw,f-350
ford,mustang gt coupe 2d,mustang
ford,super duty f-250 srw,f-250
ford,flex,flex
ford,super duty f-550 drw,f-550
ford,f350 super duty,f-350
ford,fiesta,fiesta
ford,f-150 xlt,f-150
ford,super duty f-250,f-250
ford,ranger supercab xl pickup,ranger
ford,transit,transit
ford,f150 supercrew cab xlt,f-150
ford,transit connect,transit connect
ford,ranger supercrew xl pickup,ranger
ford,explorer xlt,explorer
ford,expedition xlt sport,expedition
ford,f-350 super duty,f-350
ford,f150 super cab xl pickup 4d,f-150
ford,escape xlt,escape
ford,f150 supercrew cab,f-150
ford,super duty f-350 drw,f-350
ford,f150 regular cab xl pickup,f-150
ford,f150 super cab xlt pickup,f-150
ford,escape se,escape
ford,c-max hybrid se wagon 4d,c-max
ford,f150 xlt,f-150
ford,mustang gt,mustang
ford,econoline,e-series
ford,f250 super duty crew cab,f-250
ford,econoline cargo van,e-series
ford,f-550,f-550
ford,mustang gt premium coupe 2d,mustang
ford,thunderbird,thunderbird
ford,f-150 lariat,f-150
ford,expedition el,expedition
ford,edge sel,edge
ford,mustang gt premium,mustang
ford,econoline commercial cutaway,e-series
ford,ranger xlt,ranger
ford,transit cargo van,transit
ford,super duty f-450 drw,f-450
ford,crown victoria,crown victoria
ford,e-350,e-350
ford,explorer sport trac,explorer sport trac
ford,f550,f-550
ford,f150 4x4,f-150
ford,fusion sel,fusion
ford,fiesta se,fiesta
ford,bronco,bronco
ford,excursion,excursion
ford,f150 lariat,f-150
ford,f150 supercrew cab xl,f-150
ford,ranger super cab xlt pickup,ranger
ford,explorer limited,explorer
ford,f-450,f-450
ford,f-250 sd,f-250
ford,f150 supercrew cab fx4,f-150
ford,expedition xlt,expedition
ford,transit van,transit
ford,f150 supercrew cab lariat,f-150
ford,f-250sd,f-250
ford,ecosport,ecosport
ford,f100,f-100
ford,f350 super duty lariat,f-350
ford,taurus se,taurus
ford,f350 super duty crew cab,f-350
ford,e350,e-350
ford,ranger supercrew xlt pickup,ranger
ford,focus st hatchback 4d,focus
ford,taurus sel,taurus
ford,f450,f-450
ford,f250 super duty 4x4,f-250
ford,fusion hybrid,fusion
ford,f150 xl,f-150
ford,escape limited,escape
ford,f450 super duty,f-450
ford,mustang convertible,mustang
ford,edge limited,edge
ford,f-150 xl,f-150
ford,transit t250,transit
ford,explorer sport,explorer
ford,f250 super duty regular cab,f-250
ford,f250 lariat 4x4 diesel,f-250
ford,transit connect cargo,transit connect
ford,edge sel awd,edge
ford,f150 xlt 4x4,f-150
ford,crown victoria police,crown victoria
ford,f550 super duty,f-550
ford,escape titanium,escape
ford,f150 xlt 4wd,f-150
ford,f150 xlt 4x4 1/2 ton gas,f-150
ford,f250 super duty xlt,f-250
ford,transit cargo,transit
ford,focus st,focus
ford,mustang ecoboost,mustang
ford,f-350sd,f-350
ford,f150 super cab,f-150
ford,f150 xlt 4x4 half ton gas,f-150
ford,transit 250,transit
ford,expedition eddie bauer,expedition
ford,f-350 sd,f-350
ford,f750,f-750
ford,transit connect xlt,transit connect
ford,e250,e-250
ford,f-450sd,f-450
ford,f250 super duty lariat,f-250
ford,f350 xl,f-350
ford,e-450,e-450
ford,explorer xlt 4x4,explorer
ford,f150 fx4,f-150
ford,c-max hybrid,c-max
ford,f450 xl,f-450
ford,mustang gt convertible,mustang
ford,f150 regular cab xlt pickup,f-150
ford,f350 lariat,f-350
ford,model a,model a
ford,transit cutaway,transit
ford,e-250,e-250
ford,f250 4x4,f-250
ford,transit 150,transit
ford,f-150 xlt 4x4,f-150
ford,flex sel,flex
ford,e-150,e-150
ford,ecosport se sport utility,ecosport
ford,escape xlt 4x4,escape
ford,explorer eddie bauer,explorer
ford,f-150 fx4,f-150
ford,f250 lariat,f-250
ford,expedition limited,expedition
ford,focus se hatchback,focus
ford,coupe,unknown
ford,f150 super cab lariat,f-150
ford,focus electric hatchback 4d,focus
ford,f-750,f-750
ford,lifted f150 xlt 4x4 1/2 ton,f-150
ford,thunderbird convertible,thunderbird
ford,transit connect passenger,transit connect
ford,e150,e-150
ford,f-250 super duty xlt,f-250
ford,econoline e350,e-350
ford,freestar,freestar
ford,ranger super cab,ranger
ford,explorer 4x4,explorer
ford,focus ses,focus
ford,fusion titanium,fusion
ford,focus sel,focus
ford,mustang v6,mustang
ford,super duty f-350 srw laria,f-350
ford,taurus limited,taurus
ford,transit connect wagon,transit connect
ford,e250 cargo van,e-250
ford,f150 regular cab,f-150
ford,five hundred,five hundred
ford,escape sel,escape
ford,focus se hatchback 4d,focus
ford,escape s,escape
ford,escape hybrid,escape
ford,f-150 platinum,f-150
ford,freestyle,freestyle
ford,e250 econoline,e-250
ford,e450,e-450
ford,f250 platinum 4x4,f-250
ford,ranger supercab xlt pickup,ranger
ford,e350 box truck,e-350
ford,f-250 super duty lariat,f-250
ford,f250 super duty crew cab xl,f-250
ford,f150 lariat supercrew 4x4,f-150
ford,mustang v6 convertible 2d,mustang
ford,edge se,edge
ford,f-550 super duty,f-550
ford,f150 lariat 4wd,f-150
ford,f350 4x4,f-350
ford,fiesta st hatchback 4d,fiesta
ford,mustang svt cobra,mustang
ford,transit 250 cargo van,transit
ford,f350 diesels powerstroke,f-350
ford,focus titanium hatchback 4d,focus
ford,transit 350,transit
ford,e-series cutaway,e-series
ford,escape se awd,escape
ford,f250 xlt,f-250
ford,f350 powerstroke lariat,f-350
ford,super duty f-750 straight frame,f-750
ford,transit connect van,transit connect
ford,e-series cargo,e-series
ford,e350 van,e-350
ford,expedition max,expedition
ford,f 350,f-350
ford,f-450 sd,f-450
ford,f150 xlt xtr 4x4 half ton,f-150
ford,edge titanium,edge
ford,excursion limited,excursion
ford,f-250 super duty 4x2 2dr re,f-250
ford,f150 lariat 4x4 half ton,f-150
ford,edge limited awd,edge
ford,expedition platinum 4x4 gas,expedition
ford,f-450 super duty,f-450
ford,f650,f-650
ford,focus titanium,focus
ford,f-350 super duty 4x2 2dr re,f-350
ford,f550 4x4,f-550
ford,ranger supercrew lariat,ranger
ford,taurus police interceptor,taurus
ford,f-150 king ranch 4x4 ecoboo,f-150
ford,f150 supercrew,f-150
ford,fusion hybrid se,fusion
ford,fusion se sedan 4d,fusion
ford,explorer xlt sport utility,explorer
ford,f-250 super duty super duty,f-250
ford,f-250 superduty lifted stx 8ft 6.7l diesel,f-250
ford,f-450 super duty lariat,f-450
ford,f-650,f-650
ford,flex limited awd,flex
ford,flex sel awd,flex
ford,fusion s,fusion
ford,ranchero,ranchero
ford,expedition el limited,expedition
ford,f-100,f-100
ford,f-150 stx,f-150
ford,f150 lariat fx4 4x4 1/2 ton,f-150
ford,f250 super duty cab xl,f-250
ford,focus se sedan,focus
ford,c-max,c-max
ford,e150 cargo van,e-150
ford,e350 super duty,e-350
ford,escape titanium sport,escape
ford,f150 lariat 4x4,f-150
ford,taurus sho,taurus
ford,f-550sd,f-550
ford,taurus ses,taurus
ford,bronco ii,bronco ii
ford,expedition limited 4x4,expedition
ford,f-150 svt raptor,f-150
ford,f150 xlt sport 4x4 half ton,f-150
ford,transit connect cargo van,transit connect
ford,e-series chassis,e-series
ford,escape xls,escape
ford,f150 supercrew cab fx2,f-150
ford,f350 dually,f-350
ford,transit connect cargo xlt,transit connect
ford,f250 king ranch,f-250
ford,f350 diesel powerstroke fx4,f-350
ford,f450 super duty king ranch,f-450
ford,f800,f-800
ford,fiesta s,fiesta
ford,mustang ecoboost premium,mustang
ford,roadster,unknown
ford,f-150 4x4,f-150
ford,f-250 superduty lariat crew 6.7 liter,f-250
ford,f150 lariat 4x4 1/2 ton gas,f-150
ford,f150 xlt xtr 4x4 1/2 ton,f-150
ford,f350 super duty diesel,f-350
ford,fairlane,fairlane
ford,mustang coupe,mustang
ford,ranger xl,ranger
ford,c-max energi,c-max
ford,escort,escort
ford,excursion xlt,excursion
ford,explorer xlt 4wd,explorer
ford,f250sd,f-250
ford,expedition xlt 4x4,expedition
ford,f-150 platinum crew cab 4x4,f-150
ford,f-150 xlt sport supercrew,f-150
ford,f-250 crew cab lariat 4x4,f-250
ford,f550 xl,f-550
ford,focus s,focus
ford,focus se sedan 4d,focus
ford,mustang mach 1,mustang
ford,windstar,windstar
ford,explorer eddie bauer 4x4,explorer
ford,explorer xlt 4x4 gas suv,explorer
ford,f150 xlt sport 4x4 1/2 ton,f-150
ford,model t,model t
ford,mustang ecoboost coupe 2d,mustang
ford,ranger edge,ranger
ford,taurus x,taurus x
ford,transit connect xl,transit connect
ford,e-series cargo e-150,e-150
ford,e150 econoline,e-150
ford,e450 bus,e-450
ford,econoline commercial,e-series
ford,escape se 4wd,escape
ford,f150 xlt supercrew,f-150
ford,f250 super duty super cab,f-250
ford,f350 diesel power stroke,f-350
ford,flex limited,flex
ford,transit connect cargo xl,transit connect
ford,cmax hybrid,c-max
ford,e350 cargo van,e-350
ford,econoline wagon,e-series
ford,f-250 xlt,f-250
ford,f-350 crew cab lariat 4x4,f-350
ford,f750 xl,f-750
ford,fusion energi,fusion
ford,custom,custom
ford,explorer police interceptor,explorer
ford,f-150 king ranch,f-150
ford,f-650 sd,f-650
ford,f1,f-1
ford,f150 lariat sport 4x4 gas,f-150
ford,f150 stx,f-150
ford,f150 xlt 4wd f-150 4x4,f-150
ford,freestar ses,freestar
ford,taurus limited sedan 4d,taurus
ford,taurus sel awd,taurus
ford,deluxe,deluxe
ford,e-series cargo e-350 sd,e-350
ford,ecosport titanium,ecosport
ford,edge sport,edge
ford,explorer xls,explorer
ford,f-150 fx4 lifted crew ecoboost 3.5liter,f-150
ford,f-250 king ranch,f-250
ford,f150 king ranch,f-150
ford,f150 platinum 4x4,f-150
ford,f150 supercrew 4x4,f-150
ford,f250 xl super duty,f-250
ford,f350 diesel powerstroke 4x4,f-350
ford,fairlane 500,fairlane
ford,flex se,flex
ford,mustang v6 premium,mustang
ford,ranger regular cab,ranger
ford,ranger xlt 4x4,ranger
ford,taurus sho sedan 4d,taurus
ford,transit t250 extended,transit
ford,transit-250,transit
ford,c-max hybrid titanium wagon,c-max
ford,e-150 transit,e-150
ford,e-350sd,e-350
ford,escape se sport utility 4d,escape
ford,f-150 raptor,f-150
ford,f-250 super duty xl,f-250
ford,f-350 xl 4x4,f-350
ford,f150 limited,f-150
ford,f350 crew cab,f-350
ford,focus zx4,focus
ford,sedan,unknown
ford,super duty f-450 pickup,f-450
ford,transit cargo 150,transit
ford,c-max energi sel wagon 4d,c-max
ford,e350 passenger van,e-350
ford,ecosport ses sport utility,ecosport
ford,edge sel sport utility 4d,edge
ford,escape titanium 4x4 gas suv,escape
ford,escape xls awd! awd,escape
ford,f 150,f-150
ford,f-150 lariat crew cab 4x4,f-150
ford,f-150 xlt automatic,f-150
ford,f-250 superduty lariat,f-250
ford,f-650 dump,f-650
ford,f150 supercrew cab platinum,f-150
ford,f250 sd xlt,f-250
ford,f350 lariat srw 4x4,f-350
ford,mustang boss 302 coupe 2d,mustang
ford,mustang shelby gt500,mustang
ford,super duty,unknown
ford,transit t150,transit
ford,truck,unknown
ford,crown victoria police inter,crown victoria
ford,e350 xlt,e-350
ford,f-150 supercrew,f-150
ford,f150 platinum,f-150
ford,f150 xlt fx4 4x4 half ton,f-150
ford,f250 xl,f-250
ford,f350 powerstroke xlt 4x4,f-350
ford,f450 super duty crew cab,f-450
ford,focus zx3,focus
ford,mustang cobra,mustang
ford,transit cargo 250,transit
ford,transit wagon xl,transit
ford,victoria,unknown
ford,500,five hundred
ford,bronco xlt,bronco
ford,customline,customline
ford,edge limited wagon,edge
ford,f-150 platinum 4x4,f-150
ford,f-150 xl 4x4,f-150
ford,f-150 xltcrew cab,f-150
ford,f-250 super duty crew 4x4 32k ml.1owner*new wheels 6.2l,f-250
ford,f-250 super duty lariat crew 6.7 liter,f-250
ford,f-350 super duty lariat,f-350
ford,f150 fx4 4x4,f-150
ford,f150 supercrew cab king,f-150
ford,f150 xlt fx4 4x4 1/2 ton,f-150
ford,f150 xlt supercrew 4x4,f-150
ford,f250 4wd,f-250
ford,f250 super duty platinum,f-250
ford,f350 king ranch,f-350
ford,f350 xlt,f-350
ford,falcon,falcon
ford,fiesta st,fiesta
ford,flex se sport utility 4d,flex
ford,focus zx3 premium,focus
ford,pickup,unknown
ford,super duty f-250 xlt,f-250
ford,super duty f-450 drw xl,f-450
ford,transit connect cargo van xlt,transit connect
ford,e250 van,e-250
ford,e350 cutaway,e-350
ford,econoline e250,e-250
ford,explorer hybrid limited,explorer
ford,explorer limited 4wd,explorer
ford,f-350 ext cab xl 4x4,f-350
ford,f-350 super duty lariat crew 8ft lb 6.7 liter,f-350
ford,f150 lariat supercrew,f-150
ford,f250 4x4 platinum,f-250
ford,f350 power stroke lariat,f-350
ford,f350 super duty regular cab & chassis,f-350
ford,f700,f-700
ford,fiesta titanium,fiesta
ford,flex sel sport utility 4d,flex
ford,freestyle limited,freestyle
ford,fusion se hybrid sedan 4d,fusion
ford,fusion sport,fusion
ford,lifted f350 diesel lariat,f-350
ford,ranger 4x4,ranger
ford,super duty f-350 drw king,f-350
ford,super duty f-350 srw xlt,f-350
ford,transit cargo 350,transit
ford,transit t250 cargo van,transit
ford,c-max hybrid se,c-max
ford,excursion eddie bauer,excursion
ford,expedition eddie bauer 4x4,expedition
ford,expedition limited 4x4 gas,expedition
ford,explorer sport trac xlt,explorer sport trac
ford,f-150 lariat 4wd,f-150
ford,f-150 lifted supercrew xlt 4x4 v6 twin turbo financing,f-150
ford,f-150 raptor arizona raptor*rust free*icon level kit*tech pkg*pano roof*newer tires*graphics pkg*like new in&out*non smoker*immaculate interior*heated steering wheel*cooled seats*tailgate step,f-150
ford,f-350 super duty crew cab xlt 6.7 liter,f-350
ford,f-350 super duty super duty,f-350
ford,f-350 superduty lariat crew drw,f-350
ford,f-350 xl,f-350
ford,f150 stx 4x4 half ton gas,f-150
ford,f250 super duty xl,f-250
ford,galaxie,galaxie
ford,super duty f-250 pickup,f-250
ford,super duty f-250 srw laria,f-250
ford,super duty f-350,f-350
ford,t bucket,model t
ford,thunderbird coupe,thunderbird
ford,transit 350 wagon,transit
ford,bus,unknown
ford,c - max se hybrid,c-max
ford,crown victoria lx,crown victoria
ford,e450 shuttle bus,e-450
ford,ecosport se,ecosport
ford,escape se awd 65k 1-owner new tires tow pkg camera sync,escape
ford,expedition el xlt,expedition
ford,explorer limited 4x4 gas,explorer
ford,f 550,f-550
ford,f-150 lifted lariat supercrew 5.0 v8,f-150
ford,f-150 xlt 4x4 4dr supercrew,f-150
ford,f-250 crew cab king ranch 4x4,f-250
ford,f-250 super duty xlt lifted crew,f-250
ford,f150 fx4 4x4 half ton gas,f-150
ford,f600,f-600
ford,f800 dump truck,f-800
ford,fiesta ses,fiesta
ford,flex limited sport utility,flex
ford,fusion energi plug-in,fusion
ford,galaxie 500,galaxie
ford,"gt premium 2,200 miles",mustang
ford,ltd,ltd
ford,ranger xlt fx4 4x4 1/4 ton,ranger
ford,super duty f250 srw xl,f-250
ford,torino gt,torino
ford,transit 150 cargo van,transit
ford,c-max hybrid sel wagon 4d,c-max
ford,e-350sd commercial,e-350
ford,e250 cargo,e-250
ford,escape se automatic,escape
ford,escape sel sport utility 4d,escape
ford,escape xlt awd,escape
ford,explorer limited sport,explorer
ford,explorer sport utility 4d,explorer
ford,f 450,f-450
ford,f-150 xlt supercrew,f-150
ford,f-150 xlt supercrew ecoboost 3.5l premium,f-150
ford,f-250 crew cab xlt 4x4,f-250
ford,f-250 super duty 4x4,f-250
ford,f-250 super duty lariat lift 6.7 liter,f-250
ford,f-350 sd lariat crew cab long bed 4wd,f-350
ford,f-450 super duty superduty platinum drw 4wd,f-450
ford,f-550 crew cab flat bed xlt 4x4 drw,f-550
ford,f100 pickup,f-100
ford,f150 platinum 4x4 1/2 ton,f-150
ford,f150 platinum 4x4 half ton,f-150
ford,f150 super cab stx pickup,f-150
ford,f150 xl 4wd,f-150
ford,f250 diesel,f-250
ford,f350 super duty 4x4,f-350
ford,f450 super duty crew,f-450
ford,five hundred sel,five hundred
ford,focus hatchback,focus
ford,focus st hatchback,focus
ford,fusion platinum sedan 4d,fusion
ford,mustang cobra convertible,mustang
ford,mustang fastback,mustang
ford,mustang premium,mustang
ford,ranchero gt,ranchero
ford,ranger sport,ranger
ford,super duty f-350 drw xl,f-350
ford,transit-350,transit
ford,tudor,model a
ford,crown victoria interceptor,crown victoria
ford,e-350 super duty,e-350
ford,e-series chassis e-450,e-450
ford,e150 cargo,e-150
ford,e350 super duty cargo,e-350
ford,ecosport titanium awd,ecosport
ford,edge sel plus awd,edge
ford,edge sel turbo,edge
ford,edge sport awd,edge
ford,escape se 4x4,escape
ford,escape titanium awd,escape
ford,escape xlt awd! awd,escape
ford,excursion limited 55k miles*1-owner*diesel*rust free*collector quality*like new in&out*all original*new wheels & tires*unicorn alert,excursion
ford,f-1,f-1
ford,f-150 fx2,f-150
ford,f-150 limited,f-150
ford,f-150 xlt 4wd!crew cab,f-150
ford,f-350 diesel 4x4 7.3l power stroke turbo diesel ext cab long bed dually 6-speed manual,f-350
ford,f-350 super duty xl,f-350
ford,f-350 xlt lariat,f-350
ford,f-450 crew cab dump truck 6,f-450
ford,f100 custom,f-100
ford,f150 king ranch 4x4,f-150
ford,f150 supercab xlt 4x4,f-150
ford,f150 supercrew xlt,f-150
ford,f250 ext cab,f-250
ford,f250 super duty diesel,f-250
ford,f250 super duty lariat 4x4,f-250
ford,f250 superduty,f-250
ford,f350 diesel,f-350
ford,f350 super duty larait,f-350
ford,f550 lariat,f-550
ford,fiesta sel,fiesta
ford,focus s sedan 4d,focus
ford,focus zts,focus
ford,lifted f350 deisel lariat,f-350
ford,mustang deluxe,mustang
ford,mustang shelby gt350,mustang
ford,police interceptor utility,explorer
ford,ranger supercab,ranger
ford,sport trac,explorer sport trac
ford,thunderbird lx,thunderbird
ford,transit 150 van,transit
ford,transit connect van xlt,transit connect
ford,van,unknown
ford,bronco eddie bauer,bronco
ford,club wagon,e-series
ford,country squire,country squire
ford,e-series cargo e-250,e-250
ford,econoline e150 cargo van,e-150
ford,edge st line,edge
ford,escape sel 4wd,escape
ford,escape sel suv,escape
ford,escape titanium 4wd,escape
ford,"escape titanium 4wd, w/ navigation",escape
ford,excursion 4x4 limited 6.8l v10 gas loaded low miles,excursion
ford,excursion limited 4x4,excursion
ford,expedition el limited 4x4,expedition
ford,explorer hybrid limited suv,explorer
ford,explorer platinum,explorer
ford,explorer sport trac limited,explorer sport trac
ford,f 250,f-250
ford,f 350 lariat fx4 dually,f-350
ford,f-150 4x4 5.0l v8 360hp 380ft. lbs. torque super crew xlt one owner,f-150
ford,f-150 super cab,f-150
ford,f-150 xlt supercrew eco boost 3.5l,f-150
ford,f-250 crew cab xl 4x4,f-250
ford,f-250 excab,f-250
ford,f-250sd xlt 4wd!standard,f-250
ford,f-350 crew cab dump bed 4x4 drw,f-350
ford,f-350 lariat,f-350
ford,f-350 lariat crewcab dually,f-350
ford,f-350 super duty drw,f-350
ford,f-350 xl extended cab util,f-350
ford,f-350 xlt,f-350
ford,f150 4wd,f-150
ford,f150 heritage,f-150
ford,f150 king ranch fx4 4x4 gas,f-150
ford,f150 platinum fx4 4x4 gas,f-150
ford,f150 super cab xlt,f-150
ford,f150 supercab stx 4x4,f-150
ford,f150 supercrew xlt 4x4,f-150
ford,f250 powerstroke lariat,f-250
ford,f350 deisel powerstroke fx4,f-350
ford,f650 crew cab,f-650
ford,falcon futura,falcon
ford,freestyle sel,freestyle
ford,fusion hybrid sel,fusion
ford,fusion se awd gas sedan,fusion
ford,fusion se sedan,fusion
ford,police interceptor,unknown
ford,super duty f-250 lariat,f-250
ford,super duty f-250 srw xl,f-250
ford,thunderbird deluxe,thunderbird
ford,transit 250 van low roof,transit
ford,windstar lx,windstar
ford,250,f-250
ford,bronco sport,bronco sport
ford,e 150,e-150
ford,e 250,e-250
ford,e 350,e-350
ford,e-series cargo e-350,e-350
ford,e350sd,e-350
ford,e450 super duty,e-450
ford,econoline e150,e-150
ford,edge se awd,edge
ford,edge sel awd gas suv auto,edge
ford,edge sport suv 4d,edge
ford,escape - new tires - great mpg for suv -,escape
ford,escape se awd 68k ml.1owner new tirew well maint.clean!!!,escape
ford,escape se ecoboost,escape
ford,escape se fwd gas suv auto,escape
ford,explorer base,explorer
ford,explorer st 4x4 gas suv,explorer
ford,explorer xlt - 4wd - flex fuel - third row seat -,explorer
ford,explorer xlt awd,explorer
ford,f-150 lariat 4x4,f-150
ford,f-150 xlt crew cab,f-150
ford,f-150 xlt supercab,f-150
ford,f-250 4x4,f-250
ford,f-250 super duty lariat 4x4,f-250
ford,f-250 superduty xlt crew cab 6.7 liter,f-250
ford,f-350 diesel,f-350
ford,f-350 diesel 4x4 7.3l power stroke turbo diesel crew cab dually xlt,f-350
ford,f-350 super duty xlt,f-350
ford,f-350 super duty xlt 4x4 4d,f-350
ford,f-350 superduty platinum drw 4wd,f-350
ford,f-super duty,unknown
ford,f150 raptor,f-150
ford,f150 stx 4wd,f-150
ford,f150 stx 4x4,f-150
ford,f350 deisel power stroke,f-350
ford,f350 powerstroke limited,f-350
ford,f350 powerstroke platinum,f-350
ford,f450 super duty regular cab & chassis,f-450
ford,fiesta se - new tires - gas saver - just smogged -,fiesta
ford,fiesta se w/ backup camera,fiesta
ford,focus rs,focus
ford,focus titanium hatchback,focus
ford,freestar limited,freestar
ford,freestar sel,freestar
ford,fusion se 4dr sedan,fusion
ford,fusion se ecoboost,fusion
ford,fusion se fwd,fusion
ford,fusion titanium hybrid,fusion
ford,lifted f350 powerstroke,f-350
ford,maverick,maverick
ford,mustang 5.0,mustang
ford,mustang ecoboost - rear camera - bluetooth -,mustang
ford,mustang v6 coupe 2d,mustang
ford,ranger fx4 off-road 4wd!,ranger
ford,super duty f-550 drw xl,f-550
ford,t-bucket,model t
ford,transit 150 wheelchair han,transit
ford,transit connect van xl,transit connect
ford,transit t350,transit
ford,utility police interceptor,explorer
ford,windstar van,windstar
ford,crown vic,crown victoria
ford,e-150 reefer cargo van,e-150
ford,e-series chassis e 350 sd,e-350
ford,e-series chassis e-450 sd,e-450
ford,e350 15-passenger van,e-350
ford,e350 bucket van,e-350
ford,e350 shuttle bus,e-350
ford,ecosport titanium sport,ecosport
ford,ecosport titanium suv,ecosport
ford,edge se suv,edge
ford,edge titanium awd,edge
ford,"escape-se, 4wd",escape
ford,expedition el xlt 4x4,expedition
ford,explorer limited suv,explorer
ford,explorer sport 4x4 gas suv,explorer
ford,f 250 lariat crew cab,f-250
ford,f 650,f-650
ford,"f-150 4wd supercrew 145"" platinum",f-150
ford,f-150 4x4 super cab,f-150
ford,f-150 crew cab,f-150
ford,f-150 super cab xlt,f-150
ford,f-250 4x4 super duty 5.4l triton v8 ext cab short bed fabtech lift one owner,f-250
ford,f-250 lariat,f-250
ford,f-250 platinum crew cab 4wd,f-250
ford,f-350 sd lariat crew cab 4x,f-350
ford,f-350 utility truck,f-350
ford,f-350 xlt 4x4,f-350
ford,f-350sd xltcrew cab,f-350
ford,f-750sd,f-750
ford,f-800,f-800
ford,f150 pickup,f-150
ford,f150 supercab 4x4,f-150
ford,f150 svt raptor,f-150
ford,f250 crew cab 4x4,f-250
ford,f250 ext cab 4x4,f-250
ford,f350 diesel powerstroke xlt,f-350
ford,f350 diesels power stroke,f-350
ford,f350 ext cab,f-350
ford,f350 power stroke platinum,f-350
ford,f450 12' stake bed,f-450
ford,f550 4x4 crew cab,f-550
ford,f550 super duty regular cab & chassis,f-550
ford,fiesta s sedan,fiesta
ford,fiesta se hatchback,fiesta
ford,focus svt,focus
ford,fusion s sedan 4d,fusion
ford,galaxie 500 convertible,galaxie
ford,lifted f150 lariat 4x4 gas,f-150
ford,lightning,f-150
ford,mainline,mainline
ford,mustang convertible gt,mustang
ford,mustang gt deluxe,mustang
ford,raptor,f-150
ford,super duty f-250 srw xlt,f-250
ford,super duty f-350 drw laria,f-350
ford,super duty f-350 srw 4wd la,f-350
ford,super duty f-350 srw king,f-350
ford,super duty f-550,f-550
ford,taurus limited fwd gas auto,taurus
ford,taurus sel sedan 4d,taurus
ford,taurus wagon,taurus
ford,transit 250 van,transit
ford,transit passenger wagon,transit
ford,transit xlt,transit
ford,150,f-150
ford,bronco 2,bronco ii
ford,cmax,c-max
ford,convertible,unknown
ford,crown victoria p71,crown victoria
ford,e-150 cargo van,e-150
ford,e250 econoline cargo van,e-250
ford,e350 12-passenger van,e-350
ford,e350 box van,e-350
ford,econoline commercial cutaw,e-series
ford,ecosport s sport utility 4d,ecosport
ford,edge sel automatic,edge
ford,edge sel plus,edge
ford,edge sport awd gas suv auto,edge
ford,edge sport awd! awd,edge
ford,edge titanium sport utility,edge
ford,escape s sport utility 4d,escape
ford,escape sel awd gas suv auto,escape
ford,escape xlt 4wd,escape
ford,escort se,escort
ford,expedition 4x4,expedition
ford,expedition king ranch,expedition
ford,expedition platinum,expedition
ford,expedition xlt suv,expedition
ford,f-150 fx4 4wd!crew cab,f-150
ford,f-150 king ranch 4x4,f-150
ford,f-150 lariat 4wd!crew cab,f-150
ford,f-150 super cab xl,f-150
ford,f-150 supercrew xlt,f-150
ford,f-150 supercrew xlt 4x4,f-150
ford,f-150 xl standard cab,f-150
ford,f-150 xl supercrew,f-150
ford,f-150 xlt 4wd,f-150
ford,f-150 xlt fx4crew cab,f-150
ford,f-150 xlt supercrew 4x4,f-150
ford,f-250 4wd highboy f250,f-250
ford,f-250 diesel,f-250
ford,f-250 stx,f-250
ford,f-250 super duty xlt 4x4 /,f-250
ford,f-250 superduty lariat crew roush package 6.7 liter,f-250
ford,f-250 xlt 4x4,f-250
ford,f-350 crew cab lariat 4x4 drw,f-350
ford,f-350 drw lariat,f-350
ford,f-350 ext cab 6.7 diesel,f-350
ford,f-350 super dut,f-350
ford,f-350 super duty platinum lifted diesel on 37's,f-350
ford,f-450 super duty drw platinum,f-450
ford,f-550 12' utility truck,f-550
ford,f150 4x4 lariat,f-150
ford,f150 4x4 xlt,f-150
ford,f150 8ft,f-150
ford,f150 lariat 4wd f-150,f-150
ford,f150 lariat 4wd f-150 4x4,f-150
ford,f150 regular cab xl,f-150
ford,f350 diesel powerstroke,f-350
ford,f450 4x4,f-450
ford,f450sd,f-450
ford,focus zx5,focus
ford,freestar semini van,freestar
ford,fusion se hybrid,fusion
ford,fusion se w / navigation,fusion
ford,lcf 450,lcf
ford,lifted f150 xlt fx4 4x4 gas,f-150
ford,mustang bullitt,mustang
ford,mustang gt 5.0,mustang
ford,mustang premium rwd gas,mustang
ford,mustang shelby gt500 coupe,mustang
ford,phaeton,unknown
ford,pinto,pinto
ford,ranger fx4,ranger
ford,super duty f-650,f-650
ford,super duty f250 srw lariat,f-250
ford,taurus lx,taurus
ford,taurus sho awd,taurus
ford,torino,torino
ford,"transit 250 high roof 148"" wb extended extended cargo van",transit
ford,transit connect cargo van xl,transit connect
ford,transit t150 xlt van,transit
ford,transit t250 cargo,transit
ford,transit wagon,transit
ford,500 limited,five hundred
ford,aerostar,aerostar
ford,c-max energi sel,c-max
ford,c-max hybrid sel,c-max
ford,coe,unknown
ford,crown vic interceptor,crown victoria
ford,dump truck,unknown
ford,e-250 cargo van,e-250
ford,e-series cargo van,e-series
ford,e-series chassis 14 feet box,e-series
ford,e-series chassis e-350,e-350
ford,e-series wagon e-350 sd xl,e-350
ford,e150 conversion van,e-150
ford,e350 wheelchair van,e-350
ford,econoline e-350,e-350
ford,ecosport ses,ecosport
ford,edge limited 4dr crossove,edge
ford,edge sel suv,edge
ford,edge titanium suv,edge
ford,escape 4x4,escape
ford,escape awd,escape
ford,escape limited 4wd,escape
ford,escape se eco boost,escape
ford,escape se sport utility,escape
ford,escape titanium 4x4,escape
ford,escort zx2,escort
ford,excursion diesel limited,excursion
ford,expedition eddie bauer 4wd,expedition
ford,explorer limited 4x4,explorer
ford,explorer limited automatic,explorer
ford,explorer sports trac,explorer sport trac
ford,explorer suv,explorer
ford,explorer xlt suv,explorer
ford,f-150 ac,f-150
ford,f-150 custom,f-150
ford,f-150 extended cab,f-150
ford,f-150 lariat automatic,f-150
ford,f-150 lariat supercrew,f-150
ford,f-150 platinum crew ecoboost 3.5l,f-150
ford,f-150 quad cab short box,f-150
ford,f-150 xl 2dr standard cab,f-150
ford,f-150 xl automatic,f-150
ford,f-150 xlt 4wd supercrew 5.5' box,f-150
ford,f-150 xlt 4wd!extended,f-150
ford,f-150 xltextended cab,f-150
ford,f-250 4x4 1-owner 94k ml.**new wheels & tires**6.2l,f-250
ford,f-250 4x4 lifted,f-250
ford,f-250 sd king ranch,f-250
ford,f-250 supercab 4x4,f-250
ford,f-350 4x4 ex-cab w/ 9' contractor dump,f-350
ford,f-350 chassis cab,f-350
ford,f-350 diesel 4x4 7.3l power,f-350
ford,f-350 drw 4x4,f-350
ford,f-350 dually crew cab,f-350
ford,f-350 lariat superduty crew drw 4x4 6.7,f-350
ford,f-350 lariat ultimate lifted diesel only 49k mles loaded,f-350
ford,f-350 lifted f350 lariat 6.7l power stroke diesel 4x4,f-350
ford,f-350 lifted super duty power stroke diesel loaded,f-350
ford,f-350 super duty diesel,f-350
ford,f-350 superduty xlt drw 6.7 liter diesel,f-350
ford,f-450 4x2 truck w/new crysteel 11' contractor dump,f-450
ford,f-550 4x4 reg cab fire grass truck utility truck,f-550
ford,f-550 super duty 4x4,f-550
ford,f-550 xl,f-550
ford,f150 extended cab,f-150
ford,f150 fx4 4x4 1/2 ton gas,f-150
ford,f150 fx4 ecoboost,f-150
ford,f150 supercrew cab svt,f-150
ford,f150 xl super cab,f-150
ford,f250 cng,f-250
ford,f250 crew,f-250
ford,f250 crew 4x4,f-250
ford,f250 diesel pickup truck,f-250
ford,f250 diesel power stroke,f-250
ford,f250 extra cab 4x4 diesel,f-250
ford,f350 crew cab 4x4,f-350
ford,f350 deisel powerstroke xlt,f-350
ford,f350 flatbed,f-350
ford,f350 super duty super cab,f-350
ford,f350 super duty xlt,f-350
ford,f350 work truck,f-350
ford,f350sd,f-350
ford,f450 deisel powerstroke,f-450
ford,f450 sd xl,f-450
ford,f550 sd,f-550
ford,f750 dump,f-750
ford,five hundred limited,five hundred
ford,focus sel sedan 4d,focus
ford,focus st3,focus
ford,focus titanium sedan 4d,focus
ford,focus wagon,focus
ford,focus zx4 s,focus
ford,focus zx4 ses,focus
ford,freestyle awd,freestyle
ford,freestyle sel awd,freestyle
ford,fusion 4dr sdn se fwd,fusion
ford,fusion se awd,fusion
ford,galaxie 500 xl,galaxie
ford,gran torino,torino
ford,l8000,l8000
ford,lcf,lcf
ford,lifted f350 diesels lariat,f-350
ford,lifted f350 power stroke,f-350
ford,model a tudor,model a
ford,mustang gt premium coupe,mustang
ford,ranger edge 4x4,ranger
ford,super duty f-250 srw lariat automatic,f-250
ford,super duty f-450,f-450
ford,t-bird,thunderbird
ford,tarus,taurus
ford,taurus se sedan 4d,taurus
ford,transit 350 van,transit
ford,transit connect titanium,transit connect
ford,transit connect xl cargo,transit connect
ford,transit connect xlt cargo,transit connect
ford,transit passenger,transit
ford,transit t350 hd,transit
ford,tudor sedan,unknown
ford,bronco sport badlands 4x4,bronco sport
ford,c max,c-max
ford,cmax energi,c-max
ford,contour,contour
ford,crown victoria police p71,crown victoria
ford,custom 300,custom
ford,e-350 high top,e-350
ford,e-450 delivery box,e-450
ford,e-450 galvan universal,e-450
ford,e150 van,e-150
ford,e250 super duty cargo,e-250
ford,e350 econoline,e-350
ford,econoline cargo,e-series
ford,econoline e450 cutaway,e-450
ford,econoline van,e-series
ford,ecosport titanium 4x4,ecosport
ford,edge 4dr se,edge
ford,edge awd,edge
ford,edge se sport utility 4d,edge
ford,edge titanium awd 4dr,edge
ford,"edge titanium awd, w/ leather, navigation",edge
ford,escape limited 4x4,escape
ford,escape limited awd,escape
ford,escape s fwd,escape
ford,escape se suv,escape
ford,escape sel 4x4 gas suv auto,escape
ford,escape sel awd,escape
ford,escape suv cars,escape
ford,escape titanium suv,escape
ford,escape xlt v6,escape
ford,excursion xlt 2wdsuv,excursion
ford,expedition limited sport,expedition
ford,expedition max platinum 4x4,expedition
ford,explorer eddie bauer 4wd,explorer
ford,explorer limited awd,explorer
ford,explorer police,explorer
ford,explorer sport - loaded,explorer
ford,"explorer sport awd, w/ navigation",explorer
ford,explorer sport trac 4x4,explorer sport trac
ford,f 100,f-100
ford,f 250 lariat fx4,f-250
ford,f 250 platinum fx4,f-250
ford,"f-150 4wd supercrew 145"" xlt",f-150
ford,f-150 4x4 5.0 v8,f-150
ford,f-150 crew cab xlt 4x4,f-150
ford,f-150 lariat crew cab shor,f-150
ford,f-150 supercab xlt 4wd,f-150
ford,f-150 xl supercrew 5.5-ft. bed 4wd,f-150
ford,f-150 xl supercrew 6.5-ft. bed 4wd,f-150
ford,f-150 xlt 4dr supercrew xlt,f-150
ford,f-150 xlt supercrew 6.5-ft. bed 4wd,f-150
ford,f-250 4x4 6.8l v10 triton g,f-250
ford,f-250 4x4 excab,f-250
ford,f-250 52k ml.1owner 4x4 6.2l new wheels & tires,f-250
ford,f-250 super cab 7.3l diesel,f-250
ford,f-250 super duty king ranch,f-250
ford,f-250 super duty platinum,f-250
ford,f-250 xl,f-250
ford,f-250 xl super duty - brand new tires - 6 seater -,f-250
ford,f-250 xlt 4x4 1-owner 98k ml.new wheels&tires 6.2l,f-250
ford,f-250sd xlt,f-250
ford,f-350 4x4 service utility,f-350
ford,f-350 lariat srw,f-350
ford,f-350sd xl,f-350
ford,f-350sd xlt fx4crew cab,f-350
ford,f-550 cab & chas 4x4 drw snatcher,f-550
ford,f100 ranger,f-100
ford,f150 ecoboost,f-150
ford,f150 lariat crew cab,f-150
ford,f150 lariat fx4,f-150
ford,f150 stx 4x4 1/2 ton gas,f-150
ford,f150 super crew,f-150
ford,f150 supercab xlt,f-150
ford,f150 supercrew 4wd,f-150
ford,f150 supercrew cab 4x4,f-150
ford,f150 supercrew fx4,f-150
ford,f150 supercrew stx,f-150
ford,f150 xlt crew cab,f-150
ford,f250 crew cab,f-250
ford,f250 deisel power stroke,f-250
ford,f250 diesel 4x4 crew cab,f-250
ford,f250 lariat 4x4,f-250
ford,f250 service,f-250
ford,f250 xcab,f-250
ford,f250 xlt 4x4,f-250
ford,f250hd,f-250
ford,f350 4x4 truck,f-350
ford,f350 crew cab 4x4 flat bed,f-350
ford,f350 deisel powerstroke 4x4,f-350
ford,f350 drw,f-350
ford,f350 lariat 4x4,f-350
ford,f350 super duty regular ca,f-350
ford,f350 xlt super duty,f-350
ford,"f350, xlt",f-350
ford,f450 box truck,f-450
ford,f450 dump truck diesel,f-450
ford,f450 powerstroke lariat,f-450
ford,f550 dump trcuk,f-550
ford,f550 superduty xl,f-550
ford,f7000,f-7000
ford,fiesta se fwd gas sedan,fiesta
ford,fiesta se hatchback 4d,fiesta
ford,fiesta se sedan 4d,fiesta
ford,fiesta st line,fiesta
ford,focus lx,focus
ford,focus se automatic,focus
ford,focus se fwd gas sedan auto,focus
ford,focus se hatch 6-speed automatic,focus
ford,focus sel hatchback,focus
ford,focus ses coupe,focus
ford,focus st hatch,focus
ford,focus st2,focus
ford,focus ztw,focus
ford,focus zx4 se,focus
ford,freestar van,freestar
ford,fusion hybrid se hybrid,fusion
ford,fusion plug-in hybrid,fusion
ford,fusion se fwd gas sedan,fusion
ford,fusion se sdn,fusion
ford,fusion sport awd,fusion
ford,galaxy 500,galaxie
ford,lifted f250 powerstroke,f-250
ford,mustang cobra svt,mustang
ford,mustang gt 2dr fastback,mustang
ford,mustang lx 5.0 convertible,mustang
ford,mustang sn95 4th gen.,mustang
ford,other,unknown
ford,ranger supercab edge,ranger
ford,ranger supercab xlt,ranger
ford,ranger xl 4x2,ranger
ford,shelby gt500,mustang
ford,street rod,unknown
ford,super deluxe,super deluxe
ford,t-350 hd,transit
ford,taurus sel 4dr sedan,taurus
ford,tempo,tempo
ford,transit ada wheelchair van,transit
ford,transit cargo cargo 250,transit
ford,transit cargo van base,transit
ford,"transit connect 114.6"" xl w/o side or rear door glass",transit connect
ford,transit connect cargo xl cargo,transit connect
ford,transit passenger 350 xl,transit
ford,transit t-150,transit
ford,transit t150 cargo van,transit
ford,windstar sel,windstar
ford,xlt f-350 diesel 4x4,f-350
ford,.. ect.,unknown
ford,2011 f-450 4x4 crew cab in-closed utility,f-450
ford,2018 f-250 4x4 crew-cab flatbed truck,f-250
ford,2dr sedan,unknown
ford,3500,unknown
ford,5 window coupe,unknown
ford,750,f-750
ford,aero max l9000,l9000
ford,aerostar van,aerostar
ford,box truck,unknown
ford,bronco 4x4,bronco
ford,bronco xlt 4x4,bronco
ford,cabriolet,unknown
ford,cargo van,unknown
ford,cf8000,cf8000
ford,commercial chassis,unknown
ford,diesel chasis,unknown
ford,e-350 econoline,e-350
ford,e-350 knapheide kuv,e-350
ford,e-series,e-series
ford,e-series cargo e 250 3dr,e-250
ford,e-series van e-150,e-150
ford,e-series wagon,e-series
ford,e250 super duty,e-250
ford,e350 12' box truck,e-350
ford,e350 econoline cargo,e-350
ford,e350 sd extended cargo van,e-350
ford,e350 super duty cargo van 3d,e-350
ford,e350 super duty van,e-350
ford,e450 step van,e-450
ford,eacape,escape
ford,econoline 150,e-150
ford,ecosport s,ecosport
ford,"edge **awd , sunroof,",edge
ford,edge 4dr limited awd,edge
ford,edge titanium awd gas suv,edge
ford,escape 4wd 4dr se,escape
ford,escape hybrid limited,escape
ford,escape limited hybrid 4wd,escape
ford,escape sport,escape
ford,escape xlt premium 4wd,escape
ford,escape xltsuv,escape
ford,escort lx,escort
ford,escort lx sedan,escort
ford,etc,unknown
ford,excursion xlt 4x4,excursion
ford,expedition el king ranch,expedition
ford,expedition el limited 4wd,expedition
ford,expedition king ranch 4wd,expedition
ford,expedition max xlt,expedition
ford,expedition xl 4x4,expedition
ford,expedition xlt 4x4suv,expedition
ford,expedition xlt automatic,expedition
ford,explorer 4wd 4dr xlt,explorer
ford,explorer awd,explorer
ford,explorer eddie bauer leathe,explorer
ford,explorer platinum awd,explorer
ford,explorer sport 4x4,explorer
ford,explorer sport automatic,explorer
ford,explorer sport suv 4d,explorer
ford,"explorer sport trac 4dr 126"" wb 4wd xlt premium",explorer sport trac
ford,explorer sport trac xlt 4x4,explorer sport trac
ford,explorer st,explorer
ford,explorer xls 4x4,explorer
ford,explorer xlt 4dr xlt,explorer
ford,f 350sd,f-350
ford,f 750,f-750
ford,f super duty,unknown
ford,f-150 4wd supercrew,f-150
ford,f-150 4wd supercrew 145 xlt,f-150
ford,f-150 4x4 supercab,f-150
ford,f-150 extended cab 4x4,f-150
ford,f-150 f150,f-150
ford,"f-150 fx4 | 4x4, extra",f-150
ford,f-150 king ranch supercrew,f-150
ford,"f-150 king ranch,$575.25 month, $2500 down, 2.9% apr, 72 $575.25 month, $2500 down, 2.9% apr, 72 months, oac,",f-150
ford,f-150 lariat crew cab,f-150
ford,f-150 lariat supercrew 5.,f-150
ford,"f-150 lariat, lifted, 4x4 lariat, lifted, 4x4",f-150
ford,f-150 limited 4x4,f-150
ford,f-150 platinum super crew,f-150
ford,f-150 raptor 4wd!crew cab,f-150
ford,f-150 stx 4x2supercrew,f-150
ford,f-150 stx 4x4,f-150
ford,f-150 super crew,f-150
ford,"f-150 supercrew 139"" lariat 4wd",f-150
ford,f-150 supercrew 4wd,f-150
ford,f-150 supercrew lariat,f-150
ford,f-150 supercrew platinum 4x,f-150
ford,f-150 svt raptor 4x4 4dr su,f-150
ford,f-150 truck 4x4,f-150
ford,f-150 xl 4x4 2dr regular,f-150
ford,f-150 xlt fx4,f-150
ford,f-150 xlt lariat,f-150
ford,f-150 xlt off-,f-150
ford,f-150 xlt rwd,f-150
ford,f-150 xlt supercrew 4wd,f-150
ford,f-250 4wd 1owner clean cheap truck,f-250
ford,f-250 4wd one owner very clean truck,f-250
ford,f-250 4x2 reg cab service utility truck,f-250
ford,f-250 4x2 service utility truck,f-250
ford,f-250 4x4 service utility truck,f-250
ford,f-250 king ranch f250,f-250
ford,f-250 sd lariat,f-250
ford,f-250 super duty 4x4 6.8l v,f-250
ford,f-250 super duty xlt 1owner new tires well maint 6.2l,f-250
ford,f-250 superduty,f-250
ford,"f-250 utility super duty xl, heavy duty ladder rack!!",f-250
ford,f-250 xl regular cab,f-250
ford,f-250 xl supercab 4wd,f-250
ford,f-250sd lariat,f-250
ford,f-350 4wd drw 1owner rust free tx truck,f-350
ford,f-350 crane,f-350
ford,f-350 crew cab xlt 4x4,f-350
ford,f-350 sd xlt 4x4 dually cre,f-350
ford,f-350 super duty lariat 4x4,f-350
ford,f-350 super duty xl xl 4dr crew cab,f-350
ford,f-350 xl cab & chassis,f-350
ford,f-350 xlt power stroke,f-350
ford,f-350sd platinum fx4crew,f-350
ford,f-450 4x4 flatbed truck,f-450
ford,f-450 4x4 reg cab w/9' contractor dump,f-450
ford,f-450 crew cab xl 4x2 dump bed drw,f-450
ford,f-450 diesel - contractor body - utility box 6.0 bulletproof - low low miles,f-450
ford,f-450 dually lariat,f-450
ford,f-450 super duty 4x4,f-450
ford,f-550 11' utility truck,f-550
ford,f-550 4x2 ext-cab w/new 9' contractor dump,f-550
ford,f-550 4x2 reg cab new 9' crysteel contractor dump,f-550
ford,f-550 bucket truck,f-550
ford,f-640 dump,unknown
ford,f-650sd,f-650
ford,f-750 bucket truck,f-750
ford,f150 fx2,f-150
ford,f150 fx4 off road,f-150
ford,f150 lariat fx4 4x4 gas,f-150
ford,f150 lariat fx4 supercrew,f-150
ford,f150 limited 4wd,f-150
ford,f150 super cab 4x4,f-150
ford,f150 super crew 4x4 xlt,f-150
ford,f150 supercrew cab stx,f-150
ford,f150 supercrew fx4 4x4,f-150
ford,f150 supercrew king ranch,f-150
ford,f150 supercrew lariat,f-150
ford,f150 supercrew lariat 4x4,f-150
ford,f150 svt lightning,f-150
ford,f150 sxt,f-150
ford,f150 xlt 4x4 supercrew,f-150
ford,f150 xlt crew cab 4x4,f-150
ford,f150 xlt f-150,f-150
ford,f150 xlt lariat,f-150
ford,f150 xlt pickup,f-150
ford,f150 xlt supercab,f-150
ford,f150 xlt supercab styleside,f-150
ford,f150xl,f-150
ford,f250 4x4 diesel,f-250
ford,f250 7.3 diesel,f-250
ford,f250 camper special,f-250
ford,f250 deisel powerstroke 4x4,f-250
ford,f250 diesel powerstroke fx4,f-250
ford,f250 diesels power stroke,f-250
ford,f250 power stroke lariat,f-250
ford,f250 powerstroke diesel,f-250
ford,f250 ranger,f-250
ford,f250 super duty 6.2l,f-250
ford,f250 super duty crew,f-250
ford,f250 supercrew,f-250
ford,f250 turbo diesel,f-250
ford,f250 xlt 4x4 3/4 ton gas,f-250
ford,f250 xlt super duty,f-250
ford,f350 4 wd dull/4dr,f-350
ford,f350 4x4 diesel,f-350
ford,f350 7.3l diesel 4x4 crew,f-350
ford,f350 altec 35ft bucket,f-350
ford,f350 diesel dually,f-350
ford,f350 f250,f-350
ford,f350 lariat 4x4 diesel,f-350
ford,f350 super duty crew cab x,f-350
ford,f350 super duty drw,f-350
ford,f350 super duty lariat 4x4,f-350
ford,f350 super duty platinum,f-350
ford,f350 superduty,f-350
ford,f350 xl super duty,f-350
ford,f450 10' contactor utility,f-450
ford,f450 diesel power stroke,f-450
ford,f450 diesel powerstroke fx4,f-450
ford,f450 power stroke lariat,f-450
ford,f450 super duty crew cab & chassis,f-450
ford,f550 utility bucket truck,f-550
ford,f800 flatbed stakebed truck,f-800
ford,falcon sprint,falcon
ford,falcon wagon,falcon
ford,fiesta se automatic,fiesta
ford,fiesta se sedan,fiesta
ford,fiesta ses hatchback,fiesta
ford,flex limited sport,flex
ford,flex platinum,flex
ford,flex sel 3.5l awd suv,flex
ford,focus only 49k miles,focus
ford,focus se wagon,focus
ford,focus se!,focus
ford,focus sedan,focus
ford,focus sel hatchback 4d,focus
ford,focus sesedan,focus
ford,focus st turbo,focus
ford,focus wagon se,focus
ford,focus wagon zxw,focus
ford,focus zx5 s,focus
ford,freestar se,freestar
ford,freestar wagon,freestar
ford,freestyle 7 passenger,freestyle
ford,fusion sel 2.5l,fusion
ford,fusion sel awd,fusion
ford,galaxie skyliner,galaxie
ford,galaxy,galaxie
ford,galaxy ltd,galaxie
ford,lifted f150 fx4 4x4 1/2 ton,f-150
ford,lifted f150 svt raptor 4x4,f-150
ford,lifted f250 diesel lariat,f-250
ford,lifted f250 power stroke,f-250
ford,lifted f350 diesels xlt 4x4,f-350
ford,model a roadster,model a
ford,model b,model b
ford,mustang asc mclaren,mustang
ford,mustang bullitt coupe 2d,mustang
ford,mustang gt 2dr convertible,mustang
ford,mustang lx,mustang
ford,mustang lx 5.0,mustang
ford,mustang premium coupe,mustang
ford,mustang saleen,mustang
ford,mustang shelby,mustang
ford,mustang v6 deluxe,mustang
ford,panel,unknown
ford,panel truck,unknown
ford,ranchero 500,ranchero
ford,ranger lariat,ranger
ford,ranger xlt truck,ranger
ford,roadster pickup,unknown
ford,sedan police interceptor,taurus
ford,sort trac,explorer sport trac
ford,sterling l7500,l7500
ford,super duty f-250 6.2,f-250
ford,super duty f-250 srw lariat,f-250
ford,super duty f-250 xl,f-250
ford,super duty f-350 6.2,f-350
ford,super duty f-350 drw pickup,f-350
ford,super duty f-350 drw xl ut,f-350
ford,super duty f-450 drw laria,f-450
ford,taurus limited 4dr sedan,taurus
ford,taurus se w/ dual power seats,taurus
ford,taurus sel awd gas sedan,taurus
ford,tbird turbo coupe,thunderbird
ford,thunderbird premium,thunderbird
ford,thunderbird sc,thunderbird
ford,thunderbird turbo coupe,thunderbird
ford,torino gt convertible,torino
ford,transit 150 cargo,transit
ford,transit 150 xlt,transit
ford,"transit 250 high roof 148"" wb extended cargo van",transit
ford,transit 350 cargo,transit
ford,transit 350 wagon med. roof xlt w/sliding pass. 14,transit
ford,transit 350hd,transit
ford,transit 350hd box van,transit
ford,transit connect lwb cargo,transit connect
ford,transit passenger 350 xlt,transit
ford,transit t250 van,transit
ford,transit t350 xlt,transit
ford,transit-150,transit
ford,transit-250 base cargo,transit
ford,vicky,unknown
ford,windstar se,windstar
freightliner,freightliner m2,m2
freightliner,freightliner cascadia,cascadia
freightliner,freightliner m2 106 medium duty,m2
freightliner,freightliner m2 106,m2
freightliner,freightliner,unknown
freightliner,freightliner m line walk-in van,m-line
freightliner,freightliner m-line walk-in van,m-line
freightliner,freightliner fl70,fl70
freightliner,freightliner thomas,unknown
freightliner,freightliner business class m2,m2
freightliner,freightliner fl-80 dump truck 5.9 cummins,fl80
freightliner,freightliner sprinter,sprinter
freightliner,freightliner cascadia daycab,cascadia
freightliner,freightliner century,century
freightliner,freightliner columbia,columbia
freightliner,freightliner fl60,fl60
freightliner,freightliner sprinter 2500,sprinter
freightliner,freightliner mt45,mt45
freightliner,freightliner mt45 chassis,mt45
freightliner,freightliner m2 106 plow/ dump with sander,m2
freightliner,freightliner mt45 step van,mt45
freightliner,freightliner sprinter 3500,sprinter
freightliner,freightliner classic xl,classic
freightliner,freightliner m2 tandem,m2
freightliner,freightliner sprinter cargo van,sprinter
freightliner,freightliner 12 foot stepvan,unknown
freightliner,freightliner argosy,argosy
freightliner,freightliner cascadia 125,cascadia
freightliner,freightliner cascadia evolution,cascadia
freightliner,freightliner classic,classic
freightliner,freightliner coronado,coronado
freightliner,freightliner coronado sd 122,coronado
freightliner,freightliner f650 kodiak,unknown
freightliner,freightliner fl80,fl80
freightliner,freightliner m-2 knuckle boom truck,m2
freightliner,freightliner m2 bucket truck,m2
freightliner,freightliner m2 service utility truck,m2
freightliner,freightliner m2-106 sportchassis,m2
freightliner,freightliner m2106,m2
freightliner,freightliner step van,unknown
genesis,genesis g80 3.8 sedan 4d,g80
genesis,genesis g70 2.0t sedan 4d,g70
genesis,genesis g70 3.3t advanced sedan,g70
genesis,genesis g70 3.3t dynamic edition,g70
genesis,genesis g70 2.0t advanced sedan,g70
genesis,genesis g80,g80
genesis,genesis g70 3.3t sedan 4d,g70
genesis,genesis g80 5.0 sedan 4d,g80
genesis,genesis g70,g70
genesis,genesis g90 5.0 ultimate sedan,g90
genesis,genesis g90 3.3t premium sedan,g90
genesis,genesis g70 3.3t design edition,g70
genesis,genesis g80 3.8l,g80
genesis,genesis g90,g90
gmc,sierra 1500,sierra 1500
gmc,sierra,sierra 1500
gmc,acadia,acadia
gmc,sierra 2500hd,sierra 2500
gmc,yukon,yukon
gmc,terrain,terrain
gmc,yukon xl,yukon xl
gmc,sierra 1500 regular cab,sierra 1500
gmc,sierra 1500 extended cab slt,sierra 1500
gmc,yukon denali,yukon
gmc,sierra 1500 double cab sle,sierra 1500
gmc,sierra 1500 crew cab slt,sierra 1500
gmc,sierra 3500hd,sierra 3500
gmc,envoy,envoy
gmc,sierra 2500 hd double cab,sierra 2500
gmc,sierra 1500 double cab,sierra 1500
gmc,sierra 2500 hd extended cab,sierra 2500
gmc,sierra 1500 limited double,sierra 1500
gmc,sierra 1500 slt,sierra 1500
gmc,yukon slt sport utility 4d,yukon
gmc,canyon,canyon
gmc,acadia sle-2 sport utility,acadia
gmc,yukon slt,yukon
gmc,yukon xl denali,yukon xl
gmc,canyon crew cab sle pickup,canyon
gmc,savana,savana
gmc,sierra 1500 crew cab sle,sierra 1500
gmc,sierra 1500 sle,sierra 1500
gmc,acadia slt,acadia
gmc,terrain sle,terrain
gmc,sierra 2500,sierra 2500
gmc,savana cargo van,savana
gmc,acadia denali,acadia
gmc,acadia sle-1 sport utility,acadia
gmc,sierra 1500 regular cab work,sierra 1500
gmc,2500,sierra 2500
gmc,savana 2500,savana
gmc,sierra 2500hd denali,sierra 2500
gmc,sonoma,sonoma
gmc,sierra 1500 crew cab,sierra 1500
gmc,sierra 1500 denali,sierra 1500
gmc,terrain slt,terrain
gmc,sierra 2500hd available wifi,sierra 2500
gmc,sierra 3500,sierra 3500
gmc,terrain sle sport utility 4d,terrain
gmc,"gmc, ford, freightliner & more",unknown
gmc,savana commercial cutaway,savana
gmc,yukon xl 1500 denali sport,yukon xl
gmc,yukon xl slt,yukon xl
gmc,sierra 2500 hd crew cab,sierra 2500
gmc,acadia slt-2 sport utility,acadia
gmc,canyon extended cab pickup,canyon
gmc,c7500,topkick
gmc,sierra 2500 slt,sierra 2500
gmc,sierra diesel duramax 3500,sierra 3500
gmc,sierra 1500 denali 4x4 gas,sierra 1500
gmc,acadia slt sport utility 4d,acadia
gmc,c5500,topkick
gmc,savana cargo,savana
gmc,suburban,suburban
gmc,envoy xl,envoy
gmc,sierra 1500 double cab slt,sierra 1500
gmc,tc5500,topkick
gmc,acadia slt-1,acadia
gmc,canyon extended cab sle,canyon
gmc,sierra 2500hd sle,sierra 2500
gmc,yukon denali xl,yukon xl
gmc,acadia sle,acadia
gmc,savana 3500,savana
gmc,sierra 2500hd slt,sierra 2500
gmc,topkick,topkick
gmc,jimmy,jimmy
gmc,acadia denali sport utility,acadia
gmc,sierra 3500hd denali,sierra 3500
gmc,sierra denali,sierra 1500
gmc,sierra 1500 extended cab sle,sierra 1500
gmc,sierra 3500 denali,sierra 3500
gmc,envoy denali,envoy
gmc,sierra 2500 hd,sierra 2500
gmc,acadia slt-1 sport utility,acadia
gmc,acadia slt-2,acadia
gmc,terrain sle-1,terrain
gmc,3500,sierra 3500
gmc,envoy sle,envoy
gmc,safari,safari
gmc,sierra slt,sierra 1500
gmc,terrain denali,terrain
gmc,yukon denali awd,yukon
gmc,acadia sle awd,acadia
gmc,envoy slt,envoy
gmc,savana cutaway,savana
gmc,sierra 1500 sle 4x4,sierra 1500
gmc,sierra 3500hd sle,sierra 3500
gmc,sonoma sls,sonoma
gmc,yukon xl 1500,yukon xl
gmc,1500,sierra 1500
gmc,acadia awd,acadia
gmc,terrain sle-2,terrain
gmc,yukon denali sport utility,yukon
gmc,denali,unknown
gmc,sierra diesels duramax 3500,sierra 3500
gmc,sierra duramax 3500 hd 4x4,sierra 3500
gmc,terrain slt awd,terrain
gmc,terrain slt awd gas suv auto,terrain
gmc,yukon sle,yukon
gmc,acadia sle sport utility 4d,acadia
gmc,c4500,topkick
gmc,c8500,topkick
gmc,sierra 2500 denali,sierra 2500
gmc,sierra diesel durmax 3500 hd,sierra 3500
gmc,w4500,w4500
gmc,4500,topkick
gmc,savana passenger,savana
gmc,sierra 1500 at4 4x4 1/2 ton,sierra 1500
gmc,sierra 1500 crew 4x4,sierra 1500
gmc,sierra denali 4x4 crew,sierra 1500
gmc,yukon denali 4x4 gas suv,yukon
gmc,yukon slt 4x4,yukon
gmc,sierra 2500 lifted denali 6.6 duramax crew cab,sierra 2500
gmc,sierra 3500 duramax,sierra 3500
gmc,acadia denali awd,acadia
gmc,acadia limited,acadia
gmc,canyon regular cab,canyon
gmc,envoy slt 4x4,envoy
gmc,sierra 1500 4wd,sierra 1500
gmc,sierra 1500 elevation 4x4,sierra 1500
gmc,sierra 3500 slt,sierra 3500
gmc,sierra sle,sierra 1500
gmc,suburban 2500,suburban
gmc,1500 suburban,suburban
gmc,sierra 1500 4x4,sierra 1500
gmc,sierra 1500 at4,sierra 1500
gmc,sierra 1500 extended cab,sierra 1500
gmc,sierra 2500hd 4x4,sierra 2500
gmc,sierra at4,sierra 1500
gmc,1500 sierra,sierra 1500
gmc,2500 savana cargo,savana
gmc,acadia limited sport utility,acadia
gmc,sierra 1500 sle z71,sierra 1500
gmc,sierra 3500hd cc,sierra 3500
gmc,sierra sle crew cab short b,sierra 1500
gmc,terrain sle-1 awd! awd,terrain
gmc,terrain sle-2 awd,terrain
gmc,acadia slt awd,acadia
gmc,c5500 24 foot flatbed 8.1l gas,topkick
gmc,c6500,topkick
gmc,pickup,unknown
gmc,savana g2500,savana
gmc,sierra 1500 all terrain 4x4,sierra 1500
gmc,sierra 1500 slt 4x4,sierra 1500
gmc,sierra 1500 slt 4x4 1/2 ton,sierra 1500
gmc,sierra 3500 hd crew cab,sierra 3500
gmc,starcraft,unknown
gmc,yukon hybrid,yukon
gmc,yukon xl denali awd,yukon xl
gmc,2500 hd,sierra 2500
gmc,acadia sle-2,acadia
gmc,c5500 topkick,topkick
gmc,c8500 tandem dump truck,topkick
gmc,canyon crew cab slt pickup,canyon
gmc,canyon sle,canyon
gmc,savana g3500,savana
gmc,sierra 1500 sltextended,sierra 1500
gmc,sierra 3500 sle,sierra 3500
gmc,sierra diesel duramax 2500,sierra 2500
gmc,terrain sle-1 sport utility,terrain
gmc,terrain slt-1,terrain
gmc,terrain slt-2,terrain
gmc,truck,unknown
gmc,vandura 3500,vandura
gmc,yukon 4x4,yukon
gmc,2wd,unknown
gmc,acadia - new tires - third row seat - 8 seater -,acadia
gmc,c7500 dump truck,topkick
gmc,canyon crew cab pickup 4d 5,canyon
gmc,lifted sierra diesel duramax,sierra 2500
gmc,savana 2500 cargo,savana
gmc,sierra 1500 4x4 half ton gas,sierra 1500
gmc,sierra 3500 hd,sierra 3500
gmc,sierra hd,sierra 2500
gmc,vandura 2500,vandura
gmc,yukon 1500 slt - 4wd - new tires - rear camera -,yukon
gmc,yukon sle sport utility 4d,yukon
gmc,yukon xl denali 4x4,yukon xl
gmc,yukon xl slt 4x4,yukon xl
gmc,6500,topkick
gmc,box truck,unknown
gmc,canyon denali,canyon
gmc,envoy 4x4,envoy
gmc,envoy xuv,envoy
gmc,sierra 1500 at4 4x4 half ton,sierra 1500
gmc,sierra 1500 base,sierra 1500
gmc,sierra 1500 sle 4x4 half ton,sierra 1500
gmc,sierra 1500 slt 4x4 half ton,sierra 1500
gmc,sierra 2500hd classic,sierra 2500
gmc,sierra 3500 crew-cab dually,sierra 3500
gmc,sierra diesel durmax 2500,sierra 2500
gmc,sierra diesel durmax 3500,sierra 3500
gmc,sierra diesels duramax 2500,sierra 2500
gmc,sierra duramax 3500 denali,sierra 3500
gmc,sierra duramax 3500 hd slt,sierra 3500
gmc,sierra durmax 3500 hd 4x4,sierra 3500
gmc,sierra sle 3500,sierra 3500
gmc,yukon xl denali 2wd 4dr 1500,yukon xl
gmc,2500hd,sierra 2500
gmc,acadia sle-1,acadia
gmc,brigadier,brigadier
gmc,c1500,sierra 1500
gmc,caballero,caballero
gmc,canyon crew cab,canyon
gmc,canyon sle crew cab short b,canyon
gmc,canyon slt,canyon
gmc,envoy 4x4 xuv 5.3l v8 slt loaded low miles one owner,envoy
gmc,envoy sle 4wd,envoy
gmc,jimmy sle,jimmy
gmc,lifted sierra durmax 3500,sierra 3500
gmc,savana cargo 2500 3dr,savana
gmc,sierra 1500 4wd crew cab 143,sierra 1500
gmc,sierra 1500 4x4 1/2 ton gas,sierra 1500
gmc,sierra 1500 crew cab denali,sierra 1500
gmc,sierra 1500 sle 4x4 1/2 ton,sierra 1500
gmc,sierra 1500 z71,sierra 1500
gmc,sierra deisel duramax 2500,sierra 2500
gmc,sierra deisel duramax 3500,sierra 3500
gmc,sierra diesels durmax 3500,sierra 3500
gmc,sonoma sl,sonoma
gmc,suburban 1500,suburban
gmc,terrain sle awd,terrain
gmc,top kick,topkick
gmc,yukon xl slt 1500,yukon xl
gmc,1500 yukon slt,yukon
gmc,3500hd,sierra 3500
gmc,acadia slt1,acadia
gmc,c5500 bucket truck,topkick
gmc,canyon crew cab sle all,canyon
gmc,canyon denali 4x4 4dr crew c,canyon
gmc,canyon sle1,canyon
gmc,canyon slt 4x4 1/4 ton gas,canyon
gmc,denali 2500hd diesel sierra,sierra 2500
gmc,jimmy slt,jimmy
gmc,lifted sierra deisel duramax,sierra 2500
gmc,safari passenger,safari
gmc,savana 2500 cargo van,savana
gmc,sierra 1500 classic,sierra 1500
gmc,sierra 1500 crew cab sl,sierra 1500
gmc,sierra 1500 sl,sierra 1500
gmc,sierra 1500 sle double cab,sierra 1500
gmc,sierra 1500 sle/z71 monster,sierra 1500
gmc,sierra 1500 slt 4 wd,sierra 1500
gmc,sierra 1500 sltcrew cab,sierra 1500
gmc,sierra 1500 x31 4x4 half ton,sierra 1500
gmc,sierra 2500 4wd,sierra 2500
gmc,sierra 2500 hd all terrain,sierra 2500
gmc,sierra 2500 lifted denali diesel bds fully loaded,sierra 2500
gmc,sierra 2500 lifted denali diesel mlti view headsup power roof,sierra 2500
gmc,sierra 3500 lifted diesel 3500hd denali on 37s loaded 7k miles,sierra 3500
gmc,sierra denali 1500,sierra 1500
gmc,sierra diesel durmax 2500 hd,sierra 2500
gmc,sierra duramax 3500 hd all,sierra 3500
gmc,sierra sle z71 4x4,sierra 1500
gmc,terrain denali awd,terrain
gmc,terrain slt sport utility 4d,terrain
gmc,yukon slt 4x4 gas suv auto,yukon
gmc,yukon slt2 4wd v8,yukon
gmc,yukon xl 2500,yukon xl
gmc,acadia awd 4dr sle w/sle-2,acadia
gmc,acadia awd 4dr slt w/slt-2,acadia
gmc,acadia fwd 4dr sle,acadia
gmc,arcadia,acadia
gmc,c10,sierra 1500
gmc,envoy new sticker,envoy
gmc,kodiak 5500,topkick
gmc,lifted sierra duramax 2500,sierra 2500
gmc,new sierra 1500,sierra 1500
gmc,savanna,savana
gmc,"sierra 1500 4wd crew cab 143.5"" slt",sierra 1500
gmc,sierra 1500 crew denali,sierra 1500
gmc,"sierra 1500 ext cab 143.5"" wb 4wd slt",sierra 1500
gmc,sierra 1500 ext cab sle,sierra 1500
gmc,sierra 1500 sle z71 4x4,sierra 1500
gmc,sierra 1500 slt x31 4x4 gas,sierra 1500
gmc,sierra 1500 x31 4x4 1/2 ton,sierra 1500
gmc,sierra 2500 hd denali,sierra 2500
gmc,sierra 3500 all terrain,sierra 3500
gmc,sierra 3500hd slt,sierra 3500
gmc,sierra 4x4,sierra 1500
gmc,sierra deisel durmax 2500,sierra 2500
gmc,sierra deisel durmax 3500 hd,sierra 3500
gmc,sierra duramax 2500 hd 4x4,sierra 2500
gmc,sierra duramax 3500 hd at4,sierra 3500
gmc,sierra durmax 3500 denali,sierra 3500
gmc,sierra grande,sierra 1500
gmc,sierra k1500,sierra 1500
gmc,sierra sle 4x4,sierra 1500
gmc,sierra z71,sierra 1500
gmc,terrain awd,terrain
gmc,vandura,vandura
gmc,yukon 4wd 4dr 1500 sle,yukon
gmc,1 1/2 ton,unknown
gmc,1500 slt crew cab,sierra 1500
gmc,1500 yukon denali xl,yukon xl
gmc,2500 4x4,sierra 2500
gmc,7000,topkick
gmc,7500,topkick
gmc,acadia all terrain,acadia
gmc,acadia awd 4dr slt1,acadia
gmc,acadia awdsle1,acadia
gmc,acadia fwddenali,acadia
gmc,acadia fwdsle1,acadia
gmc,acadia fwdslt w/slt-1,acadia
gmc,acadia slt2,acadia
gmc,c6,unknown
gmc,c7000,topkick
gmc,canyon 4wd sle,canyon
gmc,canyon durmax slt 4x4 truck,canyon
gmc,canyon regular cab work,canyon
gmc,canyon sle crew 4x4,canyon
gmc,cargo van,unknown
gmc,custom,unknown
gmc,envoy xl 4x4,envoy
gmc,g3500 12' box truck,savana
gmc,jimmy 4x4,jimmy
gmc,k1500,sierra 1500
gmc,lifted sierra 1500 sle x31,sierra 1500
gmc,lifted sierra 1500 slt 4x4,sierra 1500
gmc,lifted sierra diesels durmax,sierra 2500
gmc,lifted sierra duramax 3500,sierra 3500
gmc,lifted sierra durmax 2500,sierra 2500
gmc,savana 2500 cargo van 3d,savana
gmc,savana 3500 box truck,savana
gmc,savana 3500 cargo van,savana
gmc,savanna 3500,savana
gmc,sierra 1500 *4x4 sle *4dr *crew cab 5.8 ft sb clean carfax *local *truck,sierra 1500
gmc,sierra 1500 sl extended,sierra 1500
gmc,sierra 1500 sle 4wd,sierra 1500
gmc,sierra 1500 slt z71,sierra 1500
gmc,sierra 2500 hd crew,sierra 2500
gmc,sierra 2500 sle,sierra 2500
gmc,sierra 2500hd denalicrew,sierra 2500
gmc,sierra 2500hd lbz duramax,sierra 2500
gmc,sierra 3500 denali lifted diesel moon roof nav camera cooled,sierra 3500
gmc,sierra 3500 hd slt duramax d,sierra 3500
gmc,sierra 3500hd 4x4 reg cab long box pickup,sierra 3500
gmc,"sierra 3500hd cc one owner, service work truck, 12ft flatbed!",sierra 3500
gmc,sierra 3500hd sle 4x4 4dr cr,sierra 3500
gmc,sierra c2500,sierra 2500
gmc,sierra duramax 2500 denali,sierra 2500
gmc,sierra durmax 2500 hd 4x4,sierra 2500
gmc,sierra durmax 2500 hd slt,sierra 2500
gmc,sierra durmax 3500 hd all,sierra 3500
gmc,sierra durmax 3500 hd slt,sierra 3500
gmc,sierra ex cab 1500,sierra 1500
gmc,sierra ext cab 4wd,sierra 1500
gmc,sierra ext cab z-71 4wd,sierra 1500
gmc,sierra slt crew cab short b,sierra 1500
gmc,sonoma sls ext cab,sonoma
gmc,tc8500,topkick
gmc,terrain sle2,terrain
gmc,terrain slt 4wd,terrain
gmc,van,unknown
gmc,w4,w4500
gmc,yukon 1500 slt 4x4 1/2 ton,yukon
gmc,yukon denali xl awd,yukon xl
gmc,yukon sle suv,yukon
gmc,yukon xl 1500 3rd row seat,yukon xl
gmc,yukon xl slt 1500 4x4suv,yukon xl
gmc,yukon xl slt 4x4 gas suv,yukon xl
harley-davidson,davidson,unknown
harley-davidson,davidson fltru / road gli,road glide
harley-davidson,davidson electra glide ul,electra glide
harley-davidson,davidson flhtc / electra,electra glide
harley-davidson,davidson heritage classi,heritage softail
harley-davidson,davidson road king,road king
harley-davidson,davidson rwd,unknown
harley-davidson,davidson sportster 1200 c,sportster
harley-davidson,davidson v-rod muscle,v-rod
hino,hino 268,268
hino,hino 338,338
hino,hino 195,195
hino,hino 268a,268
hino,hino 258,258
hino,hino 258lp,258
hino,hino,unknown
hino,hino 165,165
hino,hino 185,185
hino,hino 268 reefer box truck,268
honda,accord,accord
honda,civic,civic
honda,cr-v,cr-v
honda,odyssey,odyssey
honda,pilot,pilot
honda,civic lx,civic
honda,fit,fit
honda,civic ex,civic
honda,accord ex-l,accord
honda,accord lx,accord
honda,accord ex,accord
honda,crv,cr-v
honda,element,element
honda,odyssey ex-l,odyssey
honda,ridgeline,ridgeline
honda,civic si coupe 2d,civic
honda,cr-v ex-l,cr-v
honda,pilot ex-l,pilot
honda,hr-v,hr-v
honda,cr-v ex,cr-v
honda,accord sdn,accord
honda,accord sedan,accord
honda,civic sedan,civic
honda,civic si sedan 4d,civic
honda,ridgeline sport pickup 4d,ridgeline
honda,civic si,civic
honda,civic lx coupe 2d,civic
honda,accord sport,accord
honda,civic hybrid,civic
honda,civic type r touring,civic
honda,odyssey ex,odyssey
honda,fit sport hatchback 4d,fit
honda,civic sdn,civic
honda,fit sport,fit
honda,odyssey exl,odyssey
honda,crosstour ex-l sport,crosstour
honda,civic ex sedan 4d,civic
honda,civic lx sedan 4d,civic
honda,cr-v lx,cr-v
honda,crv ex,cr-v
honda,accord lx sedan 4d,accord
honda,civic coupe,civic
honda,odyssey touring,odyssey
honda,ridgeline rtl,ridgeline
honda,civic lx sedan,civic
honda,crosstour,crosstour
honda,pilot ex,pilot
honda,accord coupe,accord
honda,civic sport touring,civic
honda,pilot touring,pilot
honda,accord ex-l sedan 4d,accord
honda,accord se,accord
honda,crv ex awd,cr-v
honda,crv ex-l,cr-v
honda,ridgeline rtl pickup 4d 5,ridgeline
honda,civic ex-l,civic
honda,pilot ex-l sport utility,pilot
honda,accord sport sedan 4d,accord
honda,insight,insight
honda,pilot ex-l 4wd,pilot
honda,civic hatchback,civic
honda,cr-v ex sport utility 4d,cr-v
honda,odyssey ex-l minivan 4d,odyssey
honda,passport sport suv 4d,passport
honda,accord exl,accord
honda,accord 4-door sedan,accord
honda,element ex,element
honda,insight touring sedan 4d,insight
honda,passport,passport
honda,accord crosstour,crosstour
honda,accord touring sedan 4d,accord
honda,crv lx,cr-v
honda,element ex awd,element
honda,fit sport hatchback,fit
honda,accord ex-l v6,accord
honda,pilot exl,pilot
honda,acty,acty
honda,insight hybrid,insight
honda,prelude,prelude
honda,ridgeline rtl-t pickup 4d,ridgeline
honda,s2000,s2000
honda,accord ex-l coupe 2d,accord
honda,cr-z,cr-z
honda,crv lx awd,cr-v
honda,odyssey touring elite,odyssey
honda,accord touring,accord
honda,civic exl,civic
honda,crv ex-l awd,cr-v
honda,accord hybrid,accord
honda,cr-v ex-l sport utility 4d,cr-v
honda,odyssey lx,odyssey
honda,civic coupe ex,civic
honda,pilot lx sport utility 4d,pilot
honda,accord sedan lx,accord
honda,civic cpe,civic
honda,civic dx,civic
honda,civic ex coupe,civic
honda,civic ex sedan,civic
honda,crv awd,cr-v
honda,accord cpe,accord
honda,accord ex v6,accord
honda,accord lx sedan,accord
honda,accord lx-p,accord
honda,civic sedan lx,civic
honda,civic si coupe,civic
honda,fit lx hatchback 4d,fit
honda,civic sport,civic
honda,cr-v ex awd,cr-v
honda,fit lx,fit
honda,clarity plug-in hybrid,clarity
honda,cr-v lx sport utility 4d,cr-v
honda,hrv,hr-v
honda,ridgeline rtl 4wd,ridgeline
honda,accord ex w/honda sensing,accord
honda,accord sport se,accord
honda,cr-v ex-l awd,cr-v
honda,insight hybrid ex,insight
honda,accord sedan sport,accord
honda,civic touring sedan 4d,civic
honda,hr-v sport suv 4d,hr-v
honda,insight ex sedan 4d,insight
honda,pilot elite,pilot
honda,pilot touring awd,pilot
honda,accord hybrid sedan 4d,accord
honda,civic lx coupe,civic
honda,fit ex,fit
honda,odyssey 5dr ex-l,odyssey
honda,pilot lx,pilot
honda,accord ex coupe,accord
honda,accord ex-l coupe,accord
honda,accord sport se sedan 4d,accord
honda,beat,beat
honda,cr-v se awd,cr-v
honda,cr-z ex,cr-z
honda,element ex sport utility,element
honda,fit hatchback 4d,fit
honda,odyssey ex-l w/dvd w/navi,odyssey
honda,pilot ex 4wd,pilot
honda,pilot touring sport,pilot
honda,ridgeline rtl-e pickup 4d,ridgeline
honda,accord hybrid touring,accord
honda,cr-v ex-l w/navigation,cr-v
honda,cr-v touring sport utility,cr-v
honda,odyssey ex-l w/ dvd,odyssey
honda,accord crosstour ex-l,crosstour
honda,accord lx-s,accord
honda,accord sedan sport 1.5t,accord
honda,civic coupe lx,civic
honda,civic ex-t,civic
honda,civic natural gas sedan 4d,civic
honda,civic type r,civic
honda,crv all wheel drive lx,cr-v
honda,crv exl,cr-v
honda,hr-v ex,hr-v
honda,prelude si,prelude
honda,accord 2-door coupe,accord
honda,accord ex sedan,accord
honda,accord exl v6,accord
honda,civic si sedan,civic
honda,civic sport hatchback,civic
honda,civic sport hatchback 4d,civic
honda,cr-z ex coupe 2d,cr-z
honda,crv exl 4wd,cr-v
honda,crz,cr-z
honda,fit ex hatchback 4d,fit
honda,fit ex-l hatchback 4d,fit
honda,fit hatchback,fit
honda,passport ex-l sport,passport
honda,pilot exl 4wd,pilot
honda,accord cpe ex,accord
honda,civic lx sedan cvt,civic
honda,civic sedan ex,civic
honda,cr v,cr-v
honda,crv lx local trade,cr-v
honda,del sol,del sol
honda,insight ex,insight
honda,oddysey,odyssey
honda,"pilot ex-l awd, 3rd row seating",pilot
honda,pilot touring 4wd,pilot
honda,ridgeline black edition,ridgeline
honda,accord ex sedan 4d,accord
honda,accord lx special,accord
honda,accord lxsedan cvt,accord
honda,accord sedan ex,accord
honda,civic ex-l sedan 4d,civic
honda,civic sedan touring,civic
honda,clarity,clarity
honda,cr-v ex l w/navi 4dr suv,cr-v
honda,cr-v se sport utility 4d,cr-v
honda,crv ex 4wd,cr-v
honda,element sc,element
honda,fit sport automatic,fit
honda,odyssey ex-l w/dvd,odyssey
honda,passport elite sport,passport
honda,pilot awd,pilot
honda,ridgeline rt,ridgeline
honda,ridgeline rtl 4x4,ridgeline
honda,ridgeline rtl-e crew cab,ridgeline
honda,s2000 convertible 6 speed,s2000
honda,accord ex v-6,accord
honda,accord lx cvt,accord
honda,accord lxp,accord
honda,accord sdn lx,accord
honda,accord se 4dr sedan,accord
honda,accord sport 1.5t,accord
honda,civic ex fwd gas sedan,civic
honda,civic lx-s,civic
honda,civic sdn lx,civic
honda,cr-v awd,cr-v
honda,cr-v ex-l sport utility,cr-v
honda,cr-v lx 4wd,cr-v
honda,cr-v touring,cr-v
honda,crv touring suv,cr-v
honda,fit ex-l w/navigation,fit
honda,odyssey ex lmini van,odyssey
honda,pilot ex-l 4x4,pilot
honda,pilot ex-l awd,pilot
honda,accord crosstour ex-l awd,crosstour
honda,accord lx-p sedan at,accord
honda,accord sedan ex-l,accord
honda,accord sport 2.0t,accord
honda,accord sport special fwd,accord
honda,accord touring v6,accord
honda,civic del sol,del sol
honda,civic ex cpe,civic
honda,civic ex hatchback 4d,civic
honda,civic lx 4dr sedan 5a,civic
honda,civic lx fwd gas sedan,civic
honda,civic lx hatchback 4d,civic
honda,cr-v ex 4dr suv,cr-v
honda,cr-v ex 4wd,cr-v
honda,cr-v ex l 4dr suv,cr-v
honda,cr-v ex se,cr-v
honda,cr-v exl,cr-v
honda,cr-v lx 4wd 5-speed at,cr-v
honda,cr-v lx awd,cr-v
honda,cr-v special edition,cr-v
honda,crv cr-v 4wd,cr-v
honda,crv se,cr-v
honda,element ex 4wd at,element
honda,hr-v ex sport utility 4d,hr-v
honda,hr-v ex-l sport utility 4d,hr-v
honda,insight lx,insight
honda,odyssey elite minivan 4d,odyssey
honda,odyssey minivan,odyssey
honda,pilot 4wd,pilot
honda,pilot 4wd v6 touring,pilot
honda,pilot ex 4wd w/leather and navigatio,pilot
honda,pilot ex-l 4wd 5-spd at with navigat,pilot
honda,pilot ex-l w/res sport,pilot
honda,pilot exl awd,pilot
honda,pilot lx 4x4,pilot
honda,pilot se,pilot
honda,pilot touring w/navi,pilot
honda,ridgeline 4x4,ridgeline
honda,accord coupe ex-l,accord
honda,accord crosstou,crosstour
honda,accord ex fwd gas sedan,accord
honda,accord ex-l v-6 coupe at 5-speed automatic,accord
honda,accord lx sedan cvt,accord
honda,accord lxsedan,accord
honda,accord sdn ex-l,accord
honda,accord sedan lx 1.5t,accord
honda,civic coupe ex-l,civic
honda,civic ex hatchback,civic
honda,civic ex-l w/navigation,civic
honda,civic hybrid fwd sedan,civic
honda,civic lx se,civic
honda,civic lxs,civic
honda,civic sdn dx manual,civic
honda,civic se,civic
honda,civic sedan ex-l,civic
honda,civic sedan sport,civic
honda,civic sport coupe 2d,civic
honda,civic sport sedan 4d,civic
honda,"civic sport, loaded, reli",civic
honda,civic vp,civic
honda,cr-v 2wdlx,cr-v
honda,cr-v hybrid ex-l sport,cr-v
honda,cr-v se,cr-v
honda,crosstour ex-l,crosstour
honda,crv touring,cr-v
honda,crx si,crx
honda,element awd,element
honda,fit ex-l,fit
honda,hr-v ex-l w/navi,hr-v
honda,hr-v lx,hr-v
honda,hr-v lx sport utility 4d,hr-v
honda,integra type r,integra
honda,odessey ex-l,odyssey
honda,odyssey ex at,odyssey
honda,odyssey ex-l nav,odyssey
honda,odyssey ex-l w/ res,odyssey
honda,odyssey se,odyssey
honda,pilot elite sport utility,pilot
honda,ridgeline sport,ridgeline
honda,accord 3.0 6cyl vtec,accord
honda,accord 6cyl vtec,accord
honda,accord dx,accord
honda,accord ex 4cyl,accord
honda,accord ex coupe at,accord
honda,accord ex l,accord
honda,accord ex-l 2.4,accord
honda,accord ex-l cvt,accord
honda,accord ex-l navi,accord
honda,accord ex-l sedan,accord
honda,accord ex-l v6 sedan,accord
honda,accord ex-l w/navi,accord
honda,accord exl coupe,accord
honda,accord hybrid ex-l sedan,accord
honda,accord lx premium,accord
honda,accord se sedan,accord
honda,accord special edition,accord
honda,accord sport cvt,accord
honda,accord touring coupe 2d,accord
honda,accord touring fwd gas suv,accord
honda,accord v6,accord
honda,cbr650,cbr650
honda,cive se,civic
honda,civic cpe si,civic
honda,civic ex-l coupe,civic
honda,civic ex-l hatchback,civic
honda,civic ex-t coupe,civic
honda,civic ex-t coupe 2d,civic
honda,civic ex-t fwd,civic
honda,civic ex-t sedan cvt,civic
honda,civic gx,civic
honda,civic hybrid sdn l4 cvt,civic
honda,civic le se,civic
honda,civic lx sedan 5-speed,civic
honda,civic ngv w/navi,civic
honda,civic se sedan 4d,civic
honda,civic touring,civic
honda,civic touring coupe 2d,civic
honda,cr-v - ex,cr-v
honda,cr-v 4wd,cr-v
honda,cr-v awd ex-l,cr-v
honda,cr-v ex 4x4,cr-v
honda,cr-v ex awd 4dr suv,cr-v
honda,cr-v ex-l 4wd,cr-v
honda,cr-v touring awd,cr-v
honda,crv 4x4,cr-v
honda,crv cr-v,cr-v
honda,crv exl awd,cr-v
honda,crv exl fwd gas suv auto,cr-v
honda,crx,crx
honda,element ex 4wd,element
honda,element lx,element
honda,fit ex automatic,fit
honda,hr-v lx awd,hr-v
honda,hr-v touring sport utility,hr-v
honda,oddysey ex,odyssey
honda,odyssey ex l,odyssey
honda,odyssey ex-l minivan,odyssey
honda,passport touring sport,passport
honda,pilot ex awd,pilot
honda,pilot ex l w/dvd 4dr suv,pilot
honda,pilot ex sport utility 4d,pilot
honda,pilot ex-l w/honda sensing awd,pilot
honda,pilot ex-l w/navi,pilot
honda,pilot ex-l w/navi ex-l 4dr suv,pilot
honda,"pilot ex-l | 4wd, 3rd row",pilot
honda,pilot exl dvd 4wd,pilot
honda,pilot lx awd,pilot
honda,pilot se 4x4,pilot
honda,ridgeline rts,ridgeline
honda,sensing sedan cvt,unknown
hummer,hummer h2,h2
hummer,hummer h3,h3
hummer,hummer h2 sut,h2
hummer,hummer h1,h1
hummer,hummer h3 4dr 4wd suv,h3
hummer,hummer h2 lifted on 40s w/adventure & luxury packages,h2
hummer,hummer h2 4wd,h2
hummer,hummer h2 sut luxury,h2
hummer,hummer h3 alpha,h3
hummer,hummer h3 luxury edition,h3
hummer,hummer h3t,h3
hyundai,sonata,sonata
hyundai,elantra,elantra
hyundai,santa fe,santa fe
hyundai,tucson,tucson
hyundai,accent,accent
hyundai,veloster,veloster
hyundai,sonata se sedan 4d,sonata
hyundai,santa fe sport,santa fe
hyundai,genesis,genesis
hyundai,sonata gls,sonata
hyundai,elantra gls,elantra
hyundai,sonata sel sedan 4d,sonata
hyundai,elantra se,elantra
hyundai,sonata plug-in hybrid,sonata
hyundai,kona,kona
hyundai,accent se sedan 4d,accent
hyundai,sonata hybrid,sonata
hyundai,elantra gt,elantra
hyundai,genesis coupe 3.8 2d,genesis coupe
hyundai,genesis 3.8 sedan 4d,genesis
hyundai,sonata se,sonata
hyundai,santa fe sport utility,santa fe
hyundai,veloster n coupe 3d,veloster
hyundai,sonata limited,sonata
hyundai,santa fe gls,santa fe
hyundai,santa fe limited,santa fe
hyundai,sonata eco sedan 4d,sonata
hyundai,accent se,accent
hyundai,tucson gls,tucson
hyundai,sonata sport sedan 4d,sonata
hyundai,veracruz,veracruz
hyundai,sonata sel plus sedan 4d,sonata
hyundai,azera,azera
hyundai,elantra sel,elantra
hyundai,ioniq plug-in hybrid,ioniq
hyundai,accent gls,accent
hyundai,elantra limited,elantra
hyundai,genesis coupe,genesis coupe
hyundai,equus,equus
hyundai,santa fe sport 2.4l,santa fe
hyundai,elantra se sedan 4d,elantra
hyundai,genesis coupe 2.0t,genesis coupe
hyundai,equus signature sedan 4d,equus
hyundai,genesis 3.8l,genesis
hyundai,santa fe 2.4 sel sport,santa fe
hyundai,tucson limited,tucson
hyundai,accent gs,accent
hyundai,entourage,entourage
hyundai,sonata 2.4l,sonata
hyundai,sonata hybrid limited,sonata
hyundai,veloster turbo,veloster
hyundai,santa fe 2.4 se sport,santa fe
hyundai,veloster coupe 3d,veloster
hyundai,elantra gt hatchback 4d,elantra
hyundai,azera limited,azera
hyundai,tucson se,tucson
hyundai,sonata gls pzev,sonata
hyundai,santa fe sport 2.0t,santa fe
hyundai,santa fe sport awd,santa fe
hyundai,sonata limited sedan 4d,sonata
hyundai,santa fe se,santa fe
hyundai,tiburon gt,tiburon
hyundai,elantra gls pzev,elantra
hyundai,elantra touring,elantra
hyundai,tucson sel,tucson
hyundai,azera sedan 4d,azera
hyundai,elantra coupe,elantra
hyundai,ioniq hybrid sel,ioniq
hyundai,tiburon,tiburon
hyundai,sonata 2.4l se,sonata
hyundai,sonata sport,sonata
hyundai,sonata gls 4dr sedan,sonata
hyundai,tucson se awd,tucson
hyundai,veracruz limited,veracruz
hyundai,elantra limited sedan 4d,elantra
hyundai,santa fe xl se sport,santa fe
hyundai,equus signature,equus
hyundai,ioniq hybrid,ioniq
hyundai,palisade sel sport,palisade
hyundai,tucson se sport utility,tucson
hyundai,venue sel sport utility,venue
hyundai,elantra limited pzev,elantra
hyundai,genesis 3.8,genesis
hyundai,kona se,kona
hyundai,santa fe gls awd,santa fe
hyundai,sonata gls sedan 4d,sonata
hyundai,tucson se awd gas suv,tucson
hyundai,accent value edition,accent
hyundai,genesis coupe 3.8,genesis coupe
hyundai,genesis coupe 3.8 track,genesis coupe
hyundai,kona electric ultimate,kona
hyundai,santa fe 2.0t limited,santa fe
hyundai,santa fe 2.4 ultimate,santa fe
hyundai,elantra gls 4dr sedan,elantra
hyundai,elantra gt hatchback,elantra
hyundai,ioniq electric,ioniq
hyundai,palisade se sport,palisade
hyundai,santa fe awd,santa fe
hyundai,santa fe se sport,santa fe
hyundai,sonata 2.4l limited,sonata
hyundai,sonata limited 2.0t,sonata
hyundai,tucson eco sport utility,tucson
hyundai,tucson limited sport,tucson
hyundai,tucson sport suv 4d,tucson
hyundai,veloster hatchback,veloster
hyundai,veloster turbo r-spec,veloster
hyundai,elantra sesedan 6a,elantra
hyundai,elantra value edition,elantra
hyundai,genesis 4.6 sedan 4d,genesis
hyundai,ioniq,ioniq
hyundai,santa fe 2.0t sel sport,santa fe
hyundai,santa fe 2.4 limited,santa fe
hyundai,santa fe se awd,santa fe
hyundai,sante fe,santa fe
hyundai,tucson limited awd,tucson
hyundai,tucson value,tucson
hyundai,tuscon,tucson
hyundai,veloster turbo coupe 3d,veloster
hyundai,xg350,xg350
hyundai,accent hatchback,accent
hyundai,elantra se 4dr sedan,elantra
hyundai,ioniq hybrid limited,ioniq
hyundai,kona ultimate sport,kona
hyundai,santa fe limited awd,santa fe
hyundai,tiburon gt v6,tiburon
hyundai,tucson gls pzev,tucson
hyundai,accent sedan,accent
hyundai,elantra gls sedan,elantra
hyundai,elantra gt fwd gas auto,elantra
hyundai,entourage gls,entourage
hyundai,entourage limited,entourage
hyundai,genesis 3.8l v6,genesis
hyundai,ioniq electric limited,ioniq
hyundai,"santa fe se awd, w/ lane keeping assist",santa fe
hyundai,santa fe sel awd gas suv,santa fe
hyundai,santa fe sport awd gas,santa fe
hyundai,santa fe sport sport,santa fe
hyundai,santa fe suv,santa fe
hyundai,sonata sel,sonata
hyundai,tucson gl sport,tucson
hyundai,tucson gls sport utility,tucson
hyundai,tucson sport,tucson
hyundai,accent gls 4dr sedan,accent
hyundai,elantra fwd gas sedan,elantra
hyundai,elantra gls 4dr sedan 6,elantra
hyundai,elantra se 6at,elantra
hyundai,elantra sel auto,elantra
hyundai,elantra sesedan 6a (us,elantra
hyundai,elantra sport sedan 4d,elantra
hyundai,elantra touring se,elantra
hyundai,elantra touring wagon,elantra
hyundai,equus ultimate,equus
hyundai,genesis 4.6,genesis
hyundai,kona sel,kona
hyundai,palisade limited sport,palisade
hyundai,santa fe 2.0t ultimate,santa fe
hyundai,santa fe 2.4 sel plus,santa fe
hyundai,santa fe limited sport,santa fe
hyundai,santa fe sel,santa fe
hyundai,santa fe sesuv 6a,santa fe
hyundai,santa fe sport 2.0t auto awd,santa fe
hyundai,santa fe ultimate 2.0,santa fe
hyundai,sonata 2.4l sport,sonata
hyundai,sonata gl,sonata
hyundai,sonata glssedan 6a,sonata
hyundai,sonata hybrid se sedan,sonata
hyundai,sonata se 4dr sedan,sonata
hyundai,sonata sedan 4d,sonata
hyundai,sonata sport 2.0t sedan,sonata
hyundai,tuscan,tucson
hyundai,veloster base 3dr coupe,veloster
hyundai,veloster value edition,veloster
hyundai,venue,venue
hyundai,venue se sport utility,venue
hyundai,xc350l,xg350
hyundai,accent gs fwd gas auto,accent
hyundai,accent se hatchback 4d,accent
hyundai,azera limited 4dr sedan,azera
hyundai,azera limited sedan 4d,azera
hyundai,azera se,azera
hyundai,elantra coupe gs pzev,elantra
hyundai,elantra glssedan,elantra
hyundai,elantra gs coupe,elantra
hyundai,elantra gt n-line,elantra
hyundai,elantra gt sport,elantra
hyundai,elantra only 16k miles,elantra
hyundai,elantra sel sedan 4d,elantra
hyundai,elantra sport,elantra
hyundai,elantra tourning,elantra
hyundai,elantra value edition ivt,elantra
hyundai,elentra,elantra
hyundai,genesis 3.8l v6 4d sedan,genesis
hyundai,genesis 5.0 sedan 4d,genesis
hyundai,ioniq electric hatchback,ioniq
hyundai,ioniq hybrid blue,ioniq
hyundai,ioniq hybrid hatchback,ioniq
hyundai,kona sel plus sport,kona
hyundai,kona sel sport utility,kona
hyundai,palisade,palisade
hyundai,palisade limited,palisade
hyundai,santa fe fwd,santa fe
hyundai,sonata 4dr sdn 2.4l sport,sonata
hyundai,sonata gls auto,sonata
hyundai,sonata hybrid limited 2.0l w/blue pearl interior,sonata
hyundai,sonata hybrid sedan,sonata
hyundai,sonata sdn 2.4l auto,sonata
hyundai,tucson fwd 4dr se,tucson
hyundai,tucson gl,tucson
hyundai,tucson night,tucson
hyundai,veloster 2.0,veloster
hyundai,veloster w/ 3rd door,veloster
hyundai,veloster w/black int,veloster
hyundai,veracruz gls,veracruz
hyundai,xg300,xg350
hyundai,xg350 l,xg350
hyundai,xg350l,xg350
infiniti,qx60 3.5 sport utility,qx60
infiniti,qx50 sport utility 4d,qx50
infiniti,g35,g
infiniti,q50,q50
infiniti,qx56,qx56
infiniti,qx60 luxe sport utility,qx60
infiniti,g37,g
infiniti,qx60,qx60
infiniti,q50 3.0t luxe sedan 4d,q50
infiniti,qx80,qx80
infiniti,fx35,fx
infiniti,qx50 luxe sport utility,qx50
infiniti,q50 3.0t sport sedan 4d,q50
infiniti,q60 3.0t premium coupe,q60
infiniti,g g37 sport coupe 2d,g
infiniti,m35,m
infiniti,qx60 pure sport utility,qx60
infiniti,q60 3.0t luxe coupe 2d,q60
infiniti,qx50,qx50
infiniti,m37,m
infiniti,q70 3.7 sedan 4d,q70
infiniti,g g37x sedan 4d,g
infiniti,g g37 journey sedan 4d,g
infiniti,g37 sedan,g
infiniti,qx80 sport utility 4d,qx80
infiniti,q60 2.0t coupe 2d,q60
infiniti,g g37 convertible 2d,g
infiniti,q60 red sport 400 coupe,q60
infiniti,qx70,qx70
infiniti,g37x,g
infiniti,ex35,ex
infiniti,jx jx35 sport utility,jx
infiniti,jx35,jx
infiniti,qx50 essential sport,qx50
infiniti,q60,q60
infiniti,q60 3.0t sport coupe 2d,q60
infiniti,g35 sedan,g
infiniti,q70 3.7 luxe sedan 4d,q70
infiniti,i35,i
infiniti,qx80 limited sport,qx80
infiniti,g35x,g
infiniti,m35x,m
infiniti,qx30,qx30
infiniti,q50 red sport 400 sedan,q50
infiniti,g37x awd luxury car,g
infiniti,m45,m
infiniti,q50 3.7 premium sedan,q50
infiniti,q70,q70
infiniti,qx30 premium sport,qx30
infiniti,qx80 signature sport,qx80
infiniti,g37 sedan x,g
infiniti,qx4,qx4
infiniti,qx70 3.7 sport utility,qx70
infiniti,g37 coupe,g
infiniti,g37x awd,g
infiniti,q50 premium,q50
infiniti,q70 l 3.7 sedan 4d,q70
infiniti,fx45,fx
infiniti,g35 coupe,g
infiniti,g,g
infiniti,g g37x coupe 2d,g
infiniti,q50 3.0t signature,q50
infiniti,qx56 4x4,qx56
infiniti,fx fx35 sport utility,fx
infiniti,fx37,fx
infiniti,i30,i
infiniti,q45,q45
infiniti,g35x awd,g
infiniti,fx35 awd,fx
infiniti,m37x,m
infiniti,q50 3.0t luxe,q50
infiniti,qx60 awd,qx60
infiniti,fx,fx
infiniti,g35xs,g
infiniti,jx35 awd,jx
infiniti,q40 sedan 4d,q40
infiniti,q50 s,q50
infiniti,q50 sport,q50
infiniti,g 37,g
infiniti,g ipl coupe 2d,g
infiniti,m35x awd,m
infiniti,q40,q40
infiniti,q50 2.0t luxe sedan 4d,q50
infiniti,q50 2.0t pure sedan 4d,q50
infiniti,qx50 autograph sport,qx50
infiniti,qx80 awd,qx80
infiniti,ex35 journey,ex
infiniti,fx-35 awd,fx
infiniti,g25,g
infiniti,g25x,g
infiniti,g37 convertible,g
infiniti,g37s,g
infiniti,m,m
infiniti,m m37 sedan 4d,m
infiniti,q70l,q70
infiniti,qx 60,qx60
infiniti,qx qx56 sport utility,qx56
infiniti,qx50 pure sport utility,qx50
infiniti,qx80 luxe sport utility,qx80
infiniti,fx fx37 sport utility,fx
infiniti,g sedan,g
infiniti,g20,g
infiniti,g35 journey,g
infiniti,g37s coupe,g
infiniti,m m37x sedan 4d,m
infiniti,q50 3.0t premium sedan,q50
infiniti,q50 3.7 sedan 4d,q50
infiniti,qx30 luxury sport,qx30
infiniti,g 35,g
infiniti,jx,jx
infiniti,q50 hybrid,q50
infiniti,q50 hybrid luxe sedan,q50
infiniti,q50 premium awd,q50
infiniti,q50s,q50
infiniti,q50s sport awd,q50
infiniti,qx56 8-passenger,qx56
infiniti,qx56 theater pkg7-,qx56
infiniti,qx60 base,qx60
infiniti,qx60 luxe,qx60
infiniti,qx70 awd,qx70
infiniti,ex ex35 sport utility,ex
infiniti,g 37c,g
infiniti,g ipl convertible 2d,g
infiniti,g35x sedan,g
infiniti,g37 sedan journey,g
infiniti,q50 3.0t premium awd,q50
infiniti,q60 2.0t premium coupe,q60
infiniti,q60 3.0t pure coupe 2d,q60
infiniti,qx30 essential sport,qx30
infiniti,qx30 sport suv 4d,qx30
infiniti,qx50 sensory sport,qx50
infiniti,qx56 4wd,qx56
infiniti,ex,ex
infiniti,ex 35,ex
infiniti,fx 35,fx
infiniti,fx35 base,fx
infiniti,g sedan g37x awd,g
infiniti,g25 sedan,g
infiniti,g35 135i 335i 335is gti,g
infiniti,g35s,g
infiniti,g37 sport,g
infiniti,g37 x,g
infiniti,g37xs,g
infiniti,i30 limited,i
infiniti,i35 luxury,i
infiniti,m37 x,m
infiniti,q50 2.0t awd,q50
infiniti,q50 3.0t pure sedan 4d,q50
infiniti,q70 l 3.7 luxe sedan 4d,q70
infiniti,qx 56,qx56
infiniti,qx50 awd,qx50
infiniti,qx50 journey,qx50
infiniti,qx80 limited,qx80
international,international 4300,4300
international,international terrastar,terrastar
international,international,unknown
international,international 4700,4700
international,international prostar,prostar
international,international 4400,4400
international,international hybrid 4300,4300
international,international 4900,4900
international,international water truck,unknown
international,international 7400,7400
international,international durastar 4300,4300
international,international school bus,unknown
international,international 7300,7300
international,international 7500,7500
international,international 3000,3000
international,international 4300 bucket truck,4300
international,international 4300 dt466,4300
international,international durastar 4200,4200
international,international workstar 7400,7400
international,international bus,unknown
international,international *coming soon* 2006 at-40c bucket truck,unknown
international,international 4200,4200
international,international 4300 -,4300
international,international 4300 reg cab w/ 12' flat-bed,4300
international,international 4400 hr 46m hi-ranger bucket truck,4400
international,international 4900 dump truck,4900
international,international 4600,4600
international,international 4700 dump,4700
international,international cf500,cf500
international,international durastar,durastar
international,international harvester,unknown
international,international ic,unknown
international,international maxxforce,unknown
international,international prostar+,prostar
international,international scout,scout
international,international 4000,4000
international,international 4200 vt365,4200
international,international 4300 dump,4300
international,international 4300 durastar,4300
international,international 4700 dt466e,4700
international,international 7300 bucket truck,7300
international,international 8600,8600
international,international 9200i,9200
international,international altec bucket truck,unknown
international,international box truck,unknown
isuzu,isuzu npr,npr
isuzu,isuzu npr hd,npr
isuzu,isuzu npr hd gas reg,npr
isuzu,isuzu nqr,nqr
isuzu,isuzu npr hd gas crew,npr
isuzu,isuzu npr box truck,npr
isuzu,isuzu trooper,trooper
isuzu,isuzu nrr,nrr
isuzu,isuzu dsl reg at,unknown
isuzu,isuzu npr hd reg,npr
isuzu,isuzu rodeo,rodeo
isuzu,isuzu,unknown
isuzu,isuzu npr hd boxtruck,npr
isuzu,isuzu ascender,ascender
isuzu,isuzu nrr/npr box truck 16 ft su,nrr
isuzu,isuzu nrr box truck,nrr
isuzu,isuzu vehicross,vehicross
isuzu,isuzu hombre,hombre
isuzu,isuzu npr xd,npr
isuzu,isuzu npr-hd,npr
isuzu,isuzu npr/npr-hd,npr
isuzu,isuzu rodeo 4x4,rodeo
isuzu,isuzu rodeo ls,rodeo
isuzu,isuzu rodeo/amigo,rodeo
isuzu,isuzu trooper ls,trooper
jaguar,e-pace p250 se sport,e-pace
jaguar,xf 20d premium sedan 4d,xf
jaguar,e-pace p300 r-dynamic se,e-pace
jaguar,xf,xf
jaguar,e-pace p250 sport utility,e-pace
jaguar,xj,xj
jaguar,xe 25t premium sedan 4d,xe
jaguar,f-pace,f-pace
jaguar,xe 20d sedan 4d,xe
jaguar,x-type,x-type
jaguar,e-pace p250 s sport,e-pace
jaguar,f-pace 35t premium sport,f-pace
jaguar,s-type,s-type
jaguar,xf 35t premium sedan 4d,xf
jaguar,xj xjl portfolio sedan 4d,xj
jaguar,xj8,xj
jaguar,e-pace p300 r-dynamic s,e-pace
jaguar,xk8,xk
jaguar,xj6,xj
jaguar,f-pace 25t premium sport,f-pace
jaguar,xk8 convertible v8,xk
jaguar,xe 25t sedan 4d,xe
jaguar,xk8 convertible,xk
jaguar,f-pace 20d premium sport,f-pace
jaguar,xe 35t r-sport sedan 4d,xe
jaguar,xk,xk
jaguar,f-pace 35t r-sport suv 4d,f-pace
jaguar,xf portfolio sedan 4d,xf
jaguar,f-pace 20d prestige sport,f-pace
jaguar,f-type,f-type
jaguar,xe 25t prestige sedan 4d,xe
jaguar,xe 35t prestige sedan 4d,xe
jaguar,xjl,xj
jaguar,f-pace 25t sport utility,f-pace
jaguar,xe,xe
jaguar,xjs,xjs
jaguar,f-type v8 s convertible,f-type
jaguar,f-type convertible 2d,f-type
jaguar,f-pace 25t prestige sport,f-pace
jaguar,xe p300 r-dynamic s sedan,xe
jaguar,xf 35t r-sport sedan 4d,xf
jaguar,xe 35t premium sedan 4d,xe
jaguar,xj8l,xj
jaguar,e-pace,e-pace
jaguar,xj-series,xj
jaguar,xjs convertible,xjs
jaguar,xj6 vanden plas,xj
jaguar,s type,s-type
jaguar,x type,x-type
jaguar,xf 20d sedan 4d,xf
jaguar,xf i4 rwd,xf
jaguar,f-type 2.0 296 hp coupe,f-type
jaguar,f-type coupe 2d,f-type
jaguar,vanden plas,xj
jaguar,xf s sedan 4d,xf
jaguar,xjr,xj
jaguar,ftype s british design,f-type
jaguar,xe 25t,xe
jaguar,xe 35t first edition,xe
jaguar,xf 3.0 l,xf
jaguar,xf portfolio sport,xf
jaguar,xj sedan 4d,xj
jaguar,xj xjl,xj
jaguar,f-type r 2dr convertibl,f-type
jaguar,s-type r,s-type
jaguar,xe 35t premium,xe
jaguar,xe navigation 1-owner 30m,xe
jaguar,xf approved certified,xf
jaguar,xf sedan 4d,xf
jaguar,xj12,xj
jaguar,xj6 vanden plas majestic,xj
jaguar,xj8 l,xj
jaguar,xj8 vanden plas,xj
jaguar,xjl portfolio,xj
jaguar,xjr supercharged,xj
jaguar,xk convertible 2d,xk
jaguar,xk series,xk
jaguar,xke,e-type
jaguar,xkr,xk
jaguar,xkr convertible,xk
jeep,wrangler,wrangler
jeep,grand cherokee,grand cherokee
jeep,wrangler unlimited,wrangler
jeep,cherokee,cherokee
jeep,liberty,liberty
jeep,patriot,patriot
jeep,compass,compass
jeep,wrangler unlimited sport,wrangler
jeep,wrangler unlimited sahara,wrangler
jeep,renegade,renegade
jeep,wrangler sport suv 2d,wrangler
jeep,wrangler unlimited rubicon,wrangler
jeep,wrangler unlimited all new,wrangler
jeep,grand cherokee laredo,grand cherokee
jeep,grand cherokee limited,grand cherokee
jeep,wrangler sport,wrangler
jeep,gladiator,gladiator
jeep,grand cherokee laredo sport,grand cherokee
jeep,commander,commander
jeep,grand cherokee limited 4x4,grand cherokee
jeep,wrangler rubicon,wrangler
jeep,patriot sport,patriot
jeep,renegade sport suv 4d,renegade
jeep,wrangler sahara,wrangler
jeep,grand cherokee laredo 4x4,grand cherokee
jeep,liberty sport,liberty
jeep,wrangler rubicon sport,wrangler
jeep,grand cherokee trailhawk,grand cherokee
jeep,cj5,cj
jeep,wrangler unlimited sport s,wrangler
jeep,cherokee latitude,cherokee
jeep,wrangler unlimited willys,wrangler
jeep,wrangler sport s utility 2d,wrangler
jeep,liberty sport 4x4,liberty
jeep,wrangler unlimi,wrangler
jeep,compass sport,compass
jeep,wrangler x,wrangler
jeep,compass latitude,compass
jeep,renegade latitude,renegade
jeep,grand cherokee overland,grand cherokee
jeep,wrangler jk unlimited,wrangler
jeep,liberty limited,liberty
jeep,cj7,cj
jeep,patriot latitude,patriot
jeep,cherokee sport,cherokee
jeep,cherokee latitude plus,cherokee
jeep,wrangler all new rubicon,wrangler
jeep,wrangler jk,wrangler
jeep,cherokee limited,cherokee
jeep,liberty 4x4,liberty
jeep,gladiator sport pickup 4d 5,gladiator
jeep,grand cherokee laredo 4wd,grand cherokee
jeep,grand cherokee overland 4x4,grand cherokee
jeep,renegade sport,renegade
jeep,wrangler s,wrangler
jeep,renegade trailhawk,renegade
jeep,compass limited,compass
jeep,renegade latitude sport,renegade
jeep,wrangler yj,wrangler
jeep,patriot 4x4,patriot
jeep,lifted wrangler unlimited,wrangler
jeep,grand wagoneer,grand wagoneer
jeep,cherokee trailhawk,cherokee
jeep,j10,j10
jeep,cj-7,cj
jeep,grand cherokee 4x4,grand cherokee
jeep,patriot sport 4x4,patriot
jeep,wrangler unlimited sahara lifted,wrangler
jeep,compass 4x4,compass
jeep,grand cherokee limited 4wd,grand cherokee
jeep,wrangler tj,wrangler
jeep,cherokee sport 4x4,cherokee
jeep,cherokee trailhawk 4x4 gas,cherokee
jeep,commander limited,commander
jeep,grand cherokee summit,grand cherokee
jeep,renegade altitude sport,renegade
jeep,renegade limited,renegade
jeep,wrangler 4x4,wrangler
jeep,wrangler sahara sport,wrangler
jeep,liberty 4wd 4dr sport,liberty
jeep,liberty limited 4x4,liberty
jeep,patriot latitude 4x4,patriot
jeep,cherokee latitude 4x4,cherokee
jeep,comanche,comanche
jeep,grand cherokee limited x,grand cherokee
jeep,wrangler unlimited 4x4,wrangler
jeep,wrangler unlimited x,wrangler
jeep,cherokee trailhawk sport,cherokee
jeep,grand cherokee srt8,grand cherokee
jeep,"wrangler unlimited rubicon local trade* terra fles sport lift*37"" nitto trail grabblers*17"" kmc xd beadlock wheels* x2o winch* steel bumpers*led lights* never off roaded",wrangler
jeep,patriot limited,patriot
jeep,willys,willys
jeep,wrangler sport 4x4,wrangler
jeep,wrangler unlmited sahara,wrangler
jeep,liberty sport 4wd,liberty
jeep,renegade latitude 4x4 gas,renegade
jeep,wrangler golden eagle (jk),wrangler
jeep,wrangler jk unlimited sport,wrangler
jeep,cherokee limited 4x4,cherokee
jeep,grand cherokee laredo 4x4 1owner well maint*new wheels*deliver 2u,grand cherokee
jeep,patriot high altitude,patriot
jeep,renegade upland edition,renegade
jeep,all-new wrangler unlimited,wrangler
jeep,cherokee limited 4x4 gas,cherokee
jeep,compass latitude sport,compass
jeep,grand cherokee srt,grand cherokee
jeep,renegade limited 4x4 gas,renegade
jeep,wrangler 4x4 sport,wrangler
jeep,wrangler unlimited sahara 4dr hardtop,wrangler
jeep,cherokee latitude sport,cherokee
jeep,cj-5,cj
jeep,compass trailhawk,compass
jeep,gladiator overland,gladiator
jeep,grand cherokee laredo e,grand cherokee
jeep,liberty limited 4wd,liberty
jeep,lifted wrangler sport 4x4,wrangler
jeep,patriot sport suv 4d,patriot
jeep,wagoneer,wagoneer
jeep,wrangler sahara unlimited,wrangler
jeep,wrangler sport 4x4 gas suv,wrangler
jeep,compass high altitude,compass
jeep,lifted grand cherokee 4x4,grand cherokee
jeep,rubicon,wrangler
jeep,wrangler all new sport suv,wrangler
jeep,wrangler moab,wrangler
jeep,wrangler rubicon unlimited,wrangler
jeep,commander limited 4x4,commander
jeep,compass latitude 4x4,compass
jeep,compass latitude fwd gas,compass
jeep,compass limited 4x4,compass
jeep,grand cherokee limited automatic,grand cherokee
jeep,grand cherokee overland 4wd,grand cherokee
jeep,patriot sport 4wd,patriot
jeep,wrangler / tj,wrangler
jeep,wrangler 4wd 2dr sport,wrangler
jeep,wrangler sahara 4x4,wrangler
jeep,wrangler sport unlimited,wrangler
jeep,wrangler unlimited 75th 4x4,wrangler
jeep,cherokee 4x4,cherokee
jeep,cherokee latitude 4wd,cherokee
jeep,cherokee trailhawk 4wd,cherokee
jeep,cherokee xj,cherokee
jeep,commander 4x4,commander
jeep,compass 4wd 4dr sport,compass
jeep,gladiator rubicon,gladiator
jeep,liberty renegade,liberty
jeep,patriot sport se,patriot
jeep,renegade bad credit,renegade
jeep,wrangler sahara (jk) sport,wrangler
jeep,wrangler tj sport,wrangler
jeep,cherokee laredo,cherokee
jeep,cherokee limited sport,cherokee
jeep,cherokee overland,cherokee
jeep,compass latitude 4x4 gas,compass
jeep,grand cherokee 4wd,grand cherokee
jeep,grand cherokee altitude,grand cherokee
jeep,grand cherokee srt 4x4 gas,grand cherokee
jeep,grand+cherokee,grand cherokee
jeep,liberty crd,liberty
jeep,liberty sport 4+4,liberty
jeep,liberty sport suv 4d,liberty
jeep,patriot high altitude 4x4,patriot
jeep,patriot sport suv 4x4,patriot
jeep,renegade limited 4x4,renegade
jeep,scrambler,cj
jeep,wrangler 2dr sport,wrangler
jeep,wrangler rubicon 392,wrangler
jeep,wrangler unlimi sahara,wrangler
jeep,cherokee latitude 4 x 4,cherokee
jeep,cherokee sport fwd gas suv,cherokee
jeep,cherokee trailhawk 4wd v6,cherokee
jeep,compass limited sport,compass
jeep,compass sport 4x4,compass
jeep,dj5,dj-5
jeep,gladiator sport s,gladiator
jeep,j20,j20
jeep,renegade altitude 4x4 gas,renegade
jeep,renegade deserthawk sport,renegade
jeep,renegade trailhawk 4x4 gas,renegade
jeep,wrangler se,wrangler
jeep,wrangler unlimited 4wd 4dr sahara,wrangler
jeep,wrangler unlimited sahara 4,wrangler
jeep,wrangler unlimited winter,wrangler
jeep,wrangler x 4x4,wrangler
jeep,wrangler x sport utility,wrangler
jeep,yj,wrangler
jeep,cherokee carryall,cherokee
jeep,cherokee latitude fwd gas,cherokee
jeep,cherokee sport suv 4d,cherokee
jeep,cj,cj
jeep,cj 7,cj
jeep,cj8 scrambler,cj
jeep,commander 4wd,commander
jeep,compass latitude 4x4 *ltd avail*,compass
jeep,compass sport suv 4d,compass
jeep,grand cherokee laredo 4dr,grand cherokee
jeep,grand cherokee laredo x,grand cherokee
jeep,grand cherokee laredo4wd,grand cherokee
jeep,grand cherokee overland rwd,grand cherokee
jeep,liberty jet,liberty
jeep,liberty limited jet,liberty
jeep,liberty renegade 4x4,liberty
jeep,patriot latitude - 4wd - heated seats - recently s,patriot
jeep,patriot latitude sport,patriot
jeep,patriot sport-4x4,patriot
jeep,renegade 4wd 4dr trailhawk,renegade
jeep,renegade 4x4,renegade
jeep,renegade latitude 4x4,renegade
jeep,renegade sport 4x4,renegade
jeep,renegade trailhawk 4x4,renegade
jeep,tj,wrangler
jeep,wrangler bad credit,wrangler
jeep,wrangler jk unlimited 4x4,wrangler
jeep,wrangler rhd 1 owner,wrangler
jeep,wrangler right hand drive,wrangler
jeep,wrangler se sport utility,wrangler
jeep,wrangler unlimited freedom,wrangler
jeep,wrangler unlimited lj,wrangler
jeep,wrangler unlimited sahara automatic,wrangler
jeep,"wrangler unlimited sahara, $374.52, $1500 down, 2.9% apr, $374.52, $1500 down, 2.9% apr,",wrangler
jeep,wrangler unlimited sport 4wd,wrangler
jeep,wrangler unlmtd. sahara 4x4,wrangler
jeep,cherokee 4x4 trailhawk,cherokee
jeep,cherokee 80th anniversary,cherokee
jeep,cherokee chief,cherokee
jeep,cherokee classic,cherokee
jeep,cherokee limited 4wd,cherokee
jeep,cherokee sport xj,cherokee
jeep,commander sport,commander
jeep,commander sport 4wd,commander
jeep,compass latitude suv 4x4,compass
jeep,compass sport 4x4 suv,compass
jeep,gladiator overland pickup,gladiator
jeep,gladiator sport,gladiator
jeep,gladiator sport 4x4 gas,gladiator
jeep,gran cherokee laredo 4x4,grand cherokee
jeep,grand cherokee 4dr laredo 4wd,grand cherokee
jeep,grand cherokee 4wd 4dr laredo,grand cherokee
jeep,grand cherokee 4wd laredo,grand cherokee
jeep,grand cherokee laredo 4x4 4,grand cherokee
jeep,grand cherokee limited 4d,grand cherokee
jeep,grand cherokee sport,grand cherokee
jeep,grand cherokee srt8 4wd,grand cherokee
jeep,lifted gladiator overland,gladiator
jeep,patriot high alt,patriot
jeep,patriot limited 4x4,patriot
jeep,patroit,patriot
jeep,renegade limited bad credit,renegade
jeep,renegade sport 4x4 gas suv,renegade
jeep,willy,willys
jeep,wrangler 4wd,wrangler
jeep,wrangler jk unlimited sport 4wd,wrangler
jeep,wrangler jku,wrangler
jeep,wrangler lj,wrangler
jeep,wrangler rhd,wrangler
jeep,wrangler rubicon 4wd,wrangler
jeep,wrangler sahara jk,wrangler
jeep,wrangler sahara unlimited lifted backup cam nav alpine fuel,wrangler
jeep,wrangler sport s,wrangler
jeep,wrangler tj sahara,wrangler
jeep,wrangler unlimited sahara 4wd,wrangler
jeep,wrangler willys,wrangler
jeep,yj wrangler,wrangler
kenworth,kenworth w900,w900
kenworth,kenworth t680,t680
kenworth,kenworth t800,t800
kenworth,kenworth t270,t270
kenworth,kenworth t3 series dump,unknown
kenworth,kenworth t300,t300
kenworth,kenworth t660,t660
kenworth,kenworth,unknown
kenworth,kenworth t2000,t2000
kenworth,kenworth t600,t600
kenworth,kenworth t370,t370
kenworth,kenworth t880,t880
kenworth,kenworth  t-270 box van w/tommy gate,t270
kenworth,kenworth t300 4x2 2dr chassis,t300
kenworth,kenworth t700,t700
kenworth,kenworth w900l,w900
kia,soul,soul
kia,optima,optima
kia,sorento,sorento
kia,forte,forte
kia,sportage,sportage
kia,optima lx,optima
kia,rio,rio
kia,sedona,sedona
kia,soul wagon 4d,soul
kia,forte koup ex coupe 2d,forte
kia,sorento lx,sorento
kia,soul +,soul
kia,soul s wagon 4d,soul
kia,forte lx,forte
kia,soul ! wagon 4d,soul
kia,sportage lx,sportage
kia,sorento lx sport utility 4d,sorento
kia,sportage lx sport utility 4d,sportage
kia,optima ex,optima
kia,spectra,spectra
kia,niro lx wagon 4d,niro
kia,rio lx,rio
kia,sedona lx,sedona
kia,forte ex,forte
kia,forte fe sedan 4d,forte
kia,soul lx wagon 4d,soul
kia,k900 luxury sedan 4d,k900
kia,soul + wagon 4d,soul
kia,soul plus,soul
kia,amanti,amanti
kia,optima hybrid,optima
kia,sorento ex,sorento
kia,forte koup sx coupe 2d,forte
kia,k900 premium sedan 4d,k900
kia,cadenza,cadenza
kia,niro,niro
kia,forte koup,forte
kia,rondo,rondo
kia,sedona ex,sedona
kia,soul ev,soul
kia,optima lx sedan 4d,optima
kia,soul base,soul
kia,telluride lx sport utility,telluride
kia,niro s touring wagon 4d,niro
kia,sorento ex sport utility 4d,sorento
kia,stinger,stinger
kia,sportage ex,sportage
kia,sportage lx awd,sportage
kia,telluride,telluride
kia,forte sx sedan 4d,forte
kia,optima sx,optima
kia,spectra ex,spectra
kia,optima sx turbo w/navigation,optima
kia,sorento sx,sorento
kia,forte5 lx hatchback 4d,forte
kia,optima plug-in hybrid ex,optima
kia,optima sx turbo,optima
kia,rondo lx,rondo
kia,borrego,borrego
kia,forte lx sedan 4d,forte
kia,forte s sedan 4d,forte
kia,forte5 ex hatchback 4d,forte
kia,sorento sx sport utility 4d,sorento
kia,niro ev ex wagon 4d,niro
kia,sedona sx minivan 4d,sedona
kia,stinger gt sedan 4d,stinger
kia,forte lxs sedan 4d,forte
kia,cadenza premium sedan 4d,cadenza
kia,optima ex sedan 4d,optima
kia,sportage ex sport utility 4d,sportage
kia,stinger gt-line sedan 4d,stinger
kia,forte sx,forte
kia,optima s sedan 4d,optima
kia,rio s sedan 4d,rio
kia,rio5,rio
kia,sorento lx awd,sorento
kia,soul ev + wagon 4d,soul
kia,sorento lx w/ 3rd row seating,sorento
kia,sportage sx,sportage
kia,sportage sx sport utility 4d,sportage
kia,stinger premium,stinger
kia,forte 5-door,forte
kia,forte5,forte
kia,rio ex,rio
kia,soul x-line wagon 4d,soul
kia,cadenza premium,cadenza
kia,forte lxs,forte
kia,niro plug-in hybrid,niro
kia,optima 4dr sdn lx,optima
kia,rio 5-door,rio
kia,sorento limited-sxl sport,sorento
kia,sorento lx - awd - rear camera - bluetooth -,sorento
kia,soul + automatic,soul
kia,soul sport,soul
kia,forte s,forte
kia,forte5 lx,forte
kia,niro ex wagon 4d,niro
kia,optima hybrid sedan 4d,optima
kia,optima sxl turbo,optima
kia,rio s hatchback 5d,rio
kia,sorento awd,sorento
kia,sorrento,sorento
kia,sportage lx fwd,sportage
kia,k5,k5
kia,niro fe,niro
kia,niro fe wagon 4d,niro
kia,optima ex 4dr sedan,optima
kia,rio lx sedan 4d,rio
kia,seltos,seltos
kia,soul !,soul
kia,soul ev plus,soul
kia,sportage ex awd,sportage
kia,sportage ex awd gas suv,sportage
kia,"sportage lx awd, w/ lane warning",sportage
kia,stinger gt,stinger
kia,stinger gt2 sedan 4d,stinger
kia,stinger premium sedan 4d,stinger
kia,amanti base 4dr sedan,amanti
kia,forte ex sedan 4d,forte
kia,niro plug-in hybrid lx wagon,niro
kia,optima ex w/ leather,optima
kia,optima sx sedan 4d,optima
kia,rio s,rio
kia,sedona lx minivan 4d,sedona
kia,sorento lx-v6,sorento
kia,soul exclaim,soul
kia,telluride ex sport utility,telluride
kia,telluride s sport utility 4d,telluride
kia,cadenza technology sedan 4d,cadenza
kia,forte 5-door 5dr hb auto ex,forte
kia,forte fe,forte
kia,forte koup ex,forte
kia,"forte lx, 6-speed manual, g",forte
kia,"forte5 lx hatchback, w/ eco system",forte
kia,optima gdi,optima
kia,optima lx 4d sedan automatic,optima
kia,optima lx 4dr sedan,optima
kia,optima lx auto,optima
kia,optimia sx premium,optima
kia,rio sedan 4d,rio
kia,sorento ex awd,sorento
kia,sorento l sport utility 4d,sorento
kia,sorento lx 2wd,sorento
kia,sorento lx 4wd,sorento
kia,sorento lx auto,sorento
kia,sorento sx awd,sorento
kia,spectra5,spectra
kia,stinger gt1 sedan 4d,stinger
kia,borrego lx,borrego
kia,cadenza limited sedan 4d,cadenza
kia,cadenza limited-sxl sedan 4d,cadenza
kia,forte coupe,forte
kia,forte gt sedan 4d,forte
kia,forte gt-line sedan 4d,forte
kia,forte lx 4dr sedan 6a,forte
kia,forte only 60k miles,forte
kia,k5 lxs sedan 4d,k5
kia,niro lx,niro
kia,optima ex sedan,optima
kia,optima hybrid ex sedan 4d,optima
kia,"optima lx model, only 45k",optima
kia,optima lxsedan,optima
kia,optima sxl,optima
kia,sorento base,sorento
kia,sorento ex 4wd,sorento
kia,sorento limited v6,sorento
kia,sorento lx awd gas suv auto,sorento
kia,sorento lx suv,sorento
kia,sorento sxl,sorento
kia,sorento sxl-limited,sorento
kia,sorrento lx,sorento
kia,soul + wagon,soul
kia,soul 5dr wgn man base,soul
kia,soul base 4dr crossover 6a,soul
kia,soul ex plus,soul
kia,soul lx,soul
kia,soul+,soul
kia,sportage awd,sportage
kia,telluride ex,telluride
lexus,rx 350,rx
lexus,es 350,es
lexus,ls 460 sedan 4d,ls
lexus,nx 300 sport utility 4d,nx
lexus,gs 350 sedan 4d,gs
lexus,rx 350 sport utility 4d,rx
lexus,rx,rx
lexus,is,is
lexus,es 350 sedan 4d,es
lexus,es,es
lexus,is 250,is
lexus,rx 330,rx
lexus,is 350 sedan 4d,is
lexus,es 300,es
lexus,nx 300h sport utility 4d,nx
lexus,gs 350,gs
lexus,nx 200t sport utility 4d,nx
lexus,ls 460,ls
lexus,rx350,rx
lexus,ct 200h hatchback 4d,ct
lexus,gx 470,gx
lexus,gx 460,gx
lexus,es350,es
lexus,gs,gs
lexus,rx 350l sport utility 4d,rx
lexus,rc 350,rc
lexus,gx,gx
lexus,lx 470,lx
lexus,es 330,es
lexus,is250,is
lexus,rx 450h,rx
lexus,gx 460 sport utility 4d,gx
lexus,rx 300,rx
lexus,gs 300,gs
lexus,es300,es
lexus,ls 430,ls
lexus,ls,ls
lexus,gx470,gx
lexus,is 350,is
lexus,ct,ct
lexus,is 250 sedan 4d,is
lexus,ux 250h sport utility 4d,ux
lexus,nx 200t,nx
lexus,is 350 f sport sedan 4d,is
lexus,is 300,is
lexus,nx,nx
lexus,nx 300,nx
lexus,rx330,rx
lexus,ct 200h,ct
lexus,is 250 crafted line sedan,is
lexus,rc,rc
lexus,es 300h,es
lexus,is 200t,is
lexus,ls 460 lwb,ls
lexus,lx 570,lx
lexus,sc 430,sc
lexus,rx300,rx
lexus,ls430,ls
lexus,rx 350 awd,rx
lexus,rx 400h,rx
lexus,is 300 sedan 4d,is
lexus,rx350 awd,rx
lexus,es330,es
lexus,rx 350 f sport suv 4d,rx
lexus,sc,sc
lexus,gs 350 awd,gs
lexus,is 250 awd,is
lexus,ls 460 l sedan 4d,ls
lexus,rc 350 coupe 2d,rc
lexus,rx350 awd gas suv auto,rx
lexus,sc 430 convertible,sc
lexus,gs 200t sedan 4d,gs
lexus,ls 400,ls
lexus,gs350,gs
lexus,is300,is
lexus,ls460,ls
lexus,rx400h,rx
lexus,lx470,lx
lexus,nx 300 f sport suv 4d,nx
lexus,gs300,gs
lexus,hs,hs
lexus,ls400,ls
lexus,lx,lx
lexus,rx 300 luxury suv,rx
lexus,is250 awd,is
lexus,sc430 convertible,sc
lexus,ct 200h premium hatchback,ct
lexus,es 350 luxury sedan 4d,es
lexus,gx 470 4dr suv 2-owner arizona gx*rust&accident free*new timing belt&water pump*new bilstein lift*new wheels&tires* immaculate shape*all books and keys*all records since new,gx
lexus,rx 450h sport utility 4d,rx
lexus,ct200h,ct
lexus,dealer* luxury pkg* rear dvd* preffered pkg*mark levinson*2-keys*like new,unknown
lexus,gx460,gx
lexus,hs 250h,hs
lexus,es 350 f sport sedan 4d,es
lexus,rx330 awd,rx
lexus,sc430,sc
lexus,gs 450h,gs
lexus,ls 600h l,ls
lexus,nx 200t f sport suv 4d,nx
lexus,rx 350 low miles nice,rx
lexus,rx 350 4x4 with navigation,rx
lexus,sc300,sc
lexus,sc400,sc
lexus,ux 250h f sport suv 4d,ux
lexus,ct 200h hybrid,ct
lexus,gs 350 f sport,gs
lexus,gs350 awd,gs
lexus,gx 460 luxury sport,gx
lexus,is 350 sport convertible,is
lexus,ux 200 f sport suv 4d,ux
lexus,gx 460 premium,gx
lexus,gx 470 4dr suv,gx
lexus,gx470 awd,gx
lexus,is 250c,is
lexus,is350,is
lexus,ls 460 crafted line sedan,ls
lexus,rx450h,rx
lexus,es 300h sedan 4d,es
lexus,gx 470 4wd,gx
lexus,is 250c convertible 2d,is
lexus,is200t,is
lexus,lx 450,lx
lexus,rc 200t,rc
lexus,rc 300,rc
lexus,rx 330 awd,rx
lexus,es 350 4dr sdn,es
lexus,gs400,gs
lexus,gx 460 luxury,gx
lexus,is 250 f sport,is
lexus,lc 500,lc
lexus,ls 430 4dr sedan,ls
lexus,ls460 awd,ls
lexus,nx 300 luxury sport,nx
lexus,nx 300h,nx
lexus,rx400h awd hybrid,rx
lexus,es 330 sedan,es
lexus,hs 250 premium,hs
lexus,is 250 base,is
lexus,ls 460 f sport,ls
lexus,lx 570 sport utility 4d,lx
lexus,lx450,lx
lexus,rc 350 f sport,rc
lexus,rx 300 awd,rx
lexus,sc 400,sc
lexus,ux,ux
lexus,ct 200h premium,ct
lexus,es 350 sedan,es
lexus,gs 350 f sport sedan 4d,gs
lexus,gs 350 rwd,gs
lexus,gs 430,gs
lexus,is 200 turbo,is
lexus,is 200t sedan 4d,is
lexus,is 250 sport sedan 4d,is
lexus,ls 460 rwd,ls
lexus,ls 460l,ls
lexus,ls430 4.3l v8,ls
lexus,ls460 l,ls
lexus,lx570,lx
lexus,rc f,rc
lexus,rx 330 4wd 5-speed automatic,rx
lexus,rx 330 4x4 with premium,rx
lexus,rx 400h basesuv,rx
lexus,ct200h f sport,ct
lexus,es 300h hybrid,es
lexus,es 350 base,es
lexus,es 350 luxury package,es
lexus,es 350 with navigation and,es
lexus,es300h,es
lexus,gs 400,gs
lexus,gs350 rwd gas sedan auto,gs
lexus,gs430,gs
lexus,gx470 4wd,gx
lexus,is 200t f sport,is
lexus,is 250 awd nav,is
lexus,is250 premium 2.5i awd,is
lexus,isf,is
lexus,ls 460 l,ls
lexus,ls 460 luxury sedan,ls
lexus,ls460 f-sport,ls
lexus,nx 300h *awd *nx300* *hybrid* *suv clean carfax,nx
lexus,rc 200t coupe 2d,rc
lexus,rc 500,rc
lexus,rc-f,rc
lexus,rx 350 awd 5-speed automatic,rx
lexus,rx 350 base,rx
lexus,rx 350 f sport,rx
lexus,rx 350 fwd,rx
lexus,rx rx 350 awd,rx
lexus,rx300 awd,rx
lexus,ct 200,ct
lexus,ct200h hybrid,ct
lexus,es300h hybrid,es
lexus,es350 fwd gas sedan auto,es
lexus,gs300 awd,gs
lexus,hs 250h premium,hs
lexus,hs250h,hs
lexus,is 250 basesedan 6a,is
lexus,is 250 sport convertible,is
lexus,is 300 f sport,is
lexus,is350 f sport,is
lexus,is350c,is
lexus,ls 460 base,ls
lexus,ls 460 sport,ls
lexus,nx300,nx
lexus,"rx 300 | low miles, 27",rx
lexus,rx 350 4x2 with navigation,rx
lexus,rx 350 awd with navigation,rx
lexus,rx 350 l,rx
lexus,rx 450h awd 4dr,rx
lexus,rx 450h f sport suv 4d,rx
lexus,rx330 rx 330,rx
lexus,ux 200 sport utility 4d,ux
lincoln,mkz,mkz
lincoln,mkx,mkx
lincoln,navigator,navigator
lincoln,town car,town car
lincoln,mkz sedan 4d,mkz
lincoln,mkx reserve sport,mkx
lincoln,continental reserve,continental
lincoln,mks,mks
lincoln,mkc,mkc
lincoln,mkz select sedan 4d,mkz
lincoln,navigator l select sport,navigator
lincoln,continental,continental
lincoln,continental select sedan,continental
lincoln,mkz reserve sedan 4d,mkz
lincoln,corsair sport utility 4d,corsair
lincoln,mkt,mkt
lincoln,corsair reserve sport,corsair
lincoln,town car signature,town car
lincoln,mkx select sport utility,mkx
lincoln,continental sedan 4d,continental
lincoln,ls,ls
lincoln,mkz hybrid reserve ii,mkz
lincoln,mkz premiere sedan 4d,mkz
lincoln,mkz premiere hybrid,mkz
lincoln,aviator,aviator
lincoln,mark lt,mark lt
lincoln,mkz reserve hybrid sedan,mkz
lincoln,nautilus reserve sport,nautilus
lincoln,navigator l,navigator
lincoln,continental premiere,continental
lincoln,nautilus select sport,nautilus
lincoln,navigator select sport,navigator
lincoln,towncar,town car
lincoln,mkx sport utility 4d,mkx
lincoln,mkz awd,mkz
lincoln,zephyr,zephyr
lincoln,mkz hybrid,mkz
lincoln,navigator reserve sport,navigator
lincoln,mkx base awd! awd,mkx
lincoln,mkc premiere sport,mkc
lincoln,mkc reserve sport,mkc
lincoln,mkx awd,mkx
lincoln,mkx reserve,mkx
lincoln,mkz hybrid sedan 4d,mkz
lincoln,navigator l reserve,navigator
lincoln,nautilus,nautilus
lincoln,navigator sport utility,navigator
lincoln,mks awd,mks
lincoln,navigator premiere sport,navigator
lincoln,mkc select sport utility,mkc
lincoln,town car executive,town car
lincoln,mkc reserve,mkc
lincoln,mkz hybrid select,mkz
lincoln,mkz reserve i sedan 4d,mkz
lincoln,navigator 4x4,navigator
lincoln,town car limousine,town car
lincoln,blackwood,blackwood
lincoln,corsair,corsair
lincoln,mark viii,mark viii
lincoln,"mark viii intech v8 lsc - moon roof - leather,heat",mark viii
lincoln,mks ecoboost sedan 4d,mks
lincoln,mkx base awd wagon,mkx
lincoln,mkz reserve ii sedan 4d,mkz
lincoln,mkz/zephyr,mkz
lincoln,nautilus reserve,nautilus
lincoln,navigator - navi - rear camera - 2 dv,navigator
lincoln,navigator l sport,navigator
lincoln,mks sedan 4d,mks
lincoln,mkz reserve,mkz
lincoln,mkt ecoboost,mkt
lincoln,mkx limited awd,mkx
lincoln,mkz 4dr sdn awd,mkz
lincoln,mkz reserve awd,mkz
lincoln,navigator 4wd luxury,navigator
lincoln,continental mark v,mark v
lincoln,mark v,mark v
lincoln,mark viii lsc,mark viii
lincoln,mks fwd,mks
lincoln,mkz black label,mkz
lincoln,mkz hybrid reserve sedan,mkz
lincoln,navigator reserve,navigator
lincoln,town car cartier,town car
lincoln,town car signature limit,town car
lincoln,mkx black label sport,mkx
lincoln,mkx select,mkx
lincoln,mkz 4dr sdn fwd,mkz
lincoln,navigator suv,navigator
lincoln,aviatior,aviator
lincoln,aviator ultimate,aviator
lincoln,capri,capri
lincoln,continental livery awd,continental
lincoln,continental select,continental
lincoln,corsair reserve,corsair
lincoln,limousine,unknown
lincoln,ls v8,ls
lincoln,mark iv,mark iv
lincoln,mark vi,mark vi
lincoln,mark vii,mark vii
lincoln,mark vii lsc,mark vii
lincoln,mks luxury awd,mks
lincoln,mks sdn awd,mks
lincoln,mkt ecoboost sport,mkt
lincoln,mkt reserve sport,mkt
lincoln,mkt sport utility 4d,mkt
lincoln,mkx base,mkx
lincoln,mkz sdn awd,mkz
lincoln,mkz select,mkz
lincoln,navigator 4wd,navigator
lincoln,navigator luxury,navigator
lincoln,navigator reserve 4x4,navigator
lincoln,navigator ultimate,navigator
lincoln,towncar signature series,town car
mack,mack,unknown
mack,mack granite,granite
mack,mack mack granite plow/dump truck w/sander,granite
mack,mack pinnacle cxu613,pinnacle
maserati,maserati ghibli,ghibli
maserati,maserati quattroporte,quattroporte
maserati,maserati levante,levante
maserati,maserati,unknown
maserati,maserati granturismo,granturismo
maserati,maserati granturismo coupe 2d,granturismo
maserati,maserati ghibli s q4,ghibli
maserati,maserati ghibli s q4 sedan 4d,ghibli
maserati,maserati granturismo s coupe 2d,granturismo
maserati,maserati granturismo s,granturismo
maserati,maserati quattroporte s q4,quattroporte
maserati,maserati ghibli sedan 4d,ghibli
maserati,maserati spyder,spyder
maserati,maserati ghibli s,ghibli
maserati,maserati ghibli s sedan 4d,ghibli
maserati,maserati levante luxury,levante
maserati,maserati quattroporte q4,quattroporte
maserati,maserati quattroporte s,quattroporte
mazda,mx-5 miata grand touring,mx-5 miata
mazda,3,mazda3
mazda,mazda3,mazda3
mazda,cx-5,cx-5
mazda,mazda6,mazda6
mazda,mx-5 miata club,mx-5 miata
mazda,cx-9,cx-9
mazda,6,mazda6
mazda,mx-5 miata,mx-5 miata
mazda,5,mazda5
mazda,cx-7,cx-7
mazda,tribute,tribute
mazda,mx-5 miata rf grand,mx-5 miata
mazda,miata,mx-5 miata
mazda,mazda5,mazda5
mazda,mazda3 touring 2.5,mazda3
mazda,mazda3 i sport,mazda3
mazda,rx8,rx-8
mazda,2,mazda2
mazda,cx-5 grand touring,cx-5
mazda,cx-3,cx-3
mazda,mazda2,mazda2
mazda,protege,protege
mazda,mazda3 i touring,mazda3
mazda,mazda3 touring sedan 4d,mazda3
mazda,miata mx-5,mx-5 miata
mazda,mpv,mpv
mazda,cx-5 sport suv 4d,cx-5
mazda,cx-5 touring,cx-5
mazda,mazda3 i touring hatchback,mazda3
mazda,mazda3 s grand touring,mazda3
mazda,mazda3 i grand touring,mazda3
mazda,cx-5 touring sport utility,cx-5
mazda,cx-5 signature diesel,cx-5
mazda,mazda3 4-door,mazda3
mazda,mazda3 touring hatchback,mazda3
mazda,rx-8,rx-8
mazda,cx-5 grand touring sport,cx-5
mazda,mazda6 i touring,mazda6
mazda,cx9,cx-9
mazda,cx-9 grand touring,cx-9
mazda,cx-9 touring sport utility,cx-9
mazda,cx-3 touring sport utility,cx-3
mazda,mazda3 i sv sedan 4d,mazda3
mazda,mx-5,mx-5 miata
mazda,b2300,b-series
mazda,b3000,b-series
mazda,cx-9 touring,cx-9
mazda,mazda5 grand touring,mazda5
mazda,mazdaspeed3,mazda3
mazda,mazda6 grand touring,mazda6
mazda,tribute lx,tribute
mazda,mazda6 i sport,mazda6
mazda,cx-5 sport,cx-5
mazda,mazda5 sport,mazda5
mazda,miata mx5,mx-5 miata
mazda,mpv lx,mpv
mazda,mx-5 miata touring,mx-5 miata
mazda,protege5,protege
mazda,rx-7,rx-7
mazda,3 touring,mazda3
mazda,cx-3 grand touring sport,cx-3
mazda,cx-9 touring awd,cx-9
mazda,mazda2 sport,mazda2
mazda,mazda3 s sport,mazda3
mazda,3 i touring,mazda3
mazda,6 grand touring,mazda6
mazda,cx-5 grand touring awd,cx-5
mazda,mx-5 miata sport,mx-5 miata
mazda,6 touring,mazda6
mazda,b4000 seextended cab,b-series
mazda,cx-5 touring 29k miles,cx-5
mazda,cx9 touring,cx-9
mazda,mazda3 - rear camera - blind spot assist - gas sav,mazda3
mazda,mazda3 preferred sedan 4d,mazda3
mazda,rx7,rx-7
mazda,3 hatchback,mazda3
mazda,cx-3 grand touring,cx-3
mazda,cx-5 -sport low miles,cx-5
mazda,cx7,cx-7
mazda,mazda3 i sport 4-door,mazda3
mazda,mazda3 i sv,mazda3
mazda,mazda3 i touring sedan 4d,mazda3
mazda,mazda6 signature sedan 4d,mazda6
mazda,3 i sport,mazda3
mazda,3 skyactiv,mazda3
mazda,3 sport,mazda3
mazda,3i touring,mazda3
mazda,6 i,mazda6
mazda,b-series,b-series
mazda,cx-30,cx-30
mazda,cx-30 preferred sport,cx-30
mazda,mazda3 i sport sedan 4d,mazda3
mazda,mazda3 s touring,mazda3
mazda,mazda6 i sport sedan 4d,mazda6
mazda,6 i sport,mazda6
mazda,6 sport,mazda6
mazda,626,626
mazda,6i,mazda6
mazda,cx-5 sport awd,cx-5
mazda,cx-7 sport,cx-7
mazda,mazda3 5-door,mazda3
mazda,mazda3 i sport w/ navigation system,mazda3
mazda,mazda3 i touring sedan,mazda3
mazda,mazda3 sport,mazda3
mazda,mazda6 i grand touring,mazda6
mazda,mazda6 s sport,mazda6
mazda,mazda6 touring sedan 4d,mazda6
mazda,miata convertible,mx-5 miata
mazda,millenia,millenia
mazda,mx-5 miata rf,mx-5 miata
mazda,tribute s,tribute
mazda,3 s,mazda3
mazda,3 select,mazda3
mazda,3i,mazda3
mazda,5 sport,mazda5
mazda,626 lx,626
mazda,626 sdn lx 4-cyl auto,626
mazda,b4000,b-series
mazda,cx-5 awd,cx-5
mazda,cx9 grand touring,cx-9
mazda,mazda3 i,mazda3
mazda,mazda3 sport hatchback 4d,mazda3
mazda,mazda5 grand touringmini,mazda5
mazda,mazda6 i touring sedan 4d,mazda6
mazda,mazdaspeed 3,mazda3
mazda,miata eunos roadster,mx-5 miata
mazda,mpv es,mpv
mazda,protege lx,protege
mazda,protege sdn lx auto,protege
mazda,speed3,mazda3
mazda,3 grand touring,mazda3
mazda,3 i touring 2.0l,mazda3
mazda,3 mazda3 manual,mazda3
mazda,3 sport hatchback,mazda3
mazda,3i sv,mazda3
mazda,6 isport,mazda6
mazda,6 sedan,mazda6
mazda,b2200,b-series
mazda,cx-3 sport,cx-3
mazda,cx-3 sport utility 4d,cx-3
mazda,cx-30 premium sport,cx-30
mazda,cx-5 touring 2wd,cx-5
mazda,cx-9 touring awd 6-speed automatic,cx-9
mazda,cx5,cx-5
mazda,cx7 sport,cx-7
mazda,cx9 awd,cx-9
mazda,mazda3 i sport hatchback,mazda3
mazda,mazda3 mazdaspeed3 sport hatchback 4d,mazda3
mazda,mazda3 preferred hatchback,mazda3
mazda,mazda3 select sedan 4d,mazda3
mazda,mazda3 sport sedan,mazda3
mazda,mazdaspeed3 touring,mazda3
mazda,mazdaspeed6,mazda6
mazda,speed 3,mazda3
mazda,tribute s 4wd,tribute
mercedes-benz,c-class,c-class
mercedes-benz,e-class,e-class
mercedes-benz,s-class,s-class
mercedes-benz,m-class,m-class
mercedes-benz,benz,unknown
mercedes-benz,benz e350,e-class
mercedes-benz,gl-class,gl-class
mercedes-benz,gla-class gla 45,gla-class
mercedes-benz,benz c300,c-class
mercedes-benz,c-class c 300,c-class
mercedes-benz,glc,glc-class
mercedes-benz,metris passenger,metris
mercedes-benz,cls-class,cls-class
mercedes-benz,cla-class,cla-class
mercedes-benz,e-class e 350,e-class
mercedes-benz,sl-class sl 550,sl-class
mercedes-benz,gls 450 4matic,gls-class
mercedes-benz,sl-class,sl-class
mercedes-benz,mercedes-amg,unknown
mercedes-benz,glk,glk-class
mercedes-benz,benz ml350,m-class
mercedes-benz,cla,cla-class
mercedes-benz,e-class e 63 amg,e-class
mercedes-benz,benz e320,e-class
mercedes-benz,benz s550,s-class
mercedes-benz,cls,cls-class
mercedes-benz,gle,gle-class
mercedes-benz,e-class e 300,e-class
mercedes-benz,e-class e 550,e-class
mercedes-benz,gla,gla-class
mercedes-benz,glk-class,glk-class
mercedes-benz,sprinter,sprinter
mercedes-benz,m-class ml 350,m-class
mercedes-benz,mercedes-amg cla,cla-class
mercedes-benz,s-class s 550,s-class
mercedes-benz,c-class c 63 amg,c-class
mercedes-benz,e-class e 400,e-class
mercedes-benz,sprinter 2500,sprinter
mercedes-benz,clk-class,clk-class
mercedes-benz,gls 450 sport,gls-class
mercedes-benz,benz gl450,gl-class
mercedes-benz,e350 sport 4matic,e-class
mercedes-benz,glk350 4matic awd,glk-class
mercedes-benz,cl-class cl 550,cl-class
mercedes-benz,c 300,c-class
mercedes-benz,gle-class,gle-class
mercedes-benz,benz sl500,sl-class
mercedes-benz,gla-class,gla-class
mercedes-benz,glc-class,glc-class
mercedes-benz,slk 300 roadster,slk-class
mercedes-benz,glc 300 sport,glc-class
mercedes-benz,benz c300 4matic,c-class
mercedes-benz,e350,e-class
mercedes-benz,benz c250,c-class
mercedes-benz,benz glk 350,glk-class
mercedes-benz,cls-class cls 400,cls-class
mercedes-benz,gle 350 sport,gle-class
mercedes-benz,cla 250,cla-class
mercedes-benz,benz e350 4matic,e-class
mercedes-benz,c300,c-class
mercedes-benz,ml 350,m-class
mercedes-benz,sl500,sl-class
mercedes-benz,glk-class glk 350,glk-class
mercedes-benz,metris,metris
mercedes-benz,ml-class,m-class
mercedes-benz,e320,e-class
mercedes-benz,glk 350,glk-class
mercedes-benz,s550,s-class
mercedes-benz,b-class,b-class
mercedes-benz,clk350,clk-class
mercedes-benz,gls,gls-class
mercedes-benz,ml350,m-class
mercedes-benz,e350 4matic awd sp,e-class
mercedes-benz,benz cls550,cls-class
mercedes-benz,cla-class cla 250,cla-class
mercedes-benz,a-class a 220,a-class
mercedes-benz,benz 450sl,sl-class
mercedes-benz,benz ml350 4matic,m-class
mercedes-benz,gl450 4matic 4wd l,gl-class
mercedes-benz,benz s500,s-class
mercedes-benz,glc 300 4matic,glc-class
mercedes-benz,cla 250 coupe 4d,cla-class
mercedes-benz,g-class,g-class
mercedes-benz,gle 350 4matic,gle-class
mercedes-benz,sl-class sl 400,sl-class
mercedes-benz,benz 380sl,sl-class
mercedes-benz,benz clk 320,clk-class
mercedes-benz,cls-class cls 550,cls-class
mercedes-benz,e 400,e-class
mercedes-benz,gle 350,gle-class
mercedes-benz,b-class electric,b-class
mercedes-benz,benz s430,s-class
mercedes-benz,clk,clk-class
mercedes-benz,e 350,e-class
mercedes-benz,benz c230,c-class
mercedes-benz,benz c280 4matic,c-class
mercedes-benz,benz e500,e-class
mercedes-benz,benz ml320,m-class
mercedes-benz,c 250,c-class
mercedes-benz,c-class c 350e,c-class
mercedes-benz,cls550,cls-class
mercedes-benz,gla 250 4matic,gla-class
mercedes-benz,s500,s-class
mercedes-benz,slk350,slk-class
mercedes-benz,benz c240,c-class
mercedes-benz,benz r350 4matic,r-class
mercedes-benz,cla-class cla 45,cla-class
mercedes-benz,e350 4matic,e-class
mercedes-benz,gl450,gl-class
mercedes-benz,gls-class,gls-class
mercedes-benz,benz c280,c-class
mercedes-benz,benz c350,c-class
mercedes-benz,benz s550 4matic,s-class
mercedes-benz,c230 kompressor,c-class
mercedes-benz,gl-class gl 450,gl-class
mercedes-benz,gla 250 sport,gla-class
mercedes-benz,ml350 4matic awd s,m-class
mercedes-benz,s 550,s-class
mercedes-benz,slk-class slk 250,slk-class
mercedes-benz,cls550 executive s,cls-class
mercedes-benz,e 550,e-class
mercedes-benz,gls 550 sport,gls-class
mercedes-benz,slk-class,slk-class
mercedes-benz,b-class b 250e,b-class
mercedes-benz,benz glk350 4matic,glk-class
mercedes-benz,c-class c 250,c-class
mercedes-benz,c250,c-class
mercedes-benz,gl 350 bluetec local trade*80k msrp*prem pkg*lighting pkg*pano roof* appearance pkg* brown black leather* dvd* tow pkg,gl-class
mercedes-benz,gla 250,gla-class
mercedes-benz,r-class,r-class
mercedes-benz,s430,s-class
mercedes-benz,slk,slk-class
mercedes-benz,300d,e-class
mercedes-benz,380sl,sl-class
mercedes-benz,benz e550,e-class
mercedes-benz,slc 300 roadster,slc-class
mercedes-benz,sprinter cab chassis,sprinter
mercedes-benz,amg gt,amg gt
mercedes-benz,benz c320,c-class
mercedes-benz,benz e320 4matic,e-class
mercedes-benz,benz sprinter 2500 ext,sprinter
mercedes-benz,c-class c300 4matic sport sedan,c-class
mercedes-benz,c230,c-class
mercedes-benz,c240,c-class
mercedes-benz,c280 3.0l luxury,c-class
mercedes-benz,c300 sport 4matic,c-class
mercedes-benz,clk320,clk-class
mercedes-benz,cls-class cls 63,cls-class
mercedes-benz,e550 sedan 4matic,e-class
mercedes-benz,sl550,sl-class
mercedes-benz,sprinter cargo van,sprinter
mercedes-benz,benz cl600,cl-class
mercedes-benz,benz gla250,gla-class
mercedes-benz,benz glk350,glk-class
mercedes-benz,benz ml500,m-class
mercedes-benz,m-class 3.5l,m-class
mercedes-benz,ml320,m-class
mercedes-benz,ml350 4matic,m-class
mercedes-benz,s65 amg,s-class
mercedes-benz,sl 550,sl-class
mercedes-benz,m-class ml 320,m-class
mercedes-benz,sl-class sl500,sl-class
mercedes-benz,240d,e-class
mercedes-benz,450sl,sl-class
mercedes-benz,benz 300d turbo,e-class
mercedes-benz,benz cl500,cl-class
mercedes-benz,benz cla 250,cla-class
mercedes-benz,benz e320 cdi,e-class
mercedes-benz,benz glc300,glc-class
mercedes-benz,benz r350,r-class
mercedes-benz,c,c-class
mercedes-benz,cls 550,cls-class
mercedes-benz,e-class e 450,e-class
mercedes-benz,gl-class gl 350,gl-class
mercedes-benz,gl450 4matic,gl-class
mercedes-benz,gl450 4matic awd w,gl-class
mercedes-benz,gla-class gla 250,gla-class
mercedes-benz,glc 300,glc-class
mercedes-benz,s320,s-class
mercedes-benz,benz c250 sport,c-class
mercedes-benz,benz e300,e-class
mercedes-benz,benz slk230,slk-class
mercedes-benz,c300 4matic,c-class
mercedes-benz,cla 250 4matic,cla-class
mercedes-benz,clk550 5.5l,clk-class
mercedes-benz,e300,e-class
mercedes-benz,ml,m-class
mercedes-benz,r350,r-class
mercedes-benz,slk230 kompressor,slk-class
mercedes-benz,sprinter 3500,sprinter
mercedes-benz,500sl,sl-class
mercedes-benz,560 sl,sl-class
mercedes-benz,benz 380 sl,sl-class
mercedes-benz,benz clk 350,clk-class
mercedes-benz,benz clk320 cabriolet,clk-class
mercedes-benz,benz slk 350,slk-class
mercedes-benz,benz sprinter 3500,sprinter
mercedes-benz,cl-class,cl-class
mercedes-benz,gl 450 4matic,gl-class
mercedes-benz,glk-class glk 250,glk-class
mercedes-benz,slk 350,slk-class
mercedes-benz,slk280,slk-class
mercedes-benz,sprinter 2500 cargo,sprinter
mercedes-benz,sprinter cargo vans,sprinter
mercedes-benz,450 sl,sl-class
mercedes-benz,500-class,unknown
mercedes-benz,560-class,unknown
mercedes-benz,benz 300ce,e-class
mercedes-benz,benz 450 sel,s-class
mercedes-benz,benz 500sl,sl-class
mercedes-benz,benz c63 amg,c-class
mercedes-benz,benz cls63 amg,cls-class
mercedes-benz,benz e300 diesel,e-class
mercedes-benz,benz e500 4matic,e-class
mercedes-benz,benz sl500 convertible,sl-class
mercedes-benz,benz sl550,sl-class
mercedes-benz,benz slk 250,slk-class
mercedes-benz,c 250 sport,c-class
mercedes-benz,c 300 sport,c-class
mercedes-benz,c-class c300,c-class
mercedes-benz,c320,c-class
mercedes-benz,c350,c-class
mercedes-benz,cclass,c-class
mercedes-benz,cls cls 550,cls-class
mercedes-benz,e 350 luxury,e-class
mercedes-benz,e-320 sedan,e-class
mercedes-benz,e-class e350,e-class
mercedes-benz,e-class e350 sport,e-class
mercedes-benz,e350 sport 3.5l,e-class
mercedes-benz,e500,e-class
mercedes-benz,g-class g 63 amg,g-class
mercedes-benz,gl 450,gl-class
mercedes-benz,glb 250 sport,glb-class
mercedes-benz,glc 300 4matic awd,glc-class
mercedes-benz,m-class ml 500,m-class
mercedes-benz,ml350 3.5l,m-class
mercedes-benz,ml550,m-class
mercedes-benz,s63 amg,s-class
mercedes-benz,sl 450,sl-class
mercedes-benz,benz 300d,e-class
mercedes-benz,benz 300sd,s-class
mercedes-benz,benz c240 4matic,c-class
mercedes-benz,benz clk55 amg,clk-class
mercedes-benz,benz e350 bluetec,e-class
mercedes-benz,benz e430,e-class
mercedes-benz,benz e500 sport,e-class
mercedes-benz,benz ml350 bluetec,m-class
mercedes-benz,benz s63 amg,s-class
mercedes-benz,benz sl 500,sl-class
mercedes-benz,benz sl500 roadster,sl-class
mercedes-benz,benz slk 320,slk-class
mercedes-benz,benz slk350,slk-class
mercedes-benz,c-class hybrid,c-class
mercedes-benz,c300 awd,c-class
mercedes-benz,cla45 amg,cla-class
mercedes-benz,clk350 3.5l,clk-class
mercedes-benz,clk550,clk-class
mercedes-benz,cls-class 4dr sdn,cls-class
mercedes-benz,e550,e-class
mercedes-benz,glb 250 4matic,glb-class
mercedes-benz,gle-class gle 350,gle-class
mercedes-benz,glk glk 350 4matic,glk-class
mercedes-benz,glk350,glk-class
mercedes-benz,gls 450,gls-class
mercedes-benz,gls550,gls-class
mercedes-benz,ml350 4wd,m-class
mercedes-benz,r-class r 350,r-class
mercedes-benz,s-class s 450,s-class
mercedes-benz,sl500 5.0l,sl-class
mercedes-benz,sl550 amg sport package,sl-class
mercedes-benz,sl600,sl-class
mercedes-benz,sl63 amg,sl-class
mercedes-benz,slk 230,slk-class
mercedes-benz,sprinter cargo,sprinter
mercedes-benz,- benz sprinter,sprinter
mercedes-benz,250 s,s-class
mercedes-benz,300cd,e-class
mercedes-benz,awd *gl 450 4matic 4dr*suv*clean*carfax *3row seat nav,gl-class
mercedes-benz,benz 200d,e-class
mercedes-benz,benz 300te,e-class
mercedes-benz,benz 420 sel,s-class
mercedes-benz,benz 420sel,s-class
mercedes-benz,benz 450 sl,sl-class
mercedes-benz,benz c-class c300 4matic sport sedan 7-speed automatic,c-class
mercedes-benz,benz c240 wagon,c-class
mercedes-benz,benz c250 coupe,c-class
mercedes-benz,benz cl550 amg,cl-class
mercedes-benz,benz cla250,cla-class
mercedes-benz,benz cls 550,cls-class
mercedes-benz,benz e420,e-class
mercedes-benz,benz e55 amg,e-class
mercedes-benz,benz g550,g-class
mercedes-benz,benz gl550 4matic,gl-class
mercedes-benz,benz gls 63 amg,gls-class
mercedes-benz,benz ml 320,m-class
mercedes-benz,benz ml 350,m-class
mercedes-benz,benz ml 450,m-class
mercedes-benz,benz ml320 cdi,m-class
mercedes-benz,benz s500 4matic,s-class
mercedes-benz,benz s65 amg,s-class
mercedes-benz,benz sl320,sl-class
mercedes-benz,benz slk320,slk-class
mercedes-benz,benz unimog,unimog
mercedes-benz,c 240,c-class
mercedes-benz,c class,c-class
mercedes-benz,c-class c300 sedan,c-class
mercedes-benz,c-class hybrid c 350e luxury,c-class
mercedes-benz,c230 sport,c-class
mercedes-benz,c250 sport,c-class
mercedes-benz,c300 sport,c-class
mercedes-benz,cl-class cl 55,cl-class
mercedes-benz,cl500,cl-class
mercedes-benz,cla250 4matic awd,cla-class
mercedes-benz,clk 320,clk-class
mercedes-benz,clk 350,clk-class
mercedes-benz,clk320 convertible,clk-class
mercedes-benz,clk430,clk-class
mercedes-benz,e 300,e-class
mercedes-benz,e 350 4matic,e-class
mercedes-benz,e class,e-class
mercedes-benz,e-300,e-class
mercedes-benz,e-class e350 4matic luxury sedan,e-class
mercedes-benz,e320 4matic,e-class
mercedes-benz,e350 low miles,e-class
mercedes-benz,e400 4matic,e-class
mercedes-benz,g550,g-class
mercedes-benz,gl,gl-class
mercedes-benz,gl-class gl 550,gl-class
mercedes-benz,gl550 4matic awd,gl-class
mercedes-benz,glc glc 300 suv,glc-class
mercedes-benz,gle 300d 4matic,gle-class
mercedes-benz,gls 550 4matic,gls-class
mercedes-benz,gls gls 450,gls-class
mercedes-benz,m,m-class
mercedes-benz,m-class ml 550,m-class
mercedes-benz,m-class ml350 suv,m-class
mercedes-benz,ml500,m-class
mercedes-benz,r320 cdi,r-class
mercedes-benz,sl class,sl-class
mercedes-benz,slk280 3.0l,slk-class
mercedes-benz,sprinter 3500 super hi,sprinter
mercedes-benz,300,unknown
mercedes-benz,300-class,unknown
mercedes-benz,300se,s-class
mercedes-benz,350sl,sl-class
mercedes-benz,380 sl,sl-class
mercedes-benz,"40k mile $362.47, $2000 down, only 40k miles $362.47,luxury low miles $2000 down, only 40k miles",unknown
mercedes-benz,450slc,sl-class
mercedes-benz,a-class,a-class
mercedes-benz,amg c 43,c-class
mercedes-benz,benz 280se,s-class
mercedes-benz,benz 300e,e-class
mercedes-benz,benz 450 slc,sl-class
mercedes-benz,benz 560 sec,s-class
mercedes-benz,benz 560 sl convertible,sl-class
mercedes-benz,benz c-300 sedan,c-class
mercedes-benz,benz c230 kompressor,c-class
mercedes-benz,benz c250 luxury,c-class
mercedes-benz,benz c350e,c-class
mercedes-benz,benz cla,cla-class
mercedes-benz,benz cla 250 edition 1,cla-class
mercedes-benz,benz clk500,clk-class
mercedes-benz,benz cls500,cls-class
mercedes-benz,benz e320 bluetec,e-class
mercedes-benz,benz e320 wagon,e-class
mercedes-benz,benz g500,g-class
mercedes-benz,benz g550 4matic,g-class
mercedes-benz,benz gl 450,gl-class
mercedes-benz,benz gl350,gl-class
mercedes-benz,benz gl350 bluetec,gl-class
mercedes-benz,benz gl550,gl-class
mercedes-benz,benz ml 550 4matic,m-class
mercedes-benz,benz ml430,m-class
mercedes-benz,benz s 550,s-class
mercedes-benz,benz s320,s-class
mercedes-benz,benz s55 amg,s-class
mercedes-benz,benz s550 4 matic,s-class
mercedes-benz,benz slk230 kompressor,slk-class
mercedes-benz,benz slk280,slk-class
mercedes-benz,benz sprinter,sprinter
mercedes-benz,benz sprinter 2500,sprinter
mercedes-benz,c 300 sedan,c-class
mercedes-benz,c class c 300 sport 4matic,c-class
mercedes-benz,c-class c 280,c-class
mercedes-benz,c-class c300 4mat,c-class
mercedes-benz,c-class c300 4matic sedan,c-class
mercedes-benz,c280,c-class
mercedes-benz,c300 4matic awd,c-class
mercedes-benz,c320 4matic,c-class
mercedes-benz,cl 600,cl-class
mercedes-benz,cla cla 250,cla-class
mercedes-benz,cla-250,cla-class
mercedes-benz,cla-class cla250,cla-class
mercedes-benz,cla-class cla250 4matic,cla-class
mercedes-benz,cla-class only,cla-class
mercedes-benz,convertible,unknown
mercedes-benz,e,e-class
mercedes-benz,e 400 4matic,e-class
mercedes-benz,e320 cdi,e-class
mercedes-benz,e350 4 matic,e-class
mercedes-benz,e350 4matic awd,e-class
mercedes-benz,e350 4matic wagon amg,e-class
mercedes-benz,gl-class gl450,gl-class
mercedes-benz,gl450 4matic awd,gl-class
mercedes-benz,gle 400 4matic,gle-class
mercedes-benz,gle350,gle-class
mercedes-benz,glk 350 4matic,glk-class
mercedes-benz,glk 350 4matic awd,glk-class
mercedes-benz,glk glk 350,glk-class
mercedes-benz,gls 550,gls-class
mercedes-benz,mercedes-amg gle,gle-class
mercedes-benz,ml320 cdi,m-class
mercedes-benz,ml350 awd,m-class
mercedes-benz,s 63 amg,s-class
mercedes-benz,s-class s,s-class
mercedes-benz,s-class s550 sedan,s-class
mercedes-benz,s550 4matic,s-class
mercedes-benz,sl,sl-class
mercedes-benz,sl 500,sl-class
mercedes-benz,sl-class sl 63 amg,sl-class
mercedes-benz,sl500 convertible,sl-class
mercedes-benz,sl55,sl-class
mercedes-benz,slc-class amg,slc-class
mercedes-benz,slk 300,slk-class
mercedes-benz,slk250 roadster,slk-class
mercedes-benz,sprinter crew van,sprinter
mercury,grand marquis,grand marquis
mercury,mountaineer,mountaineer
mercury,mariner,mariner
mercury,sable,sable
mercury,milan,milan
mercury,grand marquis ls,grand marquis
mercury,cougar,cougar
mercury,monterey,monterey
mercury,milan premier,milan
mercury,cougar xr7,cougar
mercury,montego,montego
mercury,comet,comet
mercury,grand marquis gs,grand marquis
mercury,sable base,sable
mercury,sable ls,sable
mercury,mountaineer premier,mountaineer
mercury,mariner premier,mariner
mercury,capri,capri
mercury,sable ls premium,sable
mercury,mariner hybrid,mariner
mercury,villager,villager
mercury,sable premier,sable
mercury,milan v6 premier,milan
mercury,montclair,montclair
mercury,comet caliente,comet
mercury,grand marquis ls premium,grand marquis
mercury,mariner 4x4,mariner
mercury,sable gs,sable
mercury,villager van,villager
mercury,2 door coup,unknown
mercury,custom,unknown
mercury,mariner fwd 4dr premier,mariner
mercury,marquis,marquis
mercury,montego mx,montego
mercury,montego premier,montego
mercury,moutaineer awd,mountaineer
mercury,sable wagon,sable
mercury,villager sport,villager
mg,mg mgb,mgb
mg,mg midget,midget
mg,mg td,td
mg,mg b,mgb
mg,mg,unknown
mini,cooper,cooper
mini,cooper s,cooper
mini,cooper countryman,countryman
mini,countryman,countryman
mini,cooper hardtop,cooper
mini,convertible cooper s 2d,convertible
mini,countryman cooper se all4,countryman
mini,cooper clubman,clubman
mini,hardtop 2 door cooper s,cooper
mini,hardtop 2 door john cooper,cooper
mini,hardtop cooper s hatchback,cooper
mini,hardtop,cooper
mini,cooper s countryman,countryman
mini,cooper hardtop 2 door,cooper
mini,cooper convertible,convertible
mini,hardtop john cooper works,cooper
mini,cooper countryman s all4,countryman
mini,clubman,clubman
mini,clubman cooper s hatchback,clubman
mini,cooper countryman s,countryman
mini,countryman cooper s all4,countryman
mini,hardtop 2 door cooper,cooper
mini,roadster cooper s 2d,roadster
mini,cooper hardtop 4 door,cooper
mini,cooper s convertible,convertible
mini,hardtop 2 door,cooper
mini,cooper clubman s,clubman
mini,paceman,paceman
mini,countryman cooper s,countryman
mini,hardtop 4 door cooper,cooper
mini,cooper base,cooper
mini,hardtop 4 door,cooper
mini,convertible,convertible
mini,clubman cooper hatchback 4d,clubman
mini,cooper hardtop s,cooper
mini,countryman cooper hatchback,countryman
mini,paceman cooper s all4,paceman
mini,convertible cooper 2d,convertible
mini,hardtop 4 door cooper s,cooper
mini,cooper s hardtop,cooper
mini,van,unknown
mini,cooper convertible s,convertible
mini,cooper s countryman all4,countryman
mini,cooper s hardtop 2 door,cooper
mini,coupe cooper s 2d,coupe
mini,t campervan,unknown
mini,clubman cooper all4,clubman
mini,cooper s e countryman,countryman
mini,t class b campervan,unknown
mini,cooper hardtop 2dr cpe,cooper
mini,cooper s clubman,clubman
mini,roadster,roadster
mini,bus,unknown
mini,clubman cooper s all4,clubman
mini,cooper base 2dr hatchback,cooper
mini,cooper s 2 door cooper s,cooper
mini,cooper s paceman,paceman
mini,t campervan rv,unknown
mini,cargo,unknown
mini,"cooper ""s"" paceman awd",paceman
mini,cooper countryman s awd,countryman
mini,cooper mt convertible,convertible
mini,countryman john cooper,countryman
mini,countryman plug-in hybrid,countryman
mini,countryman s all4,countryman
mini,john cooper works,cooper
mini,t camper van,unknown
mitsubishi,outlander sport,outlander sport
mitsubishi,outlander sport es,outlander sport
mitsubishi,outlander,outlander
mitsubishi,lancer,lancer
mitsubishi,outlander phev sel,outlander
mitsubishi,eclipse,eclipse
mitsubishi,mirage,mirage
mitsubishi,outlander se sport,outlander
mitsubishi,outlander es sport,outlander
mitsubishi,galant,galant
mitsubishi,outlander gt sport,outlander
mitsubishi,eclipse cross es,eclipse cross
mitsubishi,fuso fe145,fuso fe
mitsubishi,outlander phev gt,outlander
mitsubishi,eclipse cross,eclipse cross
mitsubishi,fuso fe160,fuso fe
mitsubishi,outlander sport se,outlander sport
mitsubishi,mirage g4,mirage
mitsubishi,mirage g4 rf sedan 4d,mirage
mitsubishi,endeavor,endeavor
mitsubishi,outlander sel 4x4 gas,outlander
mitsubishi,montero,montero
mitsubishi,fuso fh211,fuso fh
mitsubishi,montero sport,montero sport
mitsubishi,fuso fe180,fuso fe
mitsubishi,eclipse cross le,eclipse cross
mitsubishi,fuso,unknown
mitsubishi,fuso fe,fuso fe
mitsubishi,outlander sport es 2.0 cvt,outlander sport
mitsubishi,eclipse cross sel,eclipse cross
mitsubishi,lancer evolution,lancer
mitsubishi,mirage g4 es,mirage
mitsubishi,outlander sel sport,outlander
mitsubishi,outlander sport le,outlander sport
mitsubishi,eclipse cross sp,eclipse cross
mitsubishi,outlander sport 2.0,outlander sport
mitsubishi,mirage es,mirage
mitsubishi,lancer es,lancer
mitsubishi,outlander se,outlander
mitsubishi,lancer evolution mr,lancer
mitsubishi,mirage g4 es sedan 4d,mirage
mitsubishi,outlander es,outlander
mitsubishi,delica space gear,delica
mitsubishi,eclipse spyder,eclipse
mitsubishi,eclipse spyder gt,eclipse
mitsubishi,minicab,minicab
mitsubishi,lancer evolution gsr,lancer
mitsubishi,mirage es hatchback,mirage
mitsubishi,mirage le cvt,mirage
mitsubishi,outlander sport fwd,outlander sport
mitsubishi,outlander sport gt,outlander sport
mitsubishi,galant es,galant
mitsubishi,3000gt,3000gt
mitsubishi,delica l400,delica
mitsubishi,endeavor ls,endeavor
mitsubishi,lancer gt,lancer
mitsubishi,mirage es cvt,mirage
mitsubishi,outlander sport sel,outlander sport
mitsubishi,pajero,montero
mitsubishi,raider ls,raider
mitsubishi,3000gt sl,3000gt
mitsubishi,diamante,diamante
mitsubishi,eclipse gs,eclipse
mitsubishi,eclipse gt,eclipse
mitsubishi,lancer oz rally,lancer
mitsubishi,mirage le hatchback,mirage
mitsubishi,outlander le sport,outlander
mitsubishi,3000gt vr4,3000gt
mitsubishi,endeavor xls,endeavor
mitsubishi,lancer sportback,lancer
mitsubishi,montero sport xls 4x4,montero sport
mitsubishi,outlander phev,outlander
mitsubishi,outlander sel 4wd,outlander
mitsubishi,delica,delica
mitsubishi,eclipse cross es 4x4,eclipse cross
mitsubishi,eclipse spyder gts,eclipse
mitsubishi,fuso box truck,unknown
mitsubishi,fuso fe84d,fuso fe
mitsubishi,mirage de,mirage
mitsubishi,mirage g4 es cvt,mirage
mitsubishi,montero limited,montero
mitsubishi,outlander sport sp,outlander sport
mitsubishi,eclipse gt 2dr,eclipse
mitsubishi,eclipse spyder gs,eclipse
mitsubishi,fuso crew cab,unknown
mitsubishi,i-miev,i-miev
mitsubishi,lancer gts,lancer
mitsubishi,lancer ls,lancer
mitsubishi,lancer ralliart,lancer
mitsubishi,mirage g4 le sedan 4d,mirage
mitsubishi,mirage g4 se,mirage
mitsubishi,mirage only 56k,mirage
mitsubishi,outlander awd ls,outlander
mitsubishi,outlander es awd,outlander
mitsubishi,outlander ls,outlander
mitsubishi,outlander se 4x4 gas,outlander
mitsubishi,outlander sport 2.0 le 4wd cvt,outlander sport
mitsubishi,outlander sport 2wd 4dr cvt 2.4 es,outlander sport
mitsubishi,outlander xls,outlander
mitsubishi,raider,raider
nissan,altima,altima
nissan,rogue,rogue
nissan,sentra,sentra
nissan,murano,murano
nissan,pathfinder,pathfinder
nissan,maxima,maxima
nissan,versa,versa
nissan,frontier,frontier
nissan,titan,titan
nissan,xterra,xterra
nissan,altima 2.5 s,altima
nissan,armada,armada
nissan,370z nismo coupe 2d,370z
nissan,frontier crew cab pro-4x,frontier
nissan,sentra sv,sentra
nissan,juke,juke
nissan,sentra s,sentra
nissan,quest,quest
nissan,leaf,leaf
nissan,rogue sv,rogue
nissan,frontier crew cab sv,frontier
nissan,rogue s,rogue
nissan,frontier king cab sv,frontier
nissan,titan single cab sv,titan
nissan,versa note,versa note
nissan,nv200,nv200
nissan,versa sv,versa
nissan,altima s,altima
nissan,cube,cube
nissan,titan xd crew cab sv,titan
nissan,sentra s sedan 4d,sentra
nissan,leaf s hatchback 4d,leaf
nissan,altima 2.5 sl,altima
nissan,370z,370z
nissan,350z,350z
nissan,titan xd,titan
nissan,titan crew cab sv pickup,titan
nissan,rogue select,rogue select
nissan,rogue sport,rogue sport
nissan,frontier crew cab,frontier
nissan,versa s,versa
nissan,murano sl,murano
nissan,pathfinder se,pathfinder
nissan,370z coupe 2d,370z
nissan,murano s,murano
nissan,rogue sl,rogue
nissan,murano sl awd,murano
nissan,altima 2.5,altima
nissan,frontier king cab s,frontier
nissan,sentra sr,sentra
nissan,altima 2.5 sv,altima
nissan,rogue awd,rogue
nissan,kicks,kicks
nissan,altima sr,altima
nissan,frontier sv,frontier
nissan,leaf sv hatchback 4d,leaf
nissan,maxima sv,maxima
nissan,rogue s awd,rogue
nissan,nv,nv
nissan,pathfinder sv,pathfinder
nissan,titan xd single cab sv,titan
nissan,maxima se,maxima
nissan,rogue sv awd,rogue
nissan,versa note sv,versa note
nissan,altima 2.5s,altima
nissan,frontier 4x4,frontier
nissan,altima 2.5 sr,altima
nissan,sentra sv sedan 4d,sentra
nissan,pathfinder sl,pathfinder
nissan,300zx,300zx
nissan,nv2500 hd cargo,nv
nissan,rogue sv sport utility 4d,rogue
nissan,xterra se,xterra
nissan,juke sv,juke
nissan,titan xd pro-4x,titan
nissan,altima 2.5 sl sedan 4d,altima
nissan,leaf sl hatchback 4d,leaf
nissan,maxima platinum sedan 4d,maxima
nissan,rogue s sport utility 4d,rogue
nissan,versa 1.6 s,versa
nissan,xterra 4x4,xterra
nissan,altima 2.5 4dr sedan,altima
nissan,frontier se,frontier
nissan,pathfinder le,pathfinder
nissan,pathfinder platinum,pathfinder
nissan,rogue sl awd,rogue
nissan,titan pro-4x,titan
nissan,versa sedan,versa
nissan,altima sl,altima
nissan,gt-r,gt-r
nissan,sentra sl,sentra
nissan,altima sv,altima
nissan,armada platinum,armada
nissan,maxima s sedan 4d,maxima
nissan,maxima sv sedan 4d,maxima
nissan,quest s,quest
nissan,sentra 2.0 s,sentra
nissan,titan se,titan
nissan,titan single cab,titan
nissan,frontier sv crew cab,frontier
nissan,murano sv,murano
nissan,nv cargo,nv
nissan,370z touring coupe 2d,370z
nissan,xterra s,xterra
nissan,350z convertible,350z
nissan,leaf sl,leaf
nissan,maxima 3.5 s,maxima
nissan,maxima 3.5 sv,maxima
nissan,murano sv awd! awd,murano
nissan,pathfinder s,pathfinder
nissan,pathfinder sl 4wd,pathfinder
nissan,titan le,titan
nissan,altima 2.5 sr sedan 4d,altima
nissan,altima 3.5 sl,altima
nissan,titan crew cab,titan
nissan,altima 2.5 sr sedan,altima
nissan,armada le,armada
nissan,juke sl,juke
nissan,nv200 s,nv200
nissan,quest sl,quest
nissan,titan sv,titan
nissan,leaf s,leaf
nissan,maxima sl,maxima
nissan,nv200 sv,nv200
nissan,rogue sl sport utility 4d,rogue
nissan,rouge,rogue
nissan,versa note sv hatchback,versa note
nissan,versa sl,versa
nissan,versa sv sedan 4d,versa
nissan,370z roadster 2d,370z
nissan,370z sport touring coupe,370z
nissan,altima coupe,altima
nissan,armada se,armada
nissan,armada sl sport utility,armada
nissan,leaf sv,leaf
nissan,xterra s sport utility 4d,xterra
nissan,murano s awd,murano
nissan,rogue awd sv,rogue
nissan,300zx coupe with t-tops,300zx
nissan,370z roadster,370z
nissan,altima 2.5 s sedan,altima
nissan,altima 3.5 se,altima
nissan,frontier 2wd,frontier
nissan,frontier sv 4x4,frontier
nissan,frontier xe,frontier
nissan,juke s,juke
nissan,maxima s,maxima
nissan,murano platinum,murano
nissan,murano sv sport utility,murano
nissan,quest sv,quest
nissan,rogue awd 4dr s,rogue
nissan,sentra gxe,sentra
nissan,370z touring,370z
nissan,juke sl awd,juke
nissan,nv200 compact cargo,nv200
nissan,rogue sv awd gas suv auto,rogue
nissan,titan platinum reserve,titan
nissan,titan xd crew cab pro-4x,titan
nissan,versa 1.6 sv,versa
nissan,350z touring,350z
nissan,altima 2.5 s sedan 4d,altima
nissan,altima hybrid,altima
nissan,armada platinum 4x4 gas,armada
nissan,armada sl,armada
nissan,frontier crew cab s,frontier
nissan,frontier crew cab sl,frontier
nissan,frontier king cab,frontier
nissan,murano s sport utility 4d,murano
nissan,nv2500,nv
nissan,pathfinder se 4x4,pathfinder
nissan,pathfinder sv 4x4,pathfinder
nissan,pathfinder sv sport,pathfinder
nissan,quest se,quest
nissan,sentra 2.0,sentra
nissan,sentra sl sedan 4d,sentra
nissan,xterra xe,xterra
nissan,350z roadster,350z
nissan,altima 2.5s coupe,altima
nissan,frontier 4wd,frontier
nissan,frontier s,frontier
nissan,juke nismo,juke
nissan,murano le,murano
nissan,murano le awd,murano
nissan,nv1500 cargo van,nv
nissan,nv2500hd,nv
nissan,pathfinder sv 4wd,pathfinder
nissan,pickup,unknown
nissan,rogue sport s utility 4d,rogue sport
nissan,sentra 2.0 sr,sentra
nissan,skyline gtr r32,skyline
nissan,versa 1.6,versa
nissan,versa 1.8 s,versa
nissan,xterra off road,xterra
nissan,300zx 2+2,300zx
nissan,cube s,cube
nissan,d21 hardbody,hardbody
nissan,juke sv awd,juke
nissan,kicks sv sport utility 4d,kicks
nissan,maxima gle,maxima
nissan,nv200 cargo van,nv200
nissan,pathfinder le 4wd,pathfinder
nissan,pathfinder sl sport,pathfinder
nissan,rogue s suv,rogue
nissan,rogue sport sv utility 4d,rogue sport
nissan,rogue sv low miles nice,rogue
nissan,sentra sedan,sentra
nissan,xterra pro-4x,xterra
nissan,xterra se 4x4,xterra
nissan,altima 2.5 s w/ power seat,altima
nissan,armada platinum 4wd,armada
nissan,kicks sv,kicks
nissan,murano platinum awd,murano
nissan,pathfinder 4x4,pathfinder
nissan,rogue awd 4dr sv,rogue
nissan,"titan se crew cab 5'6""",titan
nissan,titan sv 4x4,titan
nissan,titan xd crew cab,titan
nissan,xterra x,xterra
nissan,350z enthusiast,350z
nissan,altima se,altima
nissan,altima sv sedan,altima
nissan,armada sv,armada
nissan,frontier crew cab 4x4,frontier
nissan,frontier pro-4x,frontier
nissan,hardbody pickup,hardbody
nissan,juke s sport utility 4d,juke
nissan,lifted titan platinum 4x4,titan
nissan,maxima 3.5 se,maxima
nissan,maxima platinum,maxima
nissan,pathfinder s sport,pathfinder
nissan,rogue select s sport,rogue select
nissan,rogue sport s,rogue sport
nissan,sentra 1.8 s,sentra
nissan,sentra nismo,sentra
nissan,sentra sr turbo sedan 4d,sentra
nissan,titan se crew cab,titan
nissan,titan sl,titan
nissan,ud2600,ud2600
nissan,versa 1.8 sl,versa
nissan,versa s plus,versa
nissan,versa sedan sv,versa
nissan,altima 2.5 sl sedan,altima
nissan,altima 3.5 sv,altima
nissan,altima s fwd gas sedan,altima
nissan,armada platinum reserve 4,armada
nissan,armada platinum sport,armada
nissan,cube 1.8 s,cube
nissan,frontier pro 4x,frontier
nissan,frontier sl,frontier
nissan,maxima 3.5 4dr sedan,maxima
nissan,maxima 3.5 sl,maxima
nissan,maxima sr fwd gas sedan,maxima
nissan,murano platnium,murano
nissan,nv 2500,nv
nissan,nv1500,nv
nissan,pathfinder platinum sport,pathfinder
nissan,pathfinder s 4x4 gas suv,pathfinder
nissan,pickup truck,unknown
nissan,quest 3.5 svmini van,quest
nissan,rogue s (2017.5) sport,rogue
nissan,rouge sl awd,rogue
nissan,rouge sv,rogue
nissan,sentra sr sedan,sentra
nissan,titan 4x4,titan
nissan,titan crew cab sl pickup,titan
nissan,titan king cab sv pickup,titan
nissan,titan le 4x4,titan
nissan,titan pro-4x 4x4 half ton,titan
nissan,titan s,titan
nissan,"versa note sr sr, hatchback",versa note
nissan,z,z
nissan,300zx turbo,300zx
nissan,300zx twin turbo,300zx
nissan,350z coupe,350z
nissan,altima 2.5 sv sedan,altima
nissan,altima 2.5 sv sedan 4d,altima
nissan,altima 2.5 svsedan,altima
nissan,altima 3.5 se 2dr coupe,altima
nissan,altima 4dr sdn i4 2.5 s,altima
nissan,altima 4dr sdn i4 2.5 sl,altima
nissan,altima gle,altima
nissan,altima s 2.5,altima
nissan,armada 4x4,armada
nissan,armada sv sport utility,armada
nissan,d21 pickup,hardbody
nissan,exterra,xterra
nissan,frontier 2wd crew cab swb auto sv,frontier
nissan,frontier nismo,frontier
nissan,frontier sv 85k ml.1owner well maint clean car-fax toolbox,frontier
nissan,hardbody,hardbody
nissan,kicks sr,kicks
nissan,maxima platinum (2017.5),maxima
nissan,maxima sv (2017.5) sedan,maxima
nissan,murano awd,murano
nissan,murano s awd cvt,murano
nissan,murano sl sport utility,murano
nissan,murano sv awd,murano
nissan,murano-awd,murano
nissan,nv 1500 cargo van,nv
nissan,nv 200,nv200
nissan,nv200 - brand new tires - bluetooth - shelf -,nv200
nissan,pathfinder armada,armada
nissan,pathfinder platinum 4x4,pathfinder
nissan,quest 3.5 s,quest
nissan,quest 3.5 se,quest
nissan,quest 3.5 sv,quest
nissan,r33 skyline gtr,skyline
nissan,rogue select s,rogue select
nissan,rogue sl awd! awd,rogue
nissan,rogue sport sv,rogue sport
nissan,rogue sv suv,rogue
nissan,rouge awd,rogue
nissan,rouge s,rogue
nissan,safari,safari
nissan,sentra ser,sentra
nissan,sentra ser spec v,sentra
nissan,sentra special edition,sentra
nissan,sentra sv cvt,sentra
nissan,skyline,skyline
nissan,skyline r33 vspec,skyline
nissan,titan 5.6 se 4x4,titan
nissan,titan king cab,titan
nissan,titan xd sv,titan
nissan,versa hatchback,versa
nissan,versa note s,versa note
nissan,versa s sedan 4d,versa
nissan,xterra 4wd,xterra
nissan,xterra pro 4x,xterra
nissan,xterra pro-4x 4wd,xterra
nissan,240sx,240sx
nissan,240sx s13,240sx
nissan,280zx,280zx
nissan,300 zx,300zx
nissan,370z nismo,370z
nissan,370z nismo tech coupe 2d,370z
nissan,720,720
nissan,altima 2.5 s awd sedan,altima
nissan,altima 2.5 sedan 4d,altima
nissan,altima 2.5sl,altima
nissan,altima 3.5 sl sedan,altima
nissan,altima 3.5 sr,altima
nissan,altima only 77k miles,altima
nissan,altima sv sdn,altima
nissan,armada se 4x4,armada
nissan,cube sl,cube
nissan,frontier s crew cab 5at 4wd,frontier
nissan,frontier se 4x4,frontier
nissan,frontier se v6 4x2 4dr c,frontier
nissan,frontier sv v6,frontier
nissan,frontiersv 4x4 xtra cab,frontier
nissan,juke fwd s,juke
nissan,juke nismo sport utility,juke
nissan,juke s awd,juke
nissan,kicks s sport utility 4d,kicks
nissan,lifted titan diesel xd,titan
nissan,maxima 3.5 svsedan,maxima
nissan,maxima se 4dr sedan,maxima
nissan,maxima sl sedan 4d,maxima
nissan,maxmia,maxima
nissan,murano crosscabriolet,murano
nissan,nv 2500 cargo van,nv
nissan,nv200 sv cargo van,nv200
nissan,nv2500 highroof,nv
nissan,nv3500,nv
nissan,nvp,unknown
nissan,pathfinder s 4wd,pathfinder
nissan,pathfinder sl automatic,pathfinder
nissan,pathfinder sl awd,pathfinder
nissan,pathfinder sv awd,pathfinder
nissan,rogue s awd gas suv auto,rogue
nissan,sentra 2.0 sl,sentra
nissan,sentra fe+ s,sentra
nissan,sentra se-r spec v,sentra
nissan,sentra sv 4dr sedan,sentra
nissan,sentra sv automatic,sentra
nissan,sentra xe,sentra
nissan,stanza,stanza
nissan,titan crew cab 4x4,titan
nissan,titan crew cab pro-4x,titan
nissan,titan king cab 4x4,titan
nissan,titan se crew cab 5'6,titan
nissan,titan xd cummins platinum,titan
nissan,titan xd pro 4x,titan
nissan,titan xe king cab,titan
nissan,versa 1.8 shatchback 4a,versa
nissan,versa note s plus,versa note
nissan,versa only 58k miles,versa
nissan,versa s hatchback,versa
nissan,versa sedan s,versa
nissan,versa sl hatchback,versa
nissan,versa sr sedan 4d,versa
nissan,xterra 5speed,xterra
oldsmobile,oldsmobile cutlass,cutlass
oldsmobile,oldsmobile bravada,bravada
oldsmobile,oldsmobile 88,88
oldsmobile,oldsmobile alero,alero
oldsmobile,oldsmobile cutlass supreme,cutlass supreme
oldsmobile,oldsmobile toronado,toronado
oldsmobile,oldsmobile alero gls,alero
oldsmobile,oldsmobile aurora,aurora
oldsmobile,oldsmobile intrigue,intrigue
oldsmobile,oldsmobile silhouette,silhouette
oldsmobile,oldsmobile 98 regency,98
oldsmobile,oldsmobile,unknown
oldsmobile,oldsmobile 442,442
oldsmobile,oldsmobile delta 88,88
oldsmobile,oldsmobile eighty-eight,88
oldsmobile,oldsmobile delta 88 royale,88
oldsmobile,oldsmobile 98,98
oldsmobile,oldsmobile coupe,unknown
oldsmobile,oldsmobile cutlass 442,442
oldsmobile,oldsmobile cutlass ciera,cutlass ciera
oldsmobile,oldsmobile cutlass supreme brougham,cutlass supreme
oldsmobile,oldsmobile regency,regency
oldsmobile,oldsmobile alero sedan,alero
peterbilt,peterbilt 379,379
peterbilt,peterbilt 379 exhd,379
peterbilt,peterbilt 337 dump,337
peterbilt,peterbilt 386,386
peterbilt,peterbilt,unknown
peterbilt,peterbilt 389,389
peterbilt,peterbilt 337,337
peterbilt,peterbilt 330,330
peterbilt,peterbilt 335,335
peterbilt,peterbilt 387,387
plymouth,plymouth barracuda,barracuda
plymouth,plymouth,unknown
plymouth,plymouth prowler,prowler
plymouth,plymouth valiant,valiant
plymouth,plymouth duster,duster
plymouth,plymouth voyager,voyager
plymouth,plymouth belvedere,belvedere
plymouth,plymouth roadrunner,road runner
plymouth,plymouth scamp,scamp
plymouth,plymouth neon,neon
plymouth,plymouth road runner,road runner
plymouth,plymouth sport fury,fury
plymouth,plymouth coupe,unknown
plymouth,plymouth cuda,barracuda
plymouth,plymouth satellite,satellite
plymouth,plymouth fury,fury
plymouth,plymouth business coupe,unknown
plymouth,plymouth deluxe,deluxe
plymouth,plymouth gran fury,gran fury
plymouth,plymouth grand voyager,grand voyager
plymouth,plymouth prowler roadster,prowler
plymouth,plymouth sedan,unknown
pontiac,g6,g6
pontiac,grand prix,grand prix
pontiac,vibe,vibe
pontiac,firebird,firebird
pontiac,gto,gto
pontiac,solstice,solstice
pontiac,torrent,torrent
pontiac,grand am,grand am
pontiac,bonneville,bonneville
pontiac,trans am,firebird
pontiac,g6 gt,g6
pontiac,g5,g5
pontiac,montana,montana
pontiac,g8,g8
pontiac,firebird trans am,firebird
pontiac,grand prix gt,grand prix
pontiac,solstice convertible 2d,solstice
pontiac,lemans,lemans
pontiac,montana sv6,montana
pontiac,firebird formula,firebird
pontiac,solstice gxp,solstice
pontiac,torrent awd,torrent
pontiac,solstice convertible,solstice
pontiac,sunfire,sunfire
pontiac,vibe 1.8l 1-owner* only 87k miles* no accidents* no damages* all service records since new* fresh trade in*2-keys* newer good year all season tires*60k service done,vibe
pontiac,bonneville se,bonneville
pontiac,grand am gt,grand am
pontiac,fiero gt,fiero
pontiac,g8 gt,g8
pontiac,trans am ws6,firebird
pontiac,aztek,aztek
pontiac,fiero,fiero
pontiac,firebird trans am ws6,firebird
pontiac,grand prix gt1,grand prix
pontiac,g6 sedan,g6
pontiac,grand am se,grand am
pontiac,grand am se1,grand am
pontiac,vibe base,vibe
pontiac,vibe gt,vibe
pontiac,grand prix gtp,grand prix
pontiac,vibe awd,vibe
pontiac,g5 coupe,g5
pontiac,silver streak,silver streak
pontiac,soltice,solstice
pontiac,bonneville gxp,bonneville
pontiac,bonneville sle,bonneville
pontiac,bonneville ssei,bonneville
pontiac,catalina,catalina
pontiac,chieftain,chieftain
pontiac,g6 gt convertible,g6
pontiac,g6 gxp,g6
pontiac,grand prix gt2,grand prix
pontiac,montana van,montana
pontiac,vibe 1.8l,vibe
pontiac,aztec,aztek
pontiac,boneville,bonneville
pontiac,catalina convertible,catalina
pontiac,firebird convertible,firebird
pontiac,firebird trans am coupe,firebird
pontiac,firebird transam,firebird
pontiac,g3,g3
pontiac,g5 coupe gt,g5
pontiac,parisienne,parisienne
pontiac,tempest,tempest
pontiac,torrent base 4dr suv,torrent
pontiac,4 door,unknown
pontiac,coupe,unknown
pontiac,fiero se,fiero
pontiac,firebird t-top,firebird
pontiac,g6 gtp,g6
pontiac,grand prix se,grand prix
pontiac,lemans sport,lemans
pontiac,montana/ sv6,montana
pontiac,starchief,star chief
pontiac,streamliner,streamliner
pontiac,sunfire se,sunfire
pontiac,trans-am,firebird
pontiac,vibe sport wagon,vibe
porsche,cayenne,cayenne
porsche,boxster,boxster
porsche,panamera,panamera
porsche,911,911
porsche,macan,macan
porsche,911 carrera,911
porsche,cayenne s awd luxury suv,cayenne
porsche,cayenne s,cayenne
porsche,macan turbo awd crossove,macan
porsche,boxster roadster 2d,boxster
porsche,cayman,cayman
porsche,cayenne sport utility 4d,cayenne
porsche,cayenne turbo awd,cayenne
porsche,boxster convertible 2d,boxster
porsche,944,944
porsche,boxster s,boxster
porsche,"macan s 67k msrp* premium package plus* gloss black window trim*roof rails in black* 20"" rs spyder wheels* navigation* heated and ventilated seats*tinted windows",macan
porsche,"cayenne 1-owner* local trade* convenience pkg* panoramic roof* dealer serviced, new tires* 2-keys* front & rear sensors*back up cam",cayenne
porsche,cayenne s awd v8 suv,cayenne
porsche,macan s,macan
porsche,cayenne turbo,cayenne
porsche,macan s sport utility 4d,macan
porsche,macan sport utility 4d,macan
porsche,panamera sedan 4d,panamera
porsche,boxster convertible,boxster
porsche,cayenne gts,cayenne
porsche,911 carrera cabriolet,911
porsche,boxster convertible - low mileage - new tires - bl,boxster
porsche,cayenne platinum edition,cayenne
porsche,718 cayman,cayman
porsche,928,928
porsche,928s,928
porsche,boxster roadster w/power,boxster
porsche,cayman s,cayman
porsche,panamera turbo,panamera
porsche,914,914
porsche,968,968
porsche,panamera 4,panamera
porsche,panamera 4s sedan 4d,panamera
porsche,911 turbo,911
porsche,panamera s,panamera
porsche,718 cayman 6 speed manual,cayman
porsche,911 carrera cabriolet c4,911
porsche,911 carrera s cabriolet,911
porsche,912,912
porsche,924,924
porsche,924s,924
porsche,boxter,boxster
porsche,panamera gts sedan 4d,panamera
porsche,911 carrera 4s,911
porsche,911 t targa,911
porsche,928 s4,928
porsche,944 s2 cabriolet,944
porsche,944 turbo,944
porsche,cayenne diesel sport,cayenne
porsche,cayenne gts awd,cayenne
porsche,cayenne s hybrid,cayenne
porsche,cayenne turbo s,cayenne
porsche,cayman gts,cayman
porsche,macan gts,macan
ram,1500,1500
ram,2500,2500
ram,3500,3500
ram,1500 crew cab big horn,1500
ram,1500 classic regular cab,1500
ram,pickup 1500,1500
ram,5500,5500
ram,1500 4x4,1500
ram,1500 quad cab harvest pickup,1500
ram,1500 crew cab,1500
ram,1500 slt,1500
ram,1500 sport 4x4 1/2 ton,1500
ram,1500 classic,1500
ram,1500 regular cab tradesman,1500
ram,1500 laramie,1500
ram,2500 crew cab,2500
ram,1500 quad cab,1500
ram,2500 laramie,2500
ram,2500 slt,2500
ram,pickup 2500,2500
ram,1500 quad cab express pickup,1500
ram,1500 laramie 4x4 gas,1500
ram,3500 laramie,3500
ram,1500 big horn,1500
ram,1500 crew cab laramie pickup,1500
ram,3500 slt,3500
ram,1500 sport,1500
ram,1500 crew cab tradesman,1500
ram,promaster cargo van,promaster
ram,promaster city,promaster city
ram,2500 tradesman,2500
ram,promaster 1500,promaster
ram,pickup 1500 classic,1500
ram,2500 4x4,2500
ram,2500 longhorn mega 4x4,2500
ram,3500 mega cab,3500
ram,4500,4500
ram,promaster city cargo van,promaster city
ram,3500 tradesman,3500
ram,1500 crew cab express pickup,1500
ram,2500 cummins,2500
ram,promaster 2500,promaster
ram,3500 big horn,3500
ram,2500 crew cab big horn,2500
ram,1500 quad cab tradesman,1500
ram,1500 classic crew cab big,1500
ram,1500 classic quad cab,1500
ram,1500 express,1500
ram,1500 tradesman,1500
ram,1500 quad cab big horn,1500
ram,2500 slt 4x4 cummins,2500
ram,cummins 3500 laramie,3500
ram,1500 laramie 4x4,1500
ram,1500 quad cab slt pickup 4d,1500
ram,3500 longhorn 4x4,3500
ram,promaster,promaster
ram,diesel cummins 3500,3500
ram,1500 crew cab laramie,1500
ram,1500 crew cab rebel pickup,1500
ram,2500 diesel,2500
ram,2500 quad cab,2500
ram,pickup 3500,3500
ram,1500 st,1500
ram,2500 laramie longhorn,2500
ram,2500 mega cab,2500
ram,all-new 1500,1500
ram,1500 sport 4x4,1500
ram,1500 rebel,1500
ram,1500 rebel 4x4 1/2 ton,1500
ram,1500 slt 4x4,1500
ram,promaster cargo,promaster
ram,1500 classic slt 4x4,1500
ram,1500 express 4x4 gas,1500
ram,"2500 6"" lifted laramie crew 4x4",2500
ram,2500 crew cab tradesman,2500
ram,1500 crew cab slt pickup 4d,1500
ram,chassis cab,unknown
ram,1500 crew cab lone star,1500
ram,1500 lifted big horn crew cab 5.7 liter hemi,1500
ram,1500 outdoorsman 4x4,1500
ram,1500 quad cab laramie pickup,1500
ram,2500 crew cab slt 4x4,2500
ram,3500 lifted tradesman drw 6.7 cummins,3500
ram,1500 slt 4wd!,1500
ram,2500 st,2500
ram,3500 chassis cab,3500
ram,3500 crew cab,3500
ram,deisel cummins 3500,3500
ram,1500 big horn/lone star,1500
ram,1500 classic crew cab slt,1500
ram,1500 laramie longhorn,1500
ram,1500 slt 4x4 half ton,1500
ram,2500 4x4 cummins,2500
ram,2500 tradesman lifted 4wd cummins,2500
ram,c/v,c/v
ram,1500 classic warlock,1500
ram,1500 bighorn 4x4 gas,1500
ram,1500 laramie 4x4 eco diesel,1500
ram,cargo van,unknown
ram,dakota,dakota
ram,1500 slt 4x4 1/2 ton,1500
ram,5500 tradesman,5500
ram,promaster 1500 cargo van,promaster
ram,1500 classic slt,1500
ram,1500 lone star,1500
ram,2500 slt 4x4,2500
ram,3500 4x4,3500
ram,diesel cummins 2500,2500
ram,1500 laramie quad cab short,1500
ram,1500 quad cab sport pickup,1500
ram,2500 power wagon,2500
ram,promaster 3500,promaster
ram,1500 classic crew cab,1500
ram,1500 hemi,1500
ram,1500 limited 4x4 gas,1500
ram,1500 longhorn,1500
ram,2500 laramie crew 4wd,2500
ram,2500 laramie crewcab 4wd,2500
ram,2500 st crew cab flatbed,2500
ram,promaster city wagon slt,promaster city
ram,1500 4wd,1500
ram,1500 laramie crew cab short,1500
ram,2500 tradesman 4x4,2500
ram,3500 crew cab flat bed tradesman 4x4 drw,3500
ram,3500 laramie drw crew cab cummins,3500
ram,cummins 2500 laramie,2500
ram,diesels cummins 3500,3500
ram,1500 regular cab,1500
ram,2500 big horn,2500
ram,3500 quad cab,3500
ram,3500 tradesman crew cab sho,3500
ram,chassis 3500,3500
ram,slt,unknown
ram,1500 bighorn,1500
ram,1500 classic express,1500
ram,1500 longhorn limited,1500
ram,1500 sportcrew cab,1500
ram,2500 tradesman crew cab,2500
ram,3500 crew cab trademan 4x4 drw,3500
ram,cummins 2500 bighorn,2500
ram,1500 big horn 4wd,1500
ram,1500 laramie longhorn editi,1500
ram,1500 longhorn 4x4 gas,1500
ram,1500 outdoorsman,1500
ram,1500 slt 4wd!crew cab,1500
ram,1500 sxt 4x4 half ton,1500
ram,2500 crew cab lone star,2500
ram,2500 laramie 4dr megacab,2500
ram,3500 bighorn 4x4 1 ton,3500
ram,3500 dually,3500
ram,promaster 2500 cargo van,promaster
ram,promaster city wagon,promaster city
ram,van,unknown
ram,1500 limited,1500
ram,1500 limited crewcab leveled,1500
ram,1500 reg cab st,1500
ram,1500 slt 1owner 4x4 5.7l well maint runs&drive great!!!,1500
ram,2500 diesel 4x4 5.9l cummins turbo diesel quad cab short bed low miles,2500
ram,2500 laramie cummins,2500
ram,2500 reg cab slt 4x4,2500
ram,3500 cummins,3500
ram,3500 high roof 10'6 - lift gate -,promaster
ram,deisel cummins 2500,2500
ram,diesels cummins 2500,2500
ram,promaster cargo 1500 cargo 136 wb,promaster
ram,promaster cargo 3500 159 wb,promaster
ram,rebel,1500
ram,1500 big horn 4x4,1500
ram,1500 classic slt 4wd,1500
ram,1500 sportextended cab,1500
ram,1500 tradesman 4wd!crew,1500
ram,2500 4x4 megacab,2500
ram,3500 laramie cummins,3500
ram,3500 longhorn limited,3500
ram,3500 slt lifted crew,3500
ram,3500 tradesman hd 4x4 dually,3500
ram,cummins 2500,2500
ram,diesel cummin 3500 4x4,3500
ram,100,unknown
ram,1500 classic bighorn,1500
ram,1500 express crew cab short,1500
ram,1500 ext cab,1500
ram,1500 tradesmanextended cab,1500
ram,1500 trx launch edition 702hp every option #114 of 702,1500
ram,2500 laramie 4x4 / 5.9,2500
ram,2500 slt cummins,2500
ram,3500 crew cab tradesman 4x4,3500
ram,3500 drw laramie,3500
ram,5500hd,5500
ram,pickup 1500 classic slt 4wd,1500
ram,pickup 1500 express quad cab,1500
ram,pickup 1500 slt 4x4 4dr,1500
ram,1500 4x4 crew cab,1500
ram,1500 classic tradesman,1500
ram,1500 conversion van,ram van
ram,1500 crew cab laramie limit,1500
ram,1500 harvest,1500
ram,1500 hemi slt,1500
ram,1500 laramie crew cab,1500
ram,1500 mega cab,1500
ram,1500 outdoorsman 4wd!,1500
ram,1500 quad cab lone star,1500
ram,1500 slt 4wd,1500
ram,1500 sltcrew cab,1500
ram,1500 st 4wd!extended,1500
ram,1500 st 4x4 gas,1500
ram,2500 4wd,2500
ram,2500 4x4 power wagon crew cab 5.7l hemi gas laramie one owner low miles,2500
ram,2500 cummins laramie,2500
ram,2500 cummins sport,2500
ram,2500 diesel 4x4 5.9l c,2500
ram,2500 laramie mega cab 4x4 bds lifted loaded diesel,2500
ram,2500 megacab laramie,2500
ram,2500 powerwagon,2500
ram,2500 quad cab d i e,2500
ram,2500 quad cab slt,2500
ram,3500 regular cab,3500
ram,3500 van,ram van
ram,50,ram 50
ram,c/v cargo van,c/v
ram,c/v tradesman,c/v
ram,charger,charger
ram,cummin 2500 laramie,2500
ram,cummins 1500 laramie,1500
ram,cv,c/v
ram,diesel cummins,unknown
ram,diesel cummins 1500,1500
ram,pickup 1500 express,1500
ram,pickup 1500 tradesman,1500
ram,promaster 2500 cargo,promaster
ram,promaster 2500 high top,promaster
ram,promaster city cargo tradesman,promaster city
ram,promaster city wagon van 4d,promaster city
ram,van 1500,ram van
ram,1500 4x4 slt,1500
ram,1500 big horncrew cab,1500
ram,1500 ecodiesel,1500
ram,1500 express quad,1500
ram,1500 laramie limited,1500
ram,1500 laramie longhorn 4wd!,1500
ram,1500 laramie slt,1500
ram,1500 quad cab 4x4,1500
ram,"1500 reg cab slt ""bumble bee"" 4x4",1500
ram,1500 regular cab - rear camera - side cabinets -,1500
ram,1500 slt big horn,1500
ram,1500 slt sport,1500
ram,1500 sport 4wd!crew cab,1500
ram,1500 sport crew cab lwb 4wd,1500
ram,1500 st extended cab,1500
ram,1500 sxt 4x4 1/2 ton,1500
ram,1500 tradesman 4x4,1500
ram,1500 tradesman standard,1500
ram,250,2500
ram,2500 4x4 5.7l hemi 1-owner new wheels&tires,2500
ram,2500 bighorn,2500
ram,2500 black widow,2500
ram,2500 crew 4x4,2500
ram,2500 cummins 4x4,2500
ram,2500 diesel 4x4,2500
ram,2500 diesel 4x4 6.7l c,2500
ram,2500 tradesman 4x4 gas,2500
ram,3500 4x4 *laramie 4dr crew cab 6.3 ft sb pickup,3500
ram,3500 4x4 cummins,3500
ram,3500 slt 4x4 mega cab,3500
ram,chassis 3500 6.7l,3500
ram,deisel cummins 1500,1500
ram,diesel cummin,unknown
ram,diesel cummin 1500 4x4,1500
ram,diesel cummin 2500 4x4,2500
ram,pickup,unknown
ram,pickup 1500 big horn 4x2,1500
ram,pickup 1500 slt,1500
ram,pickup 2500 laramie,2500
ram,pickup 2500 sltquad,2500
ram,promaster 2500 handicap,promaster
ram,promaster cargo van 1500,promaster
ram,promaster city cargo,promaster city
ram,quad cab laramie,unknown
ram,slt crew cab,unknown
ram,tradesman,unknown
ram,van 2500,ram van
ram,w250,2500
ram,wagon,unknown
ram,1500 *4x4*slt 4dr *crew cab sb *pichup *local *truck,1500
ram,"1500 4wd crew cab 149"" laramie",1500
ram,"1500 4wd quad cab 140.5"" big horn",1500
ram,1500 4x4 lb,1500
ram,1500 big hornextended cab,1500
ram,1500 bighorn 4x4,1500
ram,1500 classic quad cab slt,1500
ram,1500 classic sport 4x4,1500
ram,1500 laramie automatic,1500
ram,"1500 laramie, $452.02 month, 2.9% apr, $2000 down, 72 m laramie, $452.02 month, 2.9% apr, $2000 down, 72 m",1500
ram,1500 laramieextended cab,1500
ram,1500 limited edition crew cab lwb 4wd,1500
ram,1500 quad cab slt,1500
ram,1500 regular cab st,1500
ram,1500 slt 4wd!extended cab,1500
ram,1500 slt crew cab 4wd,1500
ram,1500 slt crew cab 4x4,1500
ram,1500 sport 4wd!,1500
ram,1500 sport crew cab swb 4wd,1500
ram,1500 st 4x4,1500
ram,1500 st 4x4 half ton,1500
ram,1500 st tradesman/express,1500
ram,1500 sxt 4x4,1500
ram,1500 tradesman quad cab,1500
ram,1500 trx,1500
ram,2500 4dr quad cab 160.5 4wd slt,2500
ram,2500 4x4 crew cab big horn,2500
ram,2500 crew cab 4x4,2500
ram,2500 cummins 6.7 - tradesman - 4x4 - crew cab - 8ft - - lifted,2500
ram,2500 diesel 4x4 5.9l 1,2500
ram,2500 diesel 4x4 5.9l h,2500
ram,2500 laramie 4x4 gas,2500
ram,2500 laramie crew cab lifted cummins,2500
ram,2500 laramie mega cab 4x4,2500
ram,2500 longhorn loaded! south,2500
ram,2500 mega cab 4wd,2500
ram,2500 mega cab 4x4,2500
ram,2500 mega cummins,2500
ram,2500 slt crew cab,2500
ram,2500 slt* 4x4 * diesel 4dr mega cab clean carfax cummins,2500
ram,3500 diesel,3500
ram,3500 laramie 4x4,3500
ram,3500 laramie longhorn,3500
ram,3500 st,3500
ram,3500hd,3500
ram,3500hd 4x4 crew-cab utility truck,3500
ram,4500hd,4500
ram,4x4,unknown
ram,5500 chassis cab,5500
ram,5500 crew cab 4x4 flat bed drw,5500
ram,cargo van tradesman,unknown
ram,cummin 2500 bighorn,2500
ram,cummin 3500 bighorn,3500
ram,cummins 3500 bighorn,3500
ram,deisel cummin 3500 4x4,3500
ram,deisel cummins,unknown
ram,diesels cummin 2500,2500
ram,diesels cummin 3500,3500
ram,laramie,unknown
ram,pickup 1500 laramie 4x4,1500
ram,pickup 1500 tradesman 4x,1500
ram,pickup 2500 slt,2500
ram,promaster 1500 low roof,promaster
ram,promaster 2500 high roof,promaster
ram,van 3500,ram van
rover,sport,range rover sport
rover,evoque,range rover evoque
rover,discovery sport,discovery sport
rover,lr4,lr4
rover,hse,range rover
rover,discovery sport hse,discovery sport
rover,range evoque p250 se,range rover evoque
rover,lr2,lr2
rover,velar,range rover velar
rover,discovery,discovery
rover,range evoque pure,range rover evoque
rover,range evoque coupe,range rover evoque
rover,range evoque se,range rover evoque
rover,lr3,lr3
rover,discovery sport se,discovery sport
rover,hse 4x4 s,range rover
rover,sport die,range rover sport
rover,lr4 hse,lr4
rover,range evoque se sport,range rover evoque
rover,range sport hse,range rover sport
rover,discovery se sport,discovery
rover,sport hse,range rover sport
rover,defender 110,defender
rover,defender 90,defender
rover,discovery 2,discovery
rover,discovery ii,discovery
rover,lr2 hse,lr2
rover,range evoque hse,range rover evoque
rover,defender,defender
rover,lr3 se,lr3
rover,sport hs,range rover sport
rover,discovery hse,discovery
rover,freelander,freelander
rover,range supercharged,range rover
rover,sc,range rover
rover,superchar,range rover
rover,evoque se,range rover evoque
rover,lr3 hse,lr3
rover,sport supercharged,range rover sport
rover,classic,range rover
rover,hse 4.6,range rover
rover,hse awd,range rover
rover,range evoque p250,range rover evoque
rover,supercharged,range rover
rover,4wd 4dr s,unknown
rover,autobiography,range rover
rover,discovery i,discovery
rover,discovery sport 4x4,discovery sport
rover,evoque co,range rover evoque
rover,evoque se 4x4 gas suv,range rover evoque
rover,hse td6 4x4 master,range rover
rover,lr 4,lr4
rover,lr4 hse lux,lr4
rover,range evoque p250 s,range rover evoque
rover,supercha,range rover
rover,velar r-,range rover velar
saab,saab 9-3,9-3
saab,saab 9-5,9-5
saab,saab 9-3 convertible,9-3
saab,saab 9-7x,9-7x
saab,saab 900,900
saab,saab 9-2x,9-2x
saab,saab 93 turbo,9-3
saab,saab 9-3 2.0t,9-3
saab,saab 9-3 wagon,9-3
saab,saab 93,9-3
saab,saab 900 turbo convertible,900
saab,saab 9-3 aero,9-3
saab,saab 9-3 linear sedan,9-3
saab,saab 9-7x 4.2i,9-7x
saab,saab 9-7x 5.3i,9-7x
saab,saab 97x,9-7x
saturn,vue,vue
saturn,ion,ion
saturn,aura,aura
saturn,sky,sky
saturn,outlook,outlook
saturn,aura xe,aura
saturn,sky roadster 2d,sky
saturn,sl2,s-series
saturn,sc2,s-series
saturn,astra,astra
saturn,ion 2,ion
saturn,sky redline turbo,sky
saturn,astra xr,astra
saturn,aura xr,aura
saturn,ion 3,ion
saturn,sl1,s-series
saturn,sl,s-series
saturn,l200,l-series
saturn,l300,l-series
saturn,outlook xr,outlook
saturn,vue xe,vue
saturn,auru xr,aura
saturn,sw2,s-series
saturn,vue xr,vue
saturn,ion quad coupe,ion
saturn,vue awd v6,vue
saturn,aura xe 4dr sedan,aura
saturn,relay,relay
saturn,sky red line,sky
saturn,sky redline,sky
saturn,sky roadster,sky
saturn,vue awd,vue
saturn,vue i4,vue
saturn,aura xe 3.6,aura
saturn,ion 1,ion
saturn,ion level 2,ion
saturn,ion sedan,ion
saturn,lw300,l-series
saturn,vue suv,vue
saturn,vue xr awd,vue
scion,scion im hatchback 4d,im
scion,scion xb,xb
scion,scion tc,tc
scion,scion xd hatchback 4d,xd
scion,scion fr-s coupe 2d,fr-s
scion,scion xd,xd
scion,scion fr-s release series 2.0,fr-s
scion,scion fr-s,fr-s
scion,scion xa,xa
scion,scion tc hatchback coupe 2d,tc
scion,scion ia,ia
scion,scion xd base,xd
scion,scion,unknown
scion,scion xa base 4dr hatchback,xa
scion,scion tc 10 series,tc
scion,scion tc coupe,tc
scion,scion ia sedan 4d,ia
scion,scion iq,iq
scion,scion frs,fr-s
scion,scion supercharged tc,tc
scion,scion xb automatic,xb
scion,scion xb hatchback 4dr,xb
scion,scion fr-s coupe,fr-s
scion,scion im,im
scion,scion tc fwd gas sedan manual,tc
scion,scion xb 4dr wagon,xb
smart,smart fortwo passion hatchback,fortwo
smart,smart fortwo,fortwo
smart,smart fortwo electric drive,fortwo
smart,smart fortwo passion,fortwo
smart,smart car,fortwo
smart,smart fortwo pure,fortwo
smart,smart coupe fortwo,fortwo
sterling,sterling acterra,acterra
sterling,sterling l,unknown
sterling,sterling,unknown
sterling,sterling sc8000,sc8000
sterling,sterling acterra 7500,acterra
sterling,sterling l8500,l8500
sterling,sterling lt7500 vaccon,lt7500
sterling,sterling l8511 sterling plow/dump truck with sander,l8500
sterling,sterling lt9500 plow/dump with wingblade & sander,lt9500
subaru,outback,outback
subaru,forester,forester
subaru,impreza,impreza
subaru,legacy,legacy
subaru,wrx,wrx
subaru,crosstrek,crosstrek
subaru,forester 2.5i premium,forester
subaru,outback 2.5i limited,outback
subaru,xv crosstrek,crosstrek
subaru,wrx sti sedan 4d,wrx
subaru,impreza wrx,wrx
subaru,outback 2.5i premium,outback
subaru,brz limited coupe 2d,brz
subaru,wrx sti,wrx
subaru,xv crosstrek premium,crosstrek
subaru,crosstrek 2.0i premium,crosstrek
subaru,legacy 2.5i premium,legacy
subaru,outback limited,outback
subaru,legacy 2.5i premium sedan,legacy
subaru,forester 2.5x,forester
subaru,impreza 2.0i premium,impreza
subaru,impreza wagon,impreza
subaru,impreza outback sport,impreza
subaru,outback 2.5i,outback
subaru,wrx sedan 4d,wrx
subaru,impreza 2.0i sport wagon,impreza
subaru,legacy 2.5i limited,legacy
subaru,legacy outback,outback
subaru,impreza 2.5i,impreza
subaru,tribeca,tribeca
subaru,legacy 2.5i sedan 4d,legacy
subaru,wrx premium sedan 4d,wrx
subaru,crosstrek 2.0i limited,crosstrek
subaru,outback 3.6r limited,outback
subaru,xv crosstrek 2.0i premium,crosstrek
subaru,ascent,ascent
subaru,legacy 2.5i,legacy
subaru,brz,brz
subaru,impreza wrx sti sedan 4d,wrx
subaru,outback premium,outback
subaru,forester 2.5x premium,forester
subaru,impreza wrx sti,wrx
subaru,forester 2.5i limited,forester
subaru,impreza sedan wrx,wrx
subaru,legacy wagon,legacy
subaru,forester 2.0xt touring,forester
subaru,forester premium,forester
subaru,impreza wrx limited sedan,wrx
subaru,impreza sport,impreza
subaru,baja,baja
subaru,forester awd,forester
subaru,forester limited,forester
subaru,legacy premium,legacy
subaru,crosstrek limited,crosstrek
subaru,impreza sedan,impreza
subaru,forester sport suv 4d,forester
subaru,wrx limited sedan 4d,wrx
subaru,b9 tribeca,tribeca
subaru,outback awd,outback
subaru,tribeca limited,tribeca
subaru,wrx limited,wrx
subaru,forester 2.5i sport,forester
subaru,wrx premium,wrx
subaru,baja sport arizona rust free* all service records since new*new timing belt*new brakes&rotors*new tune up*new tires*new struts*smoke free*zero oil leaks*rare find,baja
subaru,impreza 2.0i,impreza
subaru,impreza 2.0i limited,impreza
subaru,crosstrek premium,crosstrek
subaru,forester (natl),forester
subaru,forester 2.5x premium awd,forester
subaru,impreza premium,impreza
subaru,impreza wrx sedan 4d,wrx
subaru,outback wagon,outback
subaru,impreza awd,impreza
subaru,brz limited,brz
subaru,forester 2.5i premium awd,forester
subaru,forester 2.5x awd,forester
subaru,forester 2.5x limited,forester
subaru,forester premium awd,forester
subaru,impreza 2.5i premium,impreza
subaru,impreza wagon wrx,wrx
subaru,xv crosstrek 2.0i limited,crosstrek
subaru,xv crosstrek limited,crosstrek
subaru,forester 2.5i premium local trade* clean title* no accidents* all weather pkg* eyesight* navigation* back up camera* tyger roof basket* full clear bra on front* non smoker*2-keys,forester
subaru,legacy gt,legacy
subaru,legacy limited,legacy
subaru,outback 2.5i wagon 4d,outback
subaru,outback 3.6r limited local trade*low miles* new brakes & rotors*new power steering pump*new air & cabin filters*all 4 new tires*0-accidents*non smoker,outback
subaru,forester 2.0xt premium,forester
subaru,forester 2.5 x,forester
subaru,forester x,forester
subaru,impreza sedan 4d,impreza
subaru,outback 2.5i limited awd,outback
subaru,outback 2.5i premium awd,outback
subaru,forester xt,forester
subaru,brz premium coupe 2d,brz
subaru,crosstrek hybrid sport,crosstrek
subaru,forester 2.5i,forester
subaru,forester 2.5i touring,forester
subaru,legacy 2.5i limited sedan,legacy
subaru,tribeca 3.6r limited,tribeca
subaru,wrx sti limited,wrx
subaru,xv crosstrek hybrid,crosstrek
subaru,baja sport,baja
subaru,impreza 2.0i sport,impreza
subaru,impreza sport - awd - rear camera - lane keep assi,impreza
subaru,impreza wrx premium hatch,wrx
subaru,legacy premium awd,legacy
subaru,legacy sedan,legacy
subaru,outback 2.5i touring,outback
subaru,xv crosstrek 2.0i,crosstrek
subaru,ascent premium sport,ascent
subaru,forester touring sport,forester
subaru,impreza wrx sport wagon,wrx
subaru,legacy awd,legacy
subaru,legacy wagon awd,legacy
subaru,outback limited awd,outback
subaru,outback ll bean,outback
subaru,xv crosstrek awd limited,crosstrek
subaru,crosstrek premium awd gas,crosstrek
subaru,forester xs,forester
subaru,impreza 2.5i awd,impreza
subaru,impreza outback sport awd,impreza
subaru,impreza wagon 4d,impreza
subaru,impreza wrx premium,wrx
subaru,impreza wrx wagon,wrx
subaru,legacy 3.6r limited,legacy
subaru,legacy outback limited,outback
subaru,outback 3.6r ltd h6 awd,outback
subaru,outback ll bean edition,outback
subaru,outback sport,impreza
subaru,forester 2.5i touring awd,forester
subaru,forester 2.5x sport,forester
subaru,forester limited awd,forester
subaru,forester ll bean,forester
subaru,forrester,forester
subaru,impreza 2.5rs,impreza
subaru,impreza awd 4d sedan,impreza
subaru,impreza hatchback,impreza
subaru,impreza limited,impreza
subaru,impreza outback,impreza
subaru,impreza sedan premium,impreza
subaru,impreza sport limited awd,impreza
subaru,impreza wrx sti limited,wrx
subaru,legacy 2.5 gt limited,legacy
subaru,legacy 2.5i limited awd,legacy
subaru,legacy ls sedan,legacy
subaru,outback 2.5i awd wagon,outback
subaru,outback 2.5xt limited,outback
subaru,outback rltd,outback
subaru,outback xt,outback
subaru,outback xt limited,outback
subaru,tribeca b9,tribeca
subaru,baja turbo,baja
subaru,crosstrek 2.0i base,crosstrek
subaru,crosstrek 2.0i sport,crosstrek
subaru,crosstrek limited sport,crosstrek
subaru,forester awd 2.5i limited,forester
subaru,forester l auto,forester
subaru,forester s,forester
subaru,forester sport,forester
subaru,forester xt limited,forester
subaru,impreza 2.0i sedan 4d,impreza
subaru,impreza 2.0i sport premiu,impreza
subaru,impreza 2.0i wagon 4d,impreza
subaru,impreza premium awd,impreza
subaru,impreza sport awd,impreza
subaru,impreza sport limited,impreza
subaru,legacy 2.5i premium awd,legacy
subaru,legacy awd 4dr. sedan,legacy
subaru,legacy gt limited,legacy
subaru,legacy l,legacy
subaru,legacy limited awd,legacy
subaru,legacy limited sedan 4d,legacy
subaru,outback 2.5i wagon,outback
subaru,outback 3.6r limited awd,outback
subaru,outback legacy limited,outback
subaru,outback premium awd,outback
subaru,outback wagon 4d,outback
subaru,sti,wrx
subaru,ascent limited,ascent
subaru,ascent limited awd,ascent
subaru,crosstrek awd,crosstrek
subaru,forester 2.0xt premium sport utility 4d,forester
subaru,forester 2.5 x awd,forester
subaru,forester 2.5 xt,forester
subaru,forester 2.5xt touring sport utility 4d,forester
subaru,forester 5spd,forester
subaru,forester l awd,forester
subaru,forester limited sport,forester
subaru,forester premium sport,forester
subaru,forester x premium,forester
subaru,forester x sport,forester
subaru,impreza 2.0i sport premium,impreza
subaru,impreza 2.5 rs,impreza
subaru,impreza 2.5i sport wagon 4d,impreza
subaru,impreza 4 door hatch,impreza
subaru,impreza i special,impreza
subaru,impreza premium wagon 4d,impreza
subaru,impreza sport premium awd,impreza
subaru,impreza sport wagon,impreza
subaru,impreza wagon (natl),impreza
subaru,impreza wrx limited,wrx
subaru,legacy outback awd,outback
subaru,legacy outback awd 6 spd,outback
subaru,legacy outback wagon,outback
subaru,legacy premium sedan 4d,legacy
subaru,legacy se,legacy
subaru,legacy wagon outback ltd,outback
subaru,outback 2.5,outback
subaru,outback 2.5 limited awd,outback
subaru,outback 2.5i limited wagon 4d,outback
subaru,outback 3.6r,outback
subaru,outback 3.6r touring,outback
subaru,outback awd 2.5i premium,outback
subaru,outback l.l. bean edition,outback
subaru,outback limited wagon,outback
subaru,outback limited xt wagon,outback
subaru,outback sedan,outback
subaru,svx,svx
subaru,tribeca ltd awd,tribeca
subaru,wrx awd premium 4dr sedan,wrx
subaru,wrx awd sti series hyperblue 6 speed manual,wrx
subaru,wrx manual,wrx
subaru,wrx premium 1 owner,wrx
subaru,wrx sti extremely clean 1 owner low miles 29k recaros,wrx
subaru,xv crosstrek premium 4wd,crosstrek
suzuki,suzuki sx4,sx4
suzuki,suzuki grand vitara,grand vitara
suzuki,suzuki xl7,xl-7
suzuki,suzuki forenza,forenza
suzuki,suzuki xl-7,xl-7
suzuki,suzuki vitara,vitara
suzuki,suzuki kizashi,kizashi
suzuki,suzuki samurai,samurai
suzuki,suzuki sx4 crossover,sx4
suzuki,suzuki reno,reno
suzuki,suzuki sidekick,sidekick
suzuki,suzuki,unknown
suzuki,suzuki cappuccino,cappuccino
suzuki,suzuki aerio sx,aerio
suzuki,suzuki carry,carry
suzuki,suzuki sx4 awd,sx4
tesla,model 3 standard range,model 3
tesla,model s signature,model s
tesla,model s,model s
tesla,model 3,model 3
tesla,model s sedan 4d,model s
tesla,model x,model x
tesla,model 3 long range sedan,model 3
tesla,s,model s
tesla,model 3 mid range sedan 4d,model 3
tesla,model x 90d sport utility,model x
tesla,model s performance sedan,model s
tesla,model 3 blacked out standard range plus,model 3
tesla,model s p85,model s
tesla,model s performance,model s
tesla,model x 75d sport utility,model x
tesla,model s p85d,model s
tesla,s 90d,model s
tesla,model 3 performance,model 3
tesla,model s rwd,model s
tesla,model x 100d awd 518+hp,model x
tesla,model y,model y
tesla,s 85,model s
tesla,s p85+,model s
toyota,camry,camry
toyota,tacoma,tacoma
toyota,corolla,corolla
toyota,rav4,rav4
toyota,prius,prius
toyota,tundra,tundra
toyota,sienna,sienna
toyota,4runner,4runner
toyota,highlander,highlander
toyota,camry le,camry
toyota,tacoma access cab pickup,tacoma
toyota,4runner sr5 sport utility,4runner
toyota,avalon,avalon
toyota,corolla le,corolla
toyota,tundra double cab sr,tundra
toyota,tundra crewmax sr5 pickup,tundra
toyota,sienna le,sienna
toyota,fj cruiser,fj cruiser
toyota,tacoma double cab pickup,tacoma
toyota,tacoma access cab sr5,tacoma
toyota,sequoia,sequoia
toyota,camry se,camry
toyota,yaris,yaris
toyota,4runner sr5,4runner
toyota,tacoma double cab,tacoma
toyota,land cruiser,land cruiser
toyota,camry le sedan 4d,camry
toyota,sienna xle,sienna
toyota,venza,venza
toyota,prius hybrid,prius
toyota,camry xle,camry
toyota,tacoma access cab sr,tacoma
toyota,matrix,matrix
toyota,corolla s,corolla
toyota,4runner limited sport,4runner
toyota,tundra sr5,tundra
toyota,prius v,prius
toyota,tacoma double cab trd,tacoma
toyota,tundra 4wd truck,tundra
toyota,corolla le sedan 4d,corolla
toyota,camry hybrid,camry
toyota,4-runner,4runner
toyota,highlander limited,highlander
toyota,prius c,prius
toyota,tacoma 4x4,tacoma
toyota,4runner limited,4runner
toyota,tacoma access cab,tacoma
toyota,tacoma access cab trd,tacoma
toyota,tacoma prerunner,tacoma
toyota,tundra double cab sr5,tundra
toyota,pickup,pickup
toyota,avalon xls,avalon
toyota,corolla ce,corolla
toyota,tacoma sr5,tacoma
toyota,camry solara,solara
toyota,rav4 limited,rav4
toyota,scion xb,xb
toyota,scion tc,tc
toyota,avalon limited,avalon
toyota,rav4 xle,rav4
toyota,tacoma double cab sr5,tacoma
toyota,tundra crewmax pickup 4d,tundra
toyota,tundra crewmax,tundra
toyota,rav4 awd,rav4
toyota,sequoia sr5,sequoia
toyota,4runner sr5 4x4,4runner
toyota,tundra crewmax limited,tundra
toyota,c-hr,c-hr
toyota,prius two hatchback 4d,prius
toyota,tacoma 4wd,tacoma
toyota,matrix xr,matrix
toyota,corolla im hatchback 4d,corolla
toyota,solara,solara
toyota,tundra double cab,tundra
toyota,tacoma trd sport,tacoma
toyota,sequoia limited,sequoia
toyota,camry xse sedan 4d,camry
toyota,yaris ia sedan 4d,yaris
toyota,camry hybrid xle sedan 4d,camry
toyota,highlander hybrid,highlander
toyota,prius two,prius
toyota,rav 4,rav4
toyota,tundra double cab pickup,tundra
toyota,fj cruiser 4x4,fj cruiser
toyota,fj cruiser sport utility,fj cruiser
toyota,highlander le sport,highlander
toyota,tacoma trd off road 4x4,tacoma
toyota,rav4 le,rav4
toyota,tundra limited,tundra
toyota,tacoma trd sport 4x4 gas,tacoma
toyota,highlander sport,highlander
toyota,rav4 hybrid limited sport,rav4
toyota,highlander hybrid limited,highlander
toyota,camry le 4dr sedan,camry
toyota,tundra 4wd,tundra
toyota,4runner sr5 premium sport,4runner
toyota,86,86
toyota,avalon limited sedan 4d,avalon
toyota,prius prime,prius
toyota,sienna xle ny,sienna
toyota,tacoma trd off road,tacoma
toyota,tundra double cab limited,tundra
toyota,echo,echo
toyota,sequoia sr5 sport utility,sequoia
toyota,tundra 2wd truck,tundra
toyota,avalon xl,avalon
toyota,celica,celica
toyota,prius plug-in hybrid,prius
toyota,sienna limited,sienna
toyota,tacoma prerunner v6,tacoma
toyota,yaris hatchback,yaris
toyota,avalon hybrid limited,avalon
toyota,camry se 4dr sedan,camry
toyota,rav4 hybrid xse sport,rav4
toyota,"tundra sr5 4dr double cab 1-owner*rust free*only 112k miles*new water pump & timing belt*new bilstein-toytec lift*new 33"" yokohama tires*like new in&out*0-accidents",tundra
toyota,camry se sedan 4d,camry
toyota,sienna xle limited,sienna
toyota,tacoma trd,tacoma
toyota,land cruiser hdj81 - 80 series,land cruiser
toyota,prius touring,prius
toyota,rav4 hybrid,rav4
toyota,"tundra sr5 4dr 1-oregon owner*0-rust*never off road*new timing belt&water pump*new bilstein-toytec lift*new 33"" yokohama geolanders*new oem 17""toyota wheels*leer canopy",tundra
toyota,liteace,liteace
toyota,prius four hatchback 4d,prius
toyota,prius three,prius
toyota,camry solara convertible,solara
toyota,corolla le 4dr sedan,corolla
toyota,rav4 hybrid le sport,rav4
toyota,"sequoia sr5 trd build out*1-owner*full new build*bilstein lift*35""master craft mxt tires*new 18""black rhino wheels*chrome delete pkg*custom painted 2-tone bumpers*8-pass seating*",sequoia
toyota,tundra 4x4,tundra
toyota,venza awd,venza
toyota,camry ce,camry
toyota,corolla im,corolla
toyota,landcruiser,land cruiser
toyota,corolla hatchback xse 4d,corolla
toyota,highlander xle,highlander
toyota,prius four,prius
toyota,rav4 sport,rav4
toyota,mr2,mr2
toyota,prius four touring,prius
toyota,prius v two wagon 4d,prius
toyota,rav4 hybrid xse,rav4
toyota,tacoma v6 1 owner* trd sport* navigation*back up cam* 6-speed manual* rust free*1-owner*non smoker*bilstein toytec lift,tacoma
toyota,tundra sr5 4x4,tundra
toyota,venza wagon 4d,venza
toyota,corolla le cvt (natl),corolla
toyota,highlander limited awd,highlander
toyota,prius prime plus,prius
toyota,sequoia sr5 platinum,sequoia
toyota,yaris ia,yaris
toyota,4runner 4wd,4runner
toyota,avalon xle premium sedan,avalon
toyota,camry xse,camry
toyota,sienna xle minivan 4d,sienna
toyota,supra,supra
toyota,venza le,venza
toyota,rav4 xle awd,rav4
toyota,tundra trd pro,tundra
toyota,4runner limited 4x4,4runner
toyota,celica gt,celica
toyota,corolla le eco sedan 4d,corolla
toyota,rav4 xle sport utility 4d,rav4
toyota,sienna ce,sienna
toyota,tundra crewmax sr5,tundra
toyota,4runner trd off road 4x4,4runner
toyota,"4runner trd off-road premium new bilstein-toytec lift*new 17""trd pro wheels*new 33"" yokohama geolander goo3 m/t tires*tyger rock sliders*tyger roof basket*leather*nav*back up cam",4runner
toyota,camry hybrid xle,camry
toyota,highlander awd,highlander
toyota,highlander hybrid le,highlander
toyota,"land cruiser 1-owner*full custom build*never off road*new lift*new 33"" yokohama x-ats*new 18"" black rhino wheels*center council cooler*360 camera*chrome delete",land cruiser
toyota,rav4 ev sport utility 4d,rav4
toyota,sienna xle premium,sienna
toyota,tacoma sr5 4x4 1/4 ton,tacoma
toyota,"tacoma trd off-road full ads coil over adjustable resivoirs kit* koning ultra light 17""wheels*bfg ko2 tires*trd off road*camburg upper control arms*trd pro grill & roof rack*nav*tech pkg*",tacoma
toyota,tundra sr5 trd off road,tundra
toyota,4runner sr5 premium 25k in add ons and modifications * overland 4x4 ready* all keys*remote start* full icon lift set up* full gobi roof rack set up w/ tent* upgraded sound,4runner
toyota,camry hybrid le sedan 4d,camry
toyota,corolla matrix,matrix
toyota,fj cruiser upgrade pkg 2*convenience pkg*preferred premium accessory pkg*roof rack*rear lockers*rust free*level lifted*black out pkg,fj cruiser
toyota,highlander se,highlander
toyota,prius iv,prius
toyota,rav4 hybrid xle sport,rav4
toyota,rav4 le awd gas suv auto,rav4
toyota,scion xd,xd
toyota,tacoma lifted trd sport,tacoma
toyota,"tacoma v6 4dr double cab 1-oregon owner* rust & accident free*timing belt service done*new full buid*bilstein lift*new 33""yokohama goo3*new 17""mk6 wheels*like new in & out",tacoma
toyota,4 runner,4runner
toyota,4runner trd pro sport,4runner
toyota,avalon hybrid,avalon
toyota,camry xle sedan 4d,camry
toyota,camry xle v6,camry
toyota,corolla le 4dr sedan 4a,corolla
toyota,prius ii,prius
toyota,scion fr-s,fr-s
toyota,scion xa,xa
toyota,sienna xle awd,sienna
toyota,tacoma trd off-road,tacoma
toyota,tacoma v6 1-oregon owner*zero rust*4x4*trd off road*45 service records*like new in&out*rear lockers*never off road*zero accidents,tacoma
toyota,tundra limited 4x4,tundra
toyota,"4runner sr5 sport* full new build* new bilstein toytec lift* new 33"" bf goodrich ko2 tires*new 17"" black rhino wheels*new timing belt &water pump* full service*like new in & out",4runner
toyota,avalon xle touring sedan,avalon
toyota,camry hybrid se,camry
toyota,corolla l,corolla
toyota,corolla se,corolla
toyota,mr2 spyder,mr2
toyota,sienna le minivan 4d,sienna
toyota,tundra 1794 edition 1-owner* local oregon truck since new* blind spot* 2-keys* non smoker* like new in & out* new brakes and service,tundra
toyota,yaris sedan,yaris
toyota,4runner sr5 premium,4runner
toyota,highlander xle sport,highlander
toyota,prius c four hatchback 4d,prius
toyota,prius iii,prius
toyota,prius plug-in,prius
toyota,prius v three wagon 4d,prius
toyota,scion iq,iq
toyota,sienna se,sienna
toyota,tacoma 2wd,tacoma
toyota,tacoma sr 4x4 quarter ton,tacoma
toyota,venza xle wagon 4d,venza
toyota,"4runner 1-arizona owner*0-rust*new bilstein toytec lift*new 33""yokohama m/t*new black rhino wheels* 3rd seat*nav*black out pkg*0-accidents",4runner
toyota,4runner sport edition,4runner
toyota,"4runner sport edition 4dr suv 1-oregon owner*rust free* new bilstein lift*new 33""yokohama geolanders*new mk6 wheels*no accidents*tyger roof basket*all records since new",4runner
toyota,camry se auto (natl),camry
toyota,celica gt-s,celica
toyota,rav4 limited awd,rav4
toyota,tacoma trd sport 4x4,tacoma
toyota,tacoma xtracab,tacoma
toyota,tundra crewmax 1794,tundra
toyota,tundra crewmax platinum,tundra
toyota,tundra crewmax trd pro,tundra
toyota,tundra grade,tundra
toyota,tundra limited crewmax lifted,tundra
toyota,4runner limited 1-califonia owner*highway miles*all services done @dealer since new w/records*no rust*moon roof*cooled seats*heated seats*limited*jbl sound system*tow pkg,4runner
toyota,4runner sr5 4wd,4runner
toyota,camry hybrid le,camry
toyota,corolla hatchback se 4d,corolla
toyota,fj cruiser 4x4 gas suv,fj cruiser
toyota,rav4 adventure sport,rav4
toyota,"sequoia limited local oregon rust free* new bilstein lift*new 35"" mastercraft tires* new oem trd wheels* new tiger xl basket* chrome delete pkg* color matched door handles and grill",sequoia
toyota,sienna le awd,sienna
toyota,t100,t100
toyota,tacoma trd pro,tacoma
toyota,tercel,tercel
toyota,tundra trd 4x4,tundra
toyota,4runner limited 4x4 gas,4runner
toyota,corolla lsedan 4a,corolla
toyota,highlander 4x4,highlander
toyota,lifted tundra sr5 4x4 gas,tundra
toyota,prius v hybrid,prius
toyota,rav4 le sport utility 4d,rav4
toyota,rav4 limited v6,rav4
toyota,rav4 xle premium sport,rav4
toyota,sequoia limited 4wd,sequoia
toyota,tacoma double cab 4x4,tacoma
toyota,tacoma sr5 rwd 1/4 ton,tacoma
toyota,tacoma v6 4dr double cab 1-owner* rust free*arizona truck since new* 6-speed manual*rear lockers*trd off road*leveling kit*rear air bags* zero accidents* all records since new,tacoma
toyota,tundra 1794 edition,tundra
toyota,tundra sr5 4wd,tundra
toyota,tundra sr5 4x4 1/2 ton,tundra
toyota,venza le wagon 4d,venza
toyota,c-hr xle,c-hr
toyota,camry l sedan 4d,camry
toyota,corolla l sedan 4d,corolla
toyota,fj cruiser base,fj cruiser
toyota,scion,unknown
toyota,sienna l minivan 4d,sienna
toyota,solara sle convertible,solara
toyota,tacoma 4x4 v6,tacoma
toyota,tacoma limited 4x4 gas,tacoma
toyota,tundra access cab,tundra
toyota,yaris l,yaris
toyota,yaris le,yaris
toyota,4runner trd off road,4runner
toyota,c-hr xle premium sport,c-hr
toyota,corolla s plus,corolla
toyota,corolla xrs,corolla
toyota,cressida,cressida
toyota,fj cruiser 4wd,fj cruiser
toyota,matrix s,matrix
toyota,previa,previa
toyota,prius five,prius
toyota,prius three touring,prius
toyota,rav4 4wd,rav4
toyota,rav4 le awd,rav4
toyota,sequoia platinum,sequoia
toyota,tacoma double cab 4wd v6,tacoma
toyota,tacoma trd prerunner,tacoma
toyota,tacoma v6 4dr double cab,tacoma
toyota,truck,unknown
toyota,tundra 4x4 trd,tundra
toyota,tundra crewmax sr5 4x4,tundra
toyota,tundra platinum,tundra
toyota,venza xle,venza
toyota,4runner trd off-road pre,4runner
toyota,86 trd special edition,86
toyota,avalon hybrid xle plus,avalon
toyota,camry solara sle v6,solara
toyota,corolla hatchback,corolla
toyota,land cruiser fj80,land cruiser
toyota,matrix s awd,matrix
toyota,matrix xrs,matrix
toyota,prius c hybrid,prius
toyota,prius three hatchback 4d,prius
toyota,rav4 - rear camera - bluetooth - good on gas -,rav4
toyota,rav4 hybrid xle,rav4
toyota,rav4 sport utility 4d,rav4
toyota,sienna xle-nav,sienna
toyota,solara convertible,solara
toyota,tacoma crew cab short bo,tacoma
toyota,tacoma double cab sr,tacoma
toyota,tacoma prerunner rwd gas,tacoma
toyota,tacoma sr5 4x4,tacoma
toyota,tacoma v6,tacoma
toyota,tundra sr5 double cab,tundra
toyota,venza awd v6,venza
toyota,4 runner sr5,4runner
toyota,4runner 4x4,4runner
toyota,4runner sr5 awd,4runner
toyota,4runner sr5 premium 4x4,4runner
toyota,avalon touring,avalon
toyota,camry le w/ navigation system,camry
toyota,camry solara sle,solara
toyota,corolla le premium sedan,corolla
toyota,corolla le sedan,corolla
toyota,corolla s sedan 4d,corolla
toyota,gr supra,supra
toyota,hiace,hiace
toyota,highlander le,highlander
toyota,lifted tacoma trd sport,tacoma
toyota,lifted tundra sr5 trd off,tundra
toyota,martrix,matrix
toyota,matrix xr hatchback,matrix
toyota,prius c three hatchback,prius
toyota,prius hatchback,prius
toyota,prius one hatchback 4d,prius
toyota,prius prime premium,prius
toyota,rav 4 le,rav4
toyota,rav-4,rav4
toyota,rav4 base,rav4
toyota,rav4 fwd,rav4
toyota,sienna le fwd 8-passenger (natl),sienna
toyota,sienna se minivan 4d,sienna
toyota,sienna xle 8 passenger,sienna
toyota,tacoma base,tacoma
toyota,tacoma prerunner 4x2,tacoma
toyota,tacoma prerunner sr5,tacoma
toyota,tacoma trd sport rwd gas,tacoma
toyota,tacoma truck 4x4,tacoma
toyota,truck tundra sr5,tundra
toyota,tundra 4wd sr5,tundra
toyota,tundra sr5 4x4 half ton,tundra
toyota,avalon limited w/ navigation / moon roof,avalon
toyota,avalon xle sedan 4d,avalon
toyota,avalon xse sedan 4d,avalon
toyota,camry le auto (natl),camry
toyota,camry lesedan,camry
toyota,chr,c-hr
toyota,fj40,land cruiser
toyota,highlander base,highlander
toyota,highlander plus,highlander
toyota,highlander v6,highlander
toyota,land cruiser 4wd,land cruiser
toyota,land cruiser 4x4 / leathe,land cruiser
toyota,paseo,paseo
toyota,pickup 4x4,pickup
toyota,prius 5dr hb (natl),prius
toyota,prius hybrid hatchback,prius
toyota,prius standard,prius
toyota,seirra,sierra 1500
toyota,sequoia platinum sport,sequoia
toyota,sequoia sr5 4x4,sequoia
toyota,sienna limited awd,sienna
toyota,sienna se premium minivan,sienna
toyota,solara se convertible,solara
toyota,tacoma 2dr regular cab,tacoma
toyota,tacoma 4dr double cab sr5,tacoma
toyota,tacoma crew cab,tacoma
toyota,tacoma double cab long bed v6 auto 4wd 48k miles,tacoma
toyota,tacoma pre-runner sr5 4x2,tacoma
toyota,tacoma sr,tacoma
toyota,tacoma sr 4x4 1/4 ton gas,tacoma
toyota,tundra limited 4x4 gas,tundra
toyota,tundra limited double cab,tundra
toyota,tundra platinum 4x4 gas,tundra
toyota,tundra sr5 trd offroad,tundra
toyota,van,unknown
toyota,venza limited wagon 4d,venza
toyota,venza xle awd,venza
toyota,yaris l sedan 4d,yaris
toyota,yaris s,yaris
toyota,4runner sport edition 4wd,4runner
toyota,4runner sr5 4x4 gas suv,4runner
toyota,avalon hybrid xse sedan,avalon
toyota,c-hr xle fwd (natl),c-hr
toyota,camry se sport,camry
toyota,camry solara se,solara
toyota,celica gts,celica
toyota,corolla 4dr sdn auto s (natl),corolla
toyota,corolla dx,corolla
toyota,crown wagon,crown
toyota,electric rav4 prime xse awd,rav4
toyota,fj40 land cruiser,land cruiser
toyota,hiace van,hiace
toyota,highlander 4wd,highlander
toyota,highlander sport 4x4,highlander
toyota,hilux,hilux
toyota,lifted 4runner trd off,4runner
toyota,lifted tundra platinum,tundra
toyota,prius bad credit,prius
toyota,prius c fourhatchback,prius
toyota,prius ii hatchback 4d,prius
toyota,prius v five wagon 4d,prius
toyota,rav4 limited 4x4,rav4
toyota,rav4 limited sport,rav4
toyota,sequoia trd sport,sequoia
toyota,sienna le 8 passenger,sienna
toyota,sienna le minivan,sienna
toyota,sienna se 8-passenger,sienna
toyota,solara se,solara
toyota,solara sle,solara
toyota,tacoma access cab 4wd sr5,tacoma
toyota,tacoma access cab trd pro,tacoma
toyota,tacoma double cab trd sport 4wd,tacoma
toyota,tacoma sr access cab 4x2,tacoma
toyota,tacoma trd pro 4x4 gas,tacoma
toyota,tacoma trd sport v6crew,tacoma
toyota,tacoma xtracab v6 auto 4wd (natl),tacoma
toyota,tundra 1794 4x4,tundra
toyota,tundra platinum crew max lifted on 37s,tundra
toyota,tundra sr5 crewmax,tundra
toyota,tundra trd off road,tundra
toyota,venza 5-door v6 sedan,venza
toyota,yaris le 4dr h/b,yaris
toyota,4runner sport,4runner
toyota,4runner sr5 2wd (natl),4runner
toyota,4runner sr5 4x2,4runner
toyota,4runner trail premium,4runner
toyota,4runner trd offrd premium,4runner
toyota,4x4,unknown
toyota,avalon limited hybrid,avalon
toyota,avalon xle,avalon
toyota,avalon xlt,avalon
toyota,camry ce sedan,camry
toyota,camry hybrid sedan,camry
toyota,camry l,camry
toyota,camry le sedan,camry
toyota,camry le v6,camry
toyota,camry se special edition,camry
toyota,camry solara sle convertible,solara
toyota,camry xse w/ bird's eye view cameras,camry
toyota,celica supra,supra
toyota,corolla ce sedan,corolla
toyota,corolla le plus,corolla
toyota,corolla s plus sedan 4d,corolla
toyota,corolla s sedan,corolla
toyota,corolla s special edition,corolla
toyota,corolla se sedan 4d,corolla
toyota,corrolla,corolla
toyota,cresta,cresta
toyota,"fj cruiser | *one owner*,",fj cruiser
toyota,highlander le awd gas suv,highlander
toyota,highlander le plus awd v6,highlander
toyota,highlander limited 4wd 5-speed automatic,highlander
toyota,"highlander limited platinum awd, w/ panorama roof",highlander
toyota,highlander limited sport,highlander
toyota,highlander v6 4wd,highlander
toyota,highlander xle awd gas,highlander
toyota,land cruiser 4x4,land cruiser
toyota,land cruiser fj40,land cruiser
toyota,lifted 4runner sr5 4x4,4runner
toyota,lifted tacoma trd off 4x4,tacoma
toyota,lifted tundra crewmax sr5,tundra
toyota,matrix xr awd,matrix
toyota,pick up,pickup
toyota,prius persona series,prius
toyota,prius prime advanced,prius
toyota,prius prius ii cvt,prius
toyota,prius prius v,prius
toyota,prius v hatchback,prius
toyota,rav 4 xle,rav4
toyota,rav platinum,rav4
toyota,rav-4 rav4,rav4
toyota,rav4 4wd 5 speed,rav4
toyota,rav4 hybrid limited,rav4
toyota,rav4 hybrid se sport,rav4
toyota,rav4 le fwd (natl),rav4
toyota,rav4 limited awd (natl),rav4
toyota,rav4 se,rav4
toyota,rav4 se awd w/ leather,rav4
toyota,scion wheelchair van,unknown
toyota,sequoia platinum 4x4,sequoia
toyota,sequoia sr5 4x2,sequoia
toyota,sienna awd,sienna
toyota,sienna ce 7 passenger,sienna
toyota,sienna se premium,sienna
toyota,sienna xle limited 7,sienna
toyota,supra gr rwd gas coupe,supra
toyota,t100 4x4,t100
toyota,tacoma 2wd sr5 double cab 5' bed v6 at (natl),tacoma
toyota,tacoma 2wd trd sport double cab 5' bed v6 at (natl),tacoma
toyota,tacoma 4wd trd offroad,tacoma
toyota,tacoma crew cab sr 4x4,tacoma
toyota,tacoma limited,tacoma
toyota,tacoma sr5 4x4 double cab,tacoma
toyota,tacoma sr5 double cab,tacoma
toyota,tacoma sr5 prerunner,tacoma
toyota,tacoma sr5 trd off road,tacoma
toyota,tacoma sr5 v6,tacoma
toyota,tacoma sr5 v6 4x2double,tacoma
toyota,tacoma trd 4x4,tacoma
toyota,tacoma trd sport double cab 5' bed v6 4x2 at (natl),tacoma
toyota,tundra 4x4 limited 4dr cremax cab pickup (5.7 v8),tundra
toyota,tundra platinum 4x4,tundra
toyota,tundra sr5 4x2 crewmax,tundra
toyota,tundra trd,tundra
toyota,tundra trd off road 4x4,tundra
toyota,venza awd v6 4dr,venza
toyota,venza v6 awd,venza
toyota,4runner rwd 4dr v6 sr5 (natl),4runner
toyota,4runner rwd 4dr v6 sr5 premium (natl),4runner
toyota,4runner sr5 2wd with,4runner
toyota,4runner sr5 4wd (natl),4runner
toyota,4runner sr5 sport,4runner
toyota,4runner trail,4runner
toyota,4runner trd pro,4runner
toyota,86 coupe 2d,86
toyota,86 gt,86
toyota,avalon hybrid xle touring,avalon
toyota,avalon touring sedan 4d,avalon
toyota,avalon trd sedan 4d,avalon
toyota,avalon xle premium,avalon
toyota,avalon xle premiumsedan,avalon
toyota,avalong limited,avalon
toyota,c-hr le sport utility 4d,c-hr
toyota,c-hr xle sport utility 4d,c-hr
toyota,camry base,camry
toyota,camry base 4dr sedan 6a,camry
toyota,camry le 4dr sedan 5a,camry
toyota,camry le automatic,camry
toyota,camry only 75k miles,camry
toyota,camry se *4dr *sedan 1-*owner *clean carfax *local *car *leather *back of *camera,camry
toyota,camry sedan i4,camry
toyota,camry solara 2dr cpe se v6 auto (natl),solara
toyota,camry trd,camry
toyota,camry xle hybrid,camry
toyota,camry xlesedan,camry
toyota,carolla,corolla
toyota,celica gt convertible,celica
toyota,corolla 4dr sdn auto le (natl),corolla
toyota,corolla hybrid le sedan,corolla
toyota,corolla im cvt,corolla
toyota,corolla l cvt,corolla
toyota,corolla le automatic,corolla
toyota,corolla le eco,corolla
toyota,corolla le special editi,corolla
toyota,corolla matrix xr,matrix
toyota,corolla s premium sedan,corolla
toyota,corolla sesedan cvt,corolla
toyota,corolla xle,corolla
toyota,fj,fj cruiser
toyota,fj cruiser 4x4 bad credit,fj cruiser
toyota,g90 5.0l ultimatesedan,g90
toyota,highlander fwd 4dr i4 (natl),highlander
toyota,highlander limited 4wd,highlander
toyota,highlander limited hybrid,highlander
toyota,highlander se sport,highlander
toyota,highlander suv,highlander
toyota,hilux surf,hilux
toyota,land cruiser landcruiser,land cruiser
toyota,land crusier,land cruiser
toyota,landcruiser fj60,land cruiser
toyota,lifted tacoma sr 4x4 gas,tacoma
toyota,lifted tacoma sr5 4x4 gas,tacoma
toyota,matrix awd,matrix
toyota,matrix base 4-speed at,matrix
toyota,pickup truck,pickup
toyota,prius 2,prius
toyota,prius 3,prius
toyota,prius c one,prius
toyota,prius hybrid electric,prius
toyota,prius hybrid touring,prius
toyota,prius v five,prius
toyota,prius v two,prius
toyota,prius v wagon,prius
toyota,prius xle hatchback 4d,prius
toyota,pruis hybrid,prius
toyota,rav 4 awd,rav4
toyota,rav 4 limited 4x4,rav4
toyota,rav-4 xle,rav4
toyota,rav4 adventure,rav4
toyota,rav4 adventure awd gas,rav4
toyota,rav4 awd 5 speed,rav4
toyota,rav4 le sport utility,rav4
toyota,rav4 limited 4wd,rav4
toyota,rav4 sport 4wd,rav4
toyota,rav4 sport sportsuv,rav4
toyota,rav4 suv,rav4
toyota,rav4 xle 4wd,rav4
toyota,rav4 xle premium,rav4
toyota,rv4,rav4
toyota,sequioa,sequoia
toyota,sequoia 4wd platinum,sequoia
toyota,sequoia limited sport,sequoia
toyota,sienna l,sienna
toyota,sienna l fwd 7-passenger (natl),sienna
toyota,sienna le wheelchair han,sienna
toyota,sienna xle 7 passenger,sienna
toyota,sienna xle 8-passenger,sienna
toyota,sienna xle limited awd,sienna
toyota,tacoma *stout *1900 *show classic old pu,stout
toyota,tacoma 2dr xtracab,tacoma
toyota,tacoma 4dr access cab sr5,tacoma
toyota,tacoma 4dr double cab,tacoma
toyota,tacoma 4dr double cab trd,tacoma
toyota,tacoma 4wd double cab v6 at (natl),tacoma
toyota,"tacoma 4wd sr | 4x4, v6,",tacoma
toyota,tacoma crew cab pickup,tacoma
toyota,tacoma limited 4x4,tacoma
toyota,tacoma limited v6,tacoma
toyota,tacoma prerunner trd rwd,tacoma
toyota,"tacoma sr v6, , lifted,",tacoma
toyota,tacoma sr5 access cab,tacoma
toyota,tacoma sr5 v6 4x4double,tacoma
toyota,"tacoma trd-sport, v6, ,",tacoma
toyota,tacoma v6 4x4double cab,tacoma
toyota,"tacoma v6, 4dr, , tastef",tacoma
toyota,taoma,tacoma
toyota,townace,townace
toyota,tundra 1794,tundra
toyota,tundra 1794 platinum 4x4,tundra
toyota,tundra 2wd,tundra
toyota,tundra 4x2 double cab,tundra
toyota,tundra 4x4 - sr5 - crewmax cab - 5.7l v8 - 1-owner - local truck,tundra
toyota,tundra base double cab 5.7l 4wd,tundra
toyota,tundra crewmax 4x4,tundra
toyota,tundra sr double cab,tundra
toyota,tundra sr5 access cab,tundra
toyota,tundra sr5 crew cab,tundra
toyota,tundra sr5 double cab 4x4,tundra
toyota,tundra trd pro 4x4,tundra
toyota,venza le awd,venza
toyota,venza wagon v6,venza
toyota,yaris 5-door l,yaris
toyota,yaris se,yaris
toyota,yaris se hatchback sedan,yaris
toyota,yaris sedan le,yaris
triumph,triumph tr6,tr6
triumph,triumph spitfire,spitfire
triumph,triumph spitfire 1500,spitfire
triumph,triumph tr 6,tr6
triumph,triumph tr7,tr7
unknown,grand caravan,grand caravan
unknown,500,unknown
unknown,f-150,f-150
unknown,blue bird blue bird,unknown
unknown,ierra 1500,sierra 1500
unknown,2017,unknown
unknown,buy here pay here,unknown
unknown,2018,unknown
unknown,olet silverado 2500hd,silverado 2500
unknown,janesville,unknown
unknown,2016,unknown
unknown,blue bird all american,all american
unknown,chryler town and country,town and country
unknown,mclaren 570gt w/ upgrades,570gt
unknown,odyssey,odyssey
unknown,workhorse w42,w42
unknown,2015,unknown
unknown,super duty f-250 srw,f-250
unknown,corvette,corvette
unknown,to 2017,unknown
unknown,2013,unknown
unknown,olet silverado 1500,silverado 1500
unknown,toyota* yaris*,yaris
unknown,2006,unknown
unknown,all cars,unknown
unknown,forde450,e-series
unknown,pierce model tilt cab,unknown
unknown,pilot,pilot
unknown,rolls royce phantom,phantom
unknown,thomas school bus,unknown
unknown,olet express commercial cutaway,express
unknown,mazda3,mazda3
unknown,htliner cascadia,cascadia
unknown,2002,unknown
unknown,2011,unknown
unknown,2014,unknown
unknown,emergency one fire truck,unknown
unknown,enclave,enclave
unknown,mgb convertible,mgb
unknown,pt cruiser,pt cruiser
unknown,vpg mv-1,mv-1
unknown,- promaster city,promaster city
unknown,1999,unknown
unknown,2008,unknown
unknown,all,unknown
unknown,blue bird bus,unknown
unknown,cx-5,cx-5
unknown,grand cherokee,grand cherokee
unknown,mgb roadster,mgb
unknown,other mv-1,mv-1
unknown,series,unknown
unknown,a sienna,sienna
unknown,any,unknown
unknown,mobility ventures mv-1 se wheel,mv-1
unknown,olet equinox,equinox
unknown,oul,unknown
unknown,2012,unknown
unknown,a rav4,rav4
unknown,chysler 300,300
unknown,explorer,explorer
unknown,geo tracker,tracker
unknown,mgb,mgb
unknown,n altima,altima
unknown,u impreza,impreza
unknown,amc rambler,rambler
unknown,focus,focus
unknown,honda* civic*,civic
unknown,ic ce pb105,ce
unknown,ic ic,unknown
unknown,intl prostar,prostar
unknown,jeep* patriot*,patriot
unknown,lotus evora,evora
unknown,mazda5,mazda5
unknown,mustang,mustang
unknown,polaris slingshot sl,slingshot
unknown,f150,f-150
unknown,ford* edge*,edge
unknown,geo metro,metro
unknown,gmc* sierra,sierra 1500
unknown,honda* fit*,fit
unknown,hyndai elantra,elantra
unknown,hyndai sonata,sonata
unknown,jeep* renegade*,renegade
unknown,lamborghini huracan,huracan
unknown,n rogue,rogue
unknown,super duty f-350,f-350
unknown,utilimaster step van,unknown
unknown,volvo* xc60*,xc60
unknown,500 classic,unknown
unknown,a tundra 4wd,tundra
unknown,amc ambassador,ambassador
unknown,any and all,unknown
unknown,bluebird bus,unknown
unknown,chysler town and country,town and country
unknown,des-benz e-class,e-class
unknown,junk,unknown
unknown,ler voyager,voyager
unknown,mv-1 van,mv-1
unknown,silverado 2500,silverado 2500
unknown,studebaker champion,champion
unknown,transit van,transit
unknown,water truck,unknown
unknown,2003,unknown
unknown,ai elantra,elantra
unknown,cr-v,cr-v
unknown,forde350,e-series
unknown,geo prizm,prizm
unknown,gm,unknown
unknown,nissan*altima*gxe,altima
unknown,u outback,outback
unknown,2004,unknown
unknown,2007,unknown
unknown,acura* mdx*,mdx
unknown,anyon,unknown
unknown,cadia,unknown
unknown,chec malibu ls,malibu
unknown,cherokee,cherokee
unknown,chevrolet* colorado*,colorado
unknown,civic sedan,civic
unknown,civic si coupe,civic
unknown,click here buy here pay here,unknown
unknown,crown vic,crown victoria
unknown,daihatsu hijet,hijet
unknown,edge,edge
unknown,f250,f-250
unknown,f800 dump truck,f-800
unknown,hyndai santa fe,santa fe
unknown,mercedes-benz* r-class*,r-class
unknown,nash metropolitan,metropolitan
unknown,olet cruze,cruze
unknown,packard,unknown
unknown,prius,prius
unknown,promaster cargo van,promaster
unknown,race car,unknown
unknown,shelby cobra,cobra
unknown,todos marcas,unknown
unknown,transit passenger wagon,transit
unknown,willys coupe,unknown
unknown,.,unknown
unknown,1985 corvette,corvette
unknown,2006 hummer h3,h3
unknown,2010,unknown
unknown,2015 silverado hd,unknown
unknown,2020,unknown
unknown,2d8hn54159r611084,unknown
unknown,ai sonata,sonata
unknown,am general m998,humvee
unknown,ask for tom dauphin,unknown
unknown,austin healey sprite,sprite
unknown,caddilac deville,deville
unknown,chevelle,chevelle
unknown,des-benz c-class,c-class
unknown,el camino,el camino
unknown,elluride,telluride
unknown,envision,envision
unknown,fabrique par carry on trailer,unknown
unknown,ford* fiesta*,fiesta
unknown,gmc* sierra*,sierra 1500
unknown,ic corporation,unknown
unknown,ierra 3500hd,sierra 3500
unknown,lexus* ls*,ls
unknown,n murano,murano
unknown,olet tahoe,tahoe
unknown,pontiacg6,g6
unknown,rolls royce silver shadow,silver shadow
unknown,romaster cargo van,promaster
unknown,special finance program 2021,unknown
unknown,subaru* impreza*,impreza
unknown,suburu outback,outback
unknown,u crosstrek,crosstrek
unknown,u legacy,legacy
unknown,wheelchair handicap van,unknown
unknown,willys,unknown
unknown,1976 corvette stingray,corvette
unknown,2008 suzuki sx4,sx4
unknown,2014 toyoyta 4runner limited,4runner
unknown,a4,a4
unknown,all makes,unknown
unknown,caddilac cts,cts
unknown,cars and suvs,unknown
unknown,cheverolet corvette,corvette
unknown,cheverolet impala,impala
unknown,chrystler town and country,town and country
unknown,des-benz cla,cla
unknown,errain,terrain
unknown,f8oo dump truck,f-800
unknown,gladiator,gladiator
unknown,hundai elantra,elantra
unknown,hundai sonata,sonata
unknown,ierra 2500hd,sierra 2500
unknown,izusu npr,npr
unknown,jeepster commando,commando
unknown,kw t800,t800
unknown,lac xt5 crossover,xt5
unknown,lamborghini gallardo,gallardo
unknown,mazda3 hatchback,mazda3
unknown,mx-5 miata rf,mx-5 miata
unknown,nova wagon,nova
unknown,olet express cargo van,express
unknown,olet trax,trax
unknown,pierce dash,unknown
unknown,shelby cobra replica,cobra
unknown,studebaker commander,commander
unknown,super duty f-350 srw,f-350
unknown,tlx,tlx
unknown,toyota* camry*,camry
unknown,toyta camry,camry
unknown,u forester,forester
unknown,western star conventional,unknown
unknown,willys wagon,unknown
unknown,workhorse stepvan,unknown
unknown,wrangler sport,wrangler
unknown,wrangler unlimited,wrangler
unknown,1963 morris minor woody,minor
unknown,1967 capris supersport,unknown
unknown,1968 mustang convertible,mustang
unknown,1969 f250 f100,f-250
unknown,1976,unknown
unknown,1982 corvette,corvette
unknown,1987,unknown
unknown,1987 corvette,corvette
unknown,1995 corvette,corvette
unknown,2000,unknown
unknown,2001,unknown
unknown,2001 plymouth prowler,prowler
unknown,2009 scion xb,xb
unknown,2013 genesis coupe,genesis coupe
unknown,a 4runner,4runner
unknown,a camry,camry
unknown,accord sedan,accord
unknown,ai santa fe,santa fe
unknown,all makes all modles,unknown
unknown,all makes and models,unknown
unknown,am general humvee,humvee
unknown,amc javelin,javelin
unknown,caddilac srx,srx
unknown,cadilac escalade,escalade
unknown,camaro,camaro
unknown,caterpillar ct660s,ct660
unknown,ce300,unknown
unknown,chev. 4wd,unknown
unknown,chinook 178qb,unknown
unknown,chrylser pt cruiser,pt cruiser
unknown,coleman 2825rk,unknown
unknown,coupe,unknown
unknown,dodger nitro  slt 4+4,nitro
unknown,eagle custom,unknown
unknown,frightliner,unknown
unknown,gehl r220,unknown
unknown,gem,unknown
unknown,grand caravan 3.3,grand caravan
unknown,"honda,toyota,nissan,chevy",unknown
unknown,hr-v,hr-v
unknown,huyndai sonata,sonata
unknown,hyondai santa fe gls,santa fe
unknown,hyundia elantra,elantra
unknown,ic school bus,unknown
unknown,is 250,is
unknown,jag xj8,xj
unknown,kaiser deluxe,unknown
unknown,m-932,unknown
unknown,mazda3 grand touring sedan,mazda3
unknown,mgb gt,mgb
unknown,model 3,model 3
unknown,n frontier,frontier
unknown,no data no data,unknown
unknown,olds,unknown
unknown,olet colorado,colorado
unknown,olet silverado 3500hd cc,silverado 3500
unknown,olet traverse,traverse
unknown,opel gt,gt
unknown,polaris slingshot,slingshot
unknown,ptima,optima
unknown,ranger,ranger
unknown,regal sportback,regal
unknown,rolls royce silver spur,silver spur
unknown,santa fe 4x4,santa fe
unknown,sl 4x4,unknown
unknown,spartan gladiator,unknown
unknown,studebaker hawk,hawk
unknown,sunbeam tiger,tiger
unknown,super duty f-450 drw cab-chassis,f-450
unknown,taurus,taurus
unknown,tl,tl
unknown,u wrx,wrx
unknown,wagen atlas,atlas
unknown,- 4wd - 5 seat - double cab,unknown
unknown,- isuzu npr landscape truck,npr
unknown,- model s,model s
unknown,05 saab 93 convertible,9-3
unknown,1,unknown
unknown,1949 diamond t,unknown
unknown,1967 camaro,camaro
unknown,1967 corvair,corvair
unknown,1967 mustang,mustang
unknown,1968 camaro,camaro
unknown,1969 corvette,corvette
unknown,1974,unknown
unknown,1974 corvette,corvette
unknown,1978 corvette,corvette
unknown,1979 corvette,corvette
unknown,1979 mgb,mgb
unknown,1982,unknown
unknown,1988 suzuki samurai,samurai
unknown,1992 corvette,corvette
unknown,1993 corvette,corvette
unknown,1995,unknown
unknown,1997,unknown
unknown,1999 corvette,corvette
unknown,2004 f250,f-250
unknown,2004 sterling l7500,l7500
unknown,2006 scion xb,xb
unknown,2007 f0rd escape,escape
unknown,2008 hummer h3,h3
unknown,2008 suzuki sx4 hatchback 4d,sx4
unknown,2011 suzuki grand vitara,grand vitara
unknown,2013 scion fr-s,fr-s
unknown,2015 scion tc,tc
unknown,24,unknown
unknown,a highlander,highlander
unknown,a tacoma,tacoma
unknown,a tundra,tundra
unknown,accord,accord
unknown,am general,unknown
unknown,astro vsn awd,astro
unknown,austin devon,devon
unknown,autocar flatbed truck,unknown
unknown,avanti ii,avanti
unknown,bmw325i,3 series
unknown,bmw330i,3 series
unknown,c10,c10
unknown,caddilac dts,dts
unknown,caddilac escalade,escalade
unknown,camaro z28,camaro
unknown,camry,camry
unknown,capri,capri
unknown,carcash,unknown
unknown,cargo van,unknown
unknown,challenger,challenger
unknown,chev. corvette,corvette
unknown,chevelle malibu,chevelle
unknown,cheverolet suburban,suburban
unknown,chevrolet/equinox,equinox
unknown,chevroletnoman,nomad
unknown,chinook dream 175bh,unknown
unknown,chinook dream 260bh,unknown
unknown,chrsyler town & country,town and country
unknown,chrylser 300c,300
unknown,chryser 200 c sedan,200
unknown,chrysler-vmi-♿,unknown
unknown,chrysler/aspen,aspen
unknown,civic hatchback,civic
unknown,cooper hardtop 4 door,cooper
unknown,corvette stingray,corvette
unknown,crane truck,unknown
unknown,custom,unknown
unknown,desoto custom,custom
unknown,dogde durango,durango
unknown,dune buggy,unknown
unknown,durango,durango
unknown,e-series cutaway,e-series
unknown,e450 e350,e-series
unknown,eagle talon,talon
unknown,eclipse stellar stellar  27fs,unknown
unknown,edsel ranger,ranger
unknown,elantra se,elantra
unknown,element -- 4wd -- moonroof,element
unknown,es,es
unknown,es 350,es
unknown,escape,escape
unknown,expedition,expedition
unknown,expedition max,expedition
unknown,f-150 platinum 4x4,f-150
unknown,f250 1969 f100,f-250
unknown,f350,f-350
unknown,fisker karma,karma
unknown,fl fld120,fld120
unknown,flatbed truck,unknown
unknown,focus st,focus
unknown,fords f650,f-650
unknown,frht business class m-2,m2
unknown,gladiator spartan,unknown
unknown,gmc* acadia*,acadia
unknown,gulf xinnsbruck,unknown
unknown,h,unknown
unknown,hiunday elantra,elantra
unknown,huyndai elantra,elantra
unknown,ihc 7300,7300
unknown,internatioal 7300,7300
unknown,iro,unknown
unknown,iti q50,q50
unknown,kaiser,unknown
unknown,keep wrangler,wrangler
unknown,keystone rv laredo,unknown
unknown,lacrosse,lacrosse
unknown,lance,unknown
unknown,lotus elise,elise
unknown,m817 dump,unknown
unknown,mazda3 5-door,mazda3
unknown,mazda6,mazda6
unknown,mclaren 570gt w upgrades,570gt
unknown,mclaren 570s,570s
unknown,mercedez benz c230,c-class
unknown,mgb limited edition,mgb
unknown,military truck,unknown
unknown,mini-t campervan,unknown
unknown,mini-t class b campervan,unknown
unknown,minicooper,cooper
unknown,miscellaneous,unknown
unknown,mitubishi outlander,outlander
unknown,model a,model a
unknown,morris minor,minor
unknown,morris minor woody,minor
unknown,murano,murano
unknown,mustang gt convertible,mustang
unknown,nash,unknown
unknown,nissan/datsun 720,720
unknown,nissian altima,altima
unknown,nova,nova
unknown,olet impala,impala
unknown,olet malibu,malibu
unknown,olet silverado md,silverado md
unknown,other astec rt1000 trencher,unknown
unknown,packard clipper,clipper
unknown,peterbuilt 337,337
unknown,pierce saber pumper,unknown
unknown,plym duster 2dr,duster
unknown,pontaic g6,g6
unknown,qx,unknown
unknown,r f-pace,f-pace
unknown,ranger xl,ranger
unknown,rex,unknown
unknown,ridgeline,ridgeline
unknown,rolls royce,unknown
unknown,rx,unknown
unknown,setra 2515,unknown
unknown,silverado,silverado 1500
unknown,studebaker champ,champ
unknown,studebaker lark,lark
unknown,suburu impreza,impreza
unknown,super duty f-350 srw cab-chassis,f-350
unknown,tahoe,tahoe
unknown,thunderbird,thunderbird
unknown,town and country limited,town and country
unknown,trans am,firebird
unknown,truck,unknown
unknown,ukon,yukon
unknown,vintage olds aurora,aurora
unknown,wagen golf sportwagen,golf
unknown,western star,unknown
unknown,willys cj5,cj-5
unknown,willys jeepster,jeepster
unknown,willys truck,unknown
unknown,winnebago,unknown
unknown,wolf brand scooters wolf ex 150,unknown
unknown,workhorse p42,p42
unknown,wrangler,wrangler
unknown,wrangler jk unlimited,wrangler
unknown,yamaha  4 seat,unknown
unknown,yamaha fz09c,fz-09
unknown,yamaha fz6r,fz6r
unknown,yamaha xvs650/a/c/ac/at/atc/v st,v star 650
unknown,z28,camaro
volkswagen,jetta,jetta
volkswagen,passat,passat
volkswagen,tiguan,tiguan
volkswagen,beetle,beetle
volkswagen,beetle 1.8t fleet,beetle
volkswagen,gti,golf
volkswagen,jetta 1.4t s sedan 4d,jetta
volkswagen,golf gti s hatchback,golf
volkswagen,cc,cc
volkswagen,golf,golf
volkswagen,touareg tdi sport suv,touareg
volkswagen,eos komfort,eos
volkswagen,jetta sedan,jetta
volkswagen,jetta se,jetta
volkswagen,golf gti,golf
volkswagen,rabbit,rabbit
volkswagen,touareg,touareg
volkswagen,eos sport convertible,eos
volkswagen,golf tdi sel,golf
volkswagen,jetta 1.4t sel,jetta
volkswagen,jetta sportwagen 2.0l,jetta
volkswagen,atlas,atlas
volkswagen,new beetle,beetle
volkswagen,atlas s 4motion sport,atlas
volkswagen,jetta tdi,jetta
volkswagen,atlas se 4motion,atlas
volkswagen,golf sportwagen tsi s,golf
volkswagen,jetta s,jetta
volkswagen,golf gti se hatchback,golf
volkswagen,golf 1.4t tsi,golf
volkswagen,golf alltrack tsi s,golf
volkswagen,cc sport,cc
volkswagen,routan,routan
volkswagen,beetle coupe,beetle
volkswagen,e-golf se hatchback,golf
volkswagen,beetle convertible,beetle
volkswagen,jetta gli,jetta
volkswagen,golf sportwagen tdi,golf
volkswagen,eos,eos
volkswagen,vanagon,vanagon
volkswagen,jetta gli autobahn,jetta
volkswagen,golf sportwagen,golf
volkswagen,gti hatchback sedan,golf
volkswagen,atlas cross sport se,atlas cross sport
volkswagen,golf r,golf
volkswagen,super beetle,beetle
volkswagen,tiguan 2.0t s sport,tiguan
volkswagen,golf r 4motion,golf
volkswagen,golf sportwagen tdi s,golf
volkswagen,jetta gli 35th,jetta
volkswagen,jetta sportwagen tdi,jetta
volkswagen,bug,beetle
volkswagen,jetta sportwagen,jetta
volkswagen,tiguan limited 2.0t,tiguan
volkswagen,gti wolfsburg edition,golf
volkswagen,tiguan 2.0t s 4motion,tiguan
volkswagen,passat se,passat
volkswagen,tiguan s,tiguan
volkswagen,jetta tdi sportwagen,jetta
volkswagen,e-golf sel premium,golf
volkswagen,beetle 1.8t se,beetle
volkswagen,gti autobahn,golf
volkswagen,beetle 2.0t coast,beetle
volkswagen,jetta gls,jetta
volkswagen,golf tdi se hatchback,golf
volkswagen,karmann ghia,karmann ghia
volkswagen,routan se,routan
volkswagen,beetle turbo,beetle
volkswagen,passat tdi sel,passat
volkswagen,passat wagon,passat
volkswagen,tiguan se,tiguan
volkswagen,vanagon westfalia,vanagon
volkswagen,beetle 1.8t,beetle
volkswagen,beetle tdi,beetle
volkswagen,bus,bus
volkswagen,golf tdi,golf
volkswagen,jetta 1.4t s,jetta
volkswagen,tiguan 2.0t sel sport,tiguan
volkswagen,atlas sel premium,atlas
volkswagen,beetle 2.0t s,beetle
volkswagen,e-golf,golf
volkswagen,eurovan,eurovan
volkswagen,tiguan sel,tiguan
volkswagen,atlas se sport,atlas
volkswagen,eurovan camper,eurovan
volkswagen,golf gti autobahn,golf
volkswagen,golf r hatchback,golf
volkswagen,jetta gl,jetta
volkswagen,golf alltrack,golf
volkswagen,jetta tsi,jetta
volkswagen,passat tdi,passat
volkswagen,tiguan s 4motion,tiguan
volkswagen,jetta sel,jetta
volkswagen,passat komfort,passat
volkswagen,volkswagon jetta,jetta
volkswagen,atlas cross sport sel,atlas cross sport
volkswagen,beetle 1.8t s,beetle
volkswagen,beetle 2.0t se,beetle
volkswagen,jetta 1.4t se,jetta
volkswagen,jetta 1.8t sport,jetta
volkswagen,golf alltrack tsi se,golf
volkswagen,jetta 2.5,jetta
volkswagen,passat 2.0t,passat
volkswagen,passat 2.0t se sedan,passat
volkswagen,thing,thing
volkswagen,arteon sel r-line,arteon
volkswagen,golf gti rabbit,golf
volkswagen,jetta 2.0l tdi sedan,jetta
volkswagen,jetta 2.5 se,jetta
volkswagen,passat 2.0t r-line,passat
volkswagen,passat s,passat
volkswagen,atlas launch edition,atlas
volkswagen,golf sportwagen tsi,golf
volkswagen,jetta tsi turbo,jetta
volkswagen,jetta wagon,jetta
volkswagen,new beetle coupe,beetle
volkswagen,passat 1.8t,passat
volkswagen,passat 1.8t se,passat
volkswagen,routan sel,routan
volkswagen,tiguan 2.0t se sport,tiguan
volkswagen,beetle bug,beetle
volkswagen,cc 3.6 vr6 4motion,cc
volkswagen,jetta se pzev,jetta
volkswagen,jetta sedan se,jetta
volkswagen,passat 1.8t s,passat
volkswagen,r32,golf
volkswagen,atlas cross sport s,atlas cross sport
volkswagen,beetle - new tires - leather and heated seats -,beetle
volkswagen,beetle 2.5l,beetle
volkswagen,cabrio convertible,cabrio
volkswagen,cc 2.0t r-line sedan,cc
volkswagen,eurovan gls,eurovan
volkswagen,eurovan weekender,eurovan
volkswagen,golf tsi s hatchback,golf
volkswagen,jetta 1.4t - ac blows ice cold - gas saver -,jetta
volkswagen,jetta 1.4t r-line,jetta
volkswagen,jetta gli s sedan 4d,jetta
volkswagen,new beetle - new tires - leather and heated seats,beetle
volkswagen,passat sedan,passat
volkswagen,passat wolfsburg,passat
volkswagen,tiguan 2.0t se,tiguan
volkswagen,touareg tdi,touareg
volkswagen,westfalia,vanagon
volkswagen,atlas cross sport,atlas cross sport
volkswagen,atlas s sport utility,atlas
volkswagen,cabrio,cabrio
volkswagen,eurovan campmobile,eurovan
volkswagen,jetta s fwd gas sedan,jetta
volkswagen,passat 1.8t wolfsburg,passat
volkswagen,passat cc,cc
volkswagen,passat tdi se,passat
volkswagen,tiguan limited,tiguan
volkswagen,tiguan se 4motion,tiguan
volkswagen,atlas se r-line,atlas
volkswagen,beetle fender edition,beetle
volkswagen,beetle turbo coupe,beetle
volkswagen,cabriolet,cabrio
volkswagen,cc r-line,cc
volkswagen,eos 2.0t,eos
volkswagen,gli,jetta
volkswagen,golf gti autobahn fwd,golf
volkswagen,golf tsi wolfsburg,golf
volkswagen,gti 2.0t,golf
volkswagen,new beetle convertible,beetle
volkswagen,passat glx 4motion,passat
volkswagen,passat tdi se sedan,passat
volkswagen,routan smini van,routan
volkswagen,van,unknown
volkswagen,volkswagon beetle,beetle
volkswagen,arteon,arteon
volkswagen,arteon se 4motion,arteon
volkswagen,atlas se w/tech pkg,atlas
volkswagen,cc 2.0t sport sedan,cc
volkswagen,dune buggy,unknown
volkswagen,eos 2.0 turbo,eos
volkswagen,eurovan mv,eurovan
volkswagen,golf gls,golf
volkswagen,golf tsi se hatchback,golf
volkswagen,gti coupe,golf
volkswagen,jetta 1.4t se sedan,jetta
volkswagen,jetta 2.5l se,jetta
volkswagen,jetta tdi fwd,jetta
volkswagen,passat gls,passat
volkswagen,passat r-line sedan,passat
volkswagen,passat sel,passat
volkswagen,passat sel tdi,passat
volkswagen,passat turbo,passat
volkswagen,rabbit pickup,rabbit
volkswagen,touareg awd,touareg
volkswagen,transporter,transporter
volkswagen,vanagon gl,vanagon
volkswagen,vanagon l bus,vanagon
volkswagen,volkswagon gti,golf
volkswagen,westfalia vanagon,vanagon
volkswagen,atlas sel 4motion,atlas
volkswagen,baja bug,beetle
volkswagen,beetle 1.8t sel,beetle
volkswagen,beetle w/sunroof,beetle
volkswagen,bus/vanagon gl camper,vanagon
volkswagen,camper,unknown
volkswagen,convertible,unknown
volkswagen,egolf,golf
volkswagen,golf gl,golf
volkswagen,golf gti autobahn w,golf
volkswagen,golf gti s 4dr hatch,golf
volkswagen,golf s,golf
volkswagen,golf tdi s hatchback,golf
volkswagen,golf wagon,golf
volkswagen,gti se,golf
volkswagen,jetta 1.4t s sedan,jetta
volkswagen,jetta se pzev 4dr se,jetta
volkswagen,jetta sedan 4dr auto limited pzev,jetta
volkswagen,jetta tsi edition,jetta
volkswagen,jetta vi,jetta
volkswagen,jetta wolfsburg,jetta
volkswagen,jetta wolfsburg edition,jetta
volkswagen,new beetle gls,beetle
volkswagen,passat 1.8t se sedan,passat
volkswagen,passat 3.6l,passat
volkswagen,passat lt,passat
volkswagen,passat tsi wolfsburg,passat
volkswagen,tiguan 4 motion,tiguan
volkswagen,tiguan tsi,tiguan
volkswagen,tiquan le,tiguan
volkswagen,touareg 2,touareg
volkswagen,touareg v6,touareg
volkswagen,arteon sel premium,arteon
volkswagen,atlas se,atlas
volkswagen,beetle tdi hatchback,beetle
volkswagen,beetle-classic 2.5l e,beetle
volkswagen,cc luxury,cc
volkswagen,cc sport sedan 4d,cc
volkswagen,gls new beetle convertible,beetle
volkswagen,golf 2.5l pzev,golf
volkswagen,golf alltrack awd,golf
volkswagen,golf gti s,golf
volkswagen,golf tsi,golf
volkswagen,gti 2.0l turbo pzev 2,golf
volkswagen,jetta 1.4 turbo,jetta
volkswagen,jetta 1.8t se,jetta
volkswagen,jetta gls tdi,jetta
volkswagen,jetta r-line fwd gas,jetta
volkswagen,jetta sel fwd gas,jetta
volkswagen,jetta sel pzev,jetta
volkswagen,jetta vr6,jetta
volkswagen,new beetle tdi,beetle
volkswagen,passat 2.0t wolfsburg,passat
volkswagen,passat lux,passat
volkswagen,phaeton,phaeton
volkswagen,r32 all wheel drive,golf
volkswagen,rabbit s,rabbit
volkswagen,sandrail,unknown
volkswagen,squareback,squareback
volkswagen,super beetle convertible,beetle
volkswagen,tiguan 2.0,tiguan
volkswagen,tiguan 2.0t,tiguan
volkswagen,tiguan 2.0t wolfsburg,tiguan
volkswagen,tiguan s awd,tiguan
volkswagen,tiguan se 4 motion,tiguan
volkswagen,tiguan sel awd,tiguan
volkswagen,touareg 4dr vr6 exec,touareg
volkswagen,touareg v6 executive,touareg
volkswagen,touareg vr6 lux sport,touareg
volkswagen,vanagon syncro,vanagon
volkswagen,volkswagon eos,eos
volkswagen,volkswagon jetta tdi,jetta
volkswagen,volkswagon passat,passat
volkswagen,volkswagon passat se,passat
volkswagen,volkswagon rabbit,rabbit
volkswagen,volkswagon tiguan,tiguan
volvo,xc90,xc90
volvo,s60,s60
volvo,xc60,xc60
volvo,s60 t6 r-design sedan 4d,s60
volvo,xc70,xc70
volvo,s90 t5 momentum sedan 4d,s90
volvo,s40,s40
volvo,s80,s80
volvo,s60 t5 premier sedan 4d,s60
volvo,s60 t6 inscription sedan,s60
volvo,certified,unknown
volvo,s60 t5 momentum sedan 4d,s60
volvo,v70,v70
volvo,s60 t5 inscription,s60
volvo,xc60 t5 momentum sport,xc60
volvo,xc60 t6 platinum sport,xc60
volvo,s60 t8 r-design sedan 4d,s60
volvo,c70,c70
volvo,xc90 awd,xc90
volvo,s60 t5,s60
volvo,vnl 670,vnl
volvo,xc70 awd,xc70
volvo,v60 t5 cross country wagon,v60
volvo,xc90 3.2 awd,xc90
volvo,v60 cross country,v60
volvo,xc60 local lots of records,xc60
volvo,xc60 t6 awd inscription,xc60
volvo,"xc90 t8 1,300 miles",xc90
volvo,c70 convertible,c70
volvo,s60 t5 premier plus sedan,s60
volvo,s70,s70
volvo,s60 t5 inscription sedan,s60
volvo,v50,v50
volvo,xc70 t5 classic platinum,xc70
volvo,"xc60 t8 inscription 1,300 miles",xc60
volvo,s60 t5 cross country,s60
volvo,c30,c30
volvo,s80 3.2,s80
volvo,s90,s90
volvo,v70 wagon,v70
volvo,xc90t6 awd 24733 miles,xc90
volvo,s60 2.5t,s60
volvo,xc40 t5 momentum sport,xc40
volvo,"xc90 11,200 miles wwow",xc90
volvo,s60 t5 sedan 4d,s60
volvo,s90 t6 inscription sedan,s90
volvo,xc60 3.2 sport utility 4d,xc60
volvo,xc60 t6 r-design sport,xc60
volvo,xc40 t4 momentum sport,xc40
volvo,xc60 t5 inscription sport,xc60
volvo,xc70 cross country,xc70
volvo,xc90 t6 all services up to date,xc90
volvo,c70 t5 convertible 2d,c70
volvo,s40 2.4i,s40
volvo,s60 t5 inscription premier,s60
volvo,vnl64t670,vnl
volvo,xc60 t6 momentum sport,xc60
volvo,s80 t6,s80
volvo,s60 t6 momentum sedan 4d,s60
volvo,v70 xc cross country,v70
volvo,xc90 3.2,xc90
volvo,xc90 t6 momentum sport,xc90
volvo,240,240
volvo,c70 t5 platinum,c70
volvo,s40 t5,s40
volvo,s60 t5 dynamic sedan 4d,s60
volvo,v60,v60
volvo,vnl,vnl
volvo,xc40,xc40
volvo,xc70 t5 classic premier,xc70
volvo,240 dl,240
volvo,c30 t5,c30
volvo,s60 inscription,s60
volvo,"s60 platinum 53,000 miles",s60
volvo,v60 t5 dynamic wagon 4d,v60
volvo,xc 90,xc90
volvo,xc60 t6 inscription sport,xc60
volvo,c70 t5 premier plus,c70
volvo,s60 r,s60
volvo,s80 2.9l twin turbo,s80
volvo,s80 v8,s80
volvo,s90 t6 all wheel drive certified,s90
volvo,xc60 t5 all wheel drive,xc60
volvo,xc60 t6,xc60
volvo,xc60 t6 awd,xc60
volvo,xc70 3.2 awd,xc70
volvo,xc90 t5 momentum sport,xc90
volvo,xc90 t8 hybrid inscription,xc90
volvo,850,850
volvo,850 glt,850
volvo,c70 t5 convertible,c70
volvo,s 60,s60
volvo,s40 4d sedan,s40
volvo,s60 2.4t,s60
volvo,s80 2.5t,s80
volvo,v40,v40
volvo,v50 2.4i,v50
volvo,v50 t5,v50
volvo,v60 cross country t5,v60
volvo,v60 t5 momentum wagon 4d,v60
volvo,v60 t5 premier,v60
volvo,v70 xc awd,v70
volvo,xc 60,xc60
volvo,xc60 3.2,xc60
volvo,xc60 t5 drive-e premier,xc60
volvo,xc90 t6 momentum awd 360 cam 3rd row seating leather,xc90
volvo,xc90 t6 r design awd gas,xc90
volvo,240 wagon,240
volvo,245,240
volvo,670,vnl
volvo,s60 2.5t awd,s60
volvo,s60r,s60
volvo,v70 xc,v70
volvo,xc40 t4 inscription sport,xc40
volvo,xc40 t5 r-design sport,xc40
volvo,xc60 t5 dynamic sport,xc60
volvo,xc60 t5 premier sport,xc60
volvo,xc70 t6 platinum awd,xc70
volvo,xc90 2.5t,xc90
volvo,xc90 t6 awd,xc90
volvo,740,740
volvo,960,960
volvo,c30 t5 2dr hatchback,c30
volvo,c70 premier plus,c70
volvo,p1800,p1800
volvo,s 80,s80
volvo,s 80 t6,s80
volvo,s-60 t5,s60
volvo,s60 all wheel drive,s60
volvo,s60 t5 premier,s60
volvo,s60 t6,s60
volvo,s80 t6 awd,s80
volvo,s90 t8 inscription,s90
volvo,suv,unknown
volvo,v70 2.5t,v70
volvo,v70r,v70
volvo,v90,v90
volvo,vnl 780,vnl
volvo,vnl670,vnl
volvo,xc60 awd,xc60
volvo,xc60 inscription,xc60
volvo,xc60 inscription awd,xc60
volvo,xc60 t6 sport utility 4d,xc60
volvo,xc70 3.2,xc70
volvo,xc70 cross country awd,xc70
volvo,xc70 t6 awd,xc70
volvo,xc90 3.2 awd 3rd row,xc90
volvo,xc90 momentum,xc90
volvo,xc90 r-design,xc90
volvo,xc90 t6,xc90
volvo,xc90 t6 inscription,xc90
volvo,xc90 t6 inscription sport,xc90
volvo,xc90 v8,xc90
