price,year,odometer,dropped_at
36990,2017.0,38094.0,duplicates
27995,2006.0,,bad odometer
78423,2015.0,30200.0,kept
14000,2013.0,92965.0,kept
676,2019.0,47105.0,fake price
2744,2002.0,229031.0,kept
15293,2015.0,36646.0,duplicates
4500,2008.0,111000.0,kept
22991,2016.0,79631.0,kept
41995,2015.0,158039.0,kept
10950,2010.0,150900.0,kept
362,2010.0,108674.0,fake price
16990,2013.0,137000.0,duplicates
85900,2016.0,11600.0,kept
37590,2015.0,61163.0,duplicates
23000,2017.0,31500.0,kept
13995,2013.0,156190.0,duplicates
17995,2014.0,106267.0,kept
35590,2018.0,19458.0,duplicates
7999,2009.0,89000.0,kept
24900,2013.0,127295.0,kept
7500,1979.0,82947.0,before 1980
11995,2007.0,192493.0,duplicates
16990,2017.0,46260.0,duplicates
4495,2005.0,123000.0,duplicates
22990,2018.0,43425.0,duplicates
15990,2018.0,42060.0,duplicates
9994,2012.0,98083.0,kept
19000,2012.0,184363.0,duplicates
1500,1957.0,100000.0,before 1980
19990,2018.0,25641.0,kept
5295,2007.0,186000.0,kept
8488,2008.0,70816.0,kept
8995,2011.0,106540.0,duplicates
16995,2020.0,370.0,kept
36590,2018.0,29158.0,duplicates
39995,2018.0,30120.0,duplicates
2800,2004.0,193000.0,kept
34995,2017.0,68696.0,kept
35990,2018.0,27890.0,kept
2300,1972.0,12345.0,before 1980
0,2014.0,94000.0,$0 price
9800,2010.0,174000.0,kept
5950,2008.0,174000.0,duplicates
12999,2017.0,61908.0,missing title
97,2010.0,121451.0,fake price
37200,2008.0,18000.0,kept
25995,2017.0,,bad odometer
34988,2017.0,51026.0,kept
41000,2015.0,50809.0,duplicates
5495,2006.0,178830.0,kept
18900,2020.0,21417.0,missing title
33990,2014.0,136250.0,duplicates
22800,2015.0,55900.0,kept
8800,2013.0,108400.0,kept
22900,2014.0,32561.0,duplicates
35590,2018.0,22805.0,duplicates
1250,1995.0,214000.0,kept
16899,2013.0,113249.0,kept
12499,2012.0,69929.0,duplicates
29590,2018.0,23823.0,kept
27995,2016.0,52278.0,kept
4500,1953.0,60000.0,before 1980
36590,2016.0,22099.0,duplicates
4500,2004.0,148000.0,kept
29990,2012.0,43182.0,duplicates
9850,2013.0,85155.0,kept
8800,1996.0,372000.0,kept
23995,2017.0,86598.0,kept
12877,2011.0,73120.0,missing fuel
28800,2004.0,147000.0,duplicates
25990,2020.0,3533.0,kept
20590,2015.0,43470.0,duplicates
69980,1956.0,45.0,before 1980
18590,2017.0,34723.0,duplicates
7000,2015.0,64000.0,kept
0,2014.0,102997.0,$0 price
15800,2016.0,70678.0,kept
0,2017.0,80222.0,$0 price
4991,2011.0,140778.0,duplicates
29978,2015.0,128558.0,kept
37590,2018.0,33038.0,duplicates
9800,2014.0,76000.0,kept
11800,2008.0,174000.0,kept
14495,2010.0,138129.0,missing title
11000,2011.0,95300.0,kept
33000,1958.0,20000.0,before 1980
6700,2005.0,163738.0,duplicates
0,2014.0,93842.0,$0 price
5900,2011.0,143000.0,kept
25300,2018.0,9300.0,kept
17950,2015.0,142715.0,kept
27990,2018.0,46599.0,kept
0,2010.0,,$0 price
5500,2003.0,180000.0,kept
12898,2013.0,93188.0,missing title
21990,2014.0,50293.0,duplicates
0,2015.0,72315.0,$0 price
25998,2019.0,38123.0,duplicates
5995,2005.0,121521.0,missing fuel
13000,2014.0,32500.0,kept
15990,2012.0,53270.0,duplicates
26000,2019.0,16900.0,kept
25000,1932.0,17355.0,before 1980
4500,2010.0,174000.0,kept
14900,2013.0,105115.0,duplicates
37990,2016.0,22870.0,duplicates
35990,2017.0,22226.0,kept
11999,2006.0,104683.0,kept
5900,1989.0,138000.0,kept
4495,2013.0,230200.0,duplicates
6500,2013.0,45262.0,duplicates
48995,2020.0,34464.0,kept
59999,2019.0,28073.0,duplicates
11999,2015.0,59000.0,duplicates
24590,2017.0,40784.0,duplicates
13000,2012.0,130000.0,kept
40590,2016.0,11871.0,duplicates
40990,2019.0,12046.0,duplicates
16999,2011.0,136218.0,duplicates
6600,2014.0,158533.0,duplicates
0,2016.0,185897.0,$0 price
12498,2011.0,16188.0,kept
28500,2015.0,49319.0,duplicates
4999,2005.0,158000.0,kept
10777,2012.0,62048.0,kept
0,2012.0,70751.0,$0 price
20590,2018.0,23929.0,kept
5995,2006.0,194821.0,kept
29995,2014.0,72944.0,missing title
21311,2021.0,4438.0,duplicates
11495,2012.0,151157.0,duplicates
17900,2010.0,78000.0,kept
0,2016.0,,$0 price
13000,2017.0,19900.0,kept
16250,1993.0,1.0,bad odometer
7995,2004.0,176393.0,kept
38590,2019.0,77492.0,duplicates
0,2017.0,34227.0,$0 price
11300,2015.0,328276.0,duplicates
13490,2015.0,53013.0,duplicates
6990,2007.0,101047.0,kept
14000,2011.0,74052.0,kept
5495,2007.0,160000.0,duplicates
23154,2014.0,84056.0,kept
24995,2017.0,65676.0,duplicates
18990,2016.0,22686.0,duplicates
7495,2008.0,136188.0,unknown cylinders
4000,2011.0,150000.0,kept
3500,2008.0,230000.0,kept
10500,2015.0,111427.0,missing transmission
4500,2003.0,69000.0,kept
12300,2013.0,138078.0,kept
1111111,1970.0,42000.0,before 1980
8995,2001.0,200614.0,kept
35990,2018.0,24135.0,kept
46990,2019.0,14900.0,kept
11999,2011.0,113600.0,kept
13900,2012.0,91552.0,kept
48495,2020.0,26574.0,kept
6495,2007.0,139272.0,kept
10988,2013.0,107089.0,kept
17590,2013.0,99472.0,duplicates
2200,1998.0,119000.0,kept
27999,2018.0,37716.0,duplicates
19990,2021.0,600.0,kept
39990,2020.0,6932.0,kept
33999,2019.0,50100.0,kept
55988,2016.0,139617.0,kept
17500,2012.0,141000.0,kept
1600,1983.0,68000.0,kept
8500,2004.0,148063.0,duplicates
18450,2017.0,66049.0,missing title
6880,2005.0,201583.0,duplicates
14000,2019.0,105269.0,missing fuel
4000,1995.0,165454.0,kept
10999,2012.0,92832.0,kept
8995,2009.0,147607.0,duplicates
15590,2011.0,100409.0,duplicates
46999,2020.0,11257.0,duplicates
36999,2014.0,198339.0,duplicates
11500,2010.0,126000.0,kept
12990,2017.0,64315.0,duplicates
6295,2008.0,176647.0,kept
0,2015.0,83598.0,$0 price
2100,2005.0,133000.0,kept
7700,2011.0,125000.0,kept
28990,2019.0,1395.0,kept
29999,2016.0,40717.0,kept
0,2016.0,81695.0,$0 price
4495,2008.0,173883.0,kept
0,2014.0,78451.0,$0 price
7500,2008.0,200000.0,kept
15899,2017.0,136621.0,duplicates
9257,2012.0,123077.0,duplicates
0,2016.0,86668.0,$0 price
14995,2019.0,30633.0,kept
6995,2005.0,188208.0,duplicates
3150,2010.0,137677.0,kept
16500,2008.0,112000.0,duplicates
9595,2012.0,109195.0,kept
500,2012.0,175000.0,fake price
24500,2018.0,36905.0,kept
15750,2015.0,80100.0,kept
33995,2010.0,22500.0,duplicates
6999,2012.0,91000.0,kept
5495,2005.0,139857.0,duplicates
27590,2013.0,43937.0,duplicates
41998,2019.0,27331.0,duplicates
9995,2015.0,81049.0,missing fuel
14700,2001.0,190000.0,kept
19590,2017.0,24248.0,duplicates
34990,2018.0,19816.0,duplicates
3300,1999.0,169000.0,kept
36990,2016.0,23190.0,duplicates
11995,2017.0,67482.0,kept
7266,2009.0,138161.0,missing title
25990,2017.0,23279.0,duplicates
1000,1994.0,150000.0,kept
16999,2017.0,69835.0,missing title
7999,2010.0,210000.0,kept
38000,2017.0,62741.0,kept
6500,2008.0,115100.0,kept
7950,2006.0,179000.0,kept
0,2014.0,89424.0,$0 price
38990,2010.0,93244.0,duplicates
0,2015.0,50000.0,$0 price
0,2015.0,42000.0,$0 price
15301,2013.0,32359.0,duplicates
8500,2010.0,105000.0,kept
22500,2021.0,10.0,kept
13950,2011.0,58800.0,kept
3500,2006.0,202000.0,kept
26734,2017.0,21291.0,kept
33990,2014.0,136250.0,kept
41990,2012.0,9169.0,duplicates
21250,2002.0,15962.0,duplicates
9500,2009.0,67100.0,kept
12995,2017.0,88175.0,duplicates
26590,2017.0,47267.0,duplicates
5495,2014.0,136169.0,duplicates
24997,2018.0,36002.0,kept
47447,2013.0,99000.0,kept
5991,2011.0,122528.0,kept
3995,2007.0,149913.0,kept
20650,2014.0,94000.0,kept
39750,2013.0,62823.0,kept
7950,2008.0,126149.0,kept
15700,2011.0,84500.0,kept
42291,2015.0,37688.0,duplicates
7880,2005.0,109100.0,kept
35900,2018.0,18097.0,kept
19950,2005.0,70700.0,kept
5450,2010.0,143210.0,kept
2300,2001.0,286987.0,kept
5900,2010.0,145773.0,kept
5600,2008.0,160000.0,duplicates
10995,2000.0,196012.0,kept
19999,2019.0,9400.0,kept
32590,2009.0,20420.0,duplicates
12925,2013.0,117779.0,missing title
0,2004.0,0.0,$0 price
13000,2006.0,296000.0,kept
13990,2011.0,93883.0,duplicates
8250,2012.0,143367.0,kept
12998,2007.0,117000.0,kept
17999,2013.0,87004.0,kept
7589,2011.0,97671.0,kept
17900,1992.0,0.0,bad odometer
15999,2014.0,137576.0,duplicates
0,2013.0,148718.0,$0 price
15995,2018.0,53660.0,missing title
8995,2012.0,39933.0,kept
79999,2019.0,41759.0,duplicates
26950,2016.0,252712.0,kept
5200,2010.0,128000.0,kept
68777,2020.0,1375.0,duplicates
21999,2017.0,51000.0,duplicates
22590,2014.0,63367.0,duplicates
5900,2004.0,169000.0,kept
18999,2016.0,82000.0,kept
9900,2013.0,113000.0,kept
18000,2014.0,111913.0,kept
1,2013.0,79856.0,fake price
13995,2013.0,95155.0,kept
16900,2014.0,137000.0,duplicates
2995,2002.0,145000.0,kept
6500,2010.0,95000.0,kept
54995,2016.0,71159.0,duplicates
10300,2015.0,95000.0,kept
23998,2019.0,24635.0,duplicates
25000,2001.0,200000.0,kept
12995,2014.0,53000.0,kept
5495,2008.0,176938.0,kept
41500,2016.0,138400.0,duplicates
32990,2013.0,62588.0,duplicates
1200,2016.0,42322.0,kept
13470,2012.0,82759.0,kept
13888,2015.0,140133.0,kept
9999,2010.0,79000.0,kept
1234567,2006.0,123456.0,fake price
19900,2003.0,188000.0,kept
6700,2008.0,187687.0,duplicates
6992,2009.0,131212.0,duplicates
6000,2007.0,158843.0,kept
5000,2011.0,132224.0,kept
13900,2007.0,174895.0,kept
83999,2017.0,30650.0,duplicates
34888,2015.0,127976.0,kept
19000,2017.0,63560.0,duplicates
16590,2015.0,39649.0,duplicates
14999,2016.0,89830.0,duplicates
7999,2012.0,150340.0,kept
34995,2018.0,40412.0,kept
27988,2016.0,65521.0,duplicates
0,2017.0,25498.0,$0 price
39995,2019.0,8308.0,kept
13995,2010.0,142854.0,duplicates
6995,2012.0,99000.0,kept
12000,2003.0,2120691.0,bad odometer
3795,2004.0,128508.0,kept
6500,2008.0,135000.0,kept
19990,2017.0,34104.0,kept
7499,2003.0,68375.0,kept
25981,2018.0,42148.0,duplicates
22600,2012.0,98549.0,duplicates
4991,2005.0,237193.0,kept
13600,2012.0,96950.0,kept
7700,2009.0,139000.0,kept
14999,2018.0,84868.0,kept
0,2020.0,37882.0,$0 price
17477,2013.0,143000.0,kept
17495,2015.0,84185.0,duplicates
19900,2021.0,351.0,duplicates
5900,1982.0,112000.0,kept
17900,2017.0,29000.0,duplicates
9995,2010.0,80156.0,kept
10990,2012.0,117839.0,duplicates
71999,2020.0,21502.0,duplicates
44995,2016.0,141840.0,duplicates
26995,2017.0,67595.0,kept
14450,2016.0,118276.0,duplicates
1,2002.0,348627.0,fake price
18990,2018.0,13227.0,duplicates
19899,2014.0,85400.0,kept
24581,2019.0,30139.0,duplicates
16995,2014.0,90983.0,kept
8988,2005.0,150499.0,missing transmission
8800,2014.0,52000.0,kept
37895,2018.0,25741.0,duplicates
15000,2002.0,90000.0,kept
22243,2015.0,136632.0,duplicates
16880,2012.0,119000.0,kept
12995,2012.0,87306.0,kept
5200,2010.0,104238.0,kept
359,2018.0,22824.0,fake price
0,2019.0,34176.0,$0 price
13999,2006.0,173008.0,missing title
10995,2009.0,101946.0,kept
16000,1997.0,241650.0,kept
4500,2004.0,158000.0,kept
27975,2005.0,90634.0,kept
13999,2015.0,57183.0,kept
38590,2015.0,41804.0,duplicates
9995,2003.0,83011.0,kept
7500,2004.0,110647.0,duplicates
7700,2011.0,89000.0,kept
18699,2017.0,78191.0,kept
13999,1999.0,196372.0,duplicates
9500,2009.0,185690.0,kept
386,2009.0,74165.0,fake price
3000,2005.0,108000.0,kept
0,2014.0,,$0 price
7499,2009.0,108640.0,duplicates
19999,2013.0,62322.0,duplicates
0,2016.0,25069.0,$0 price
12995,2011.0,189691.0,duplicates
8000,1987.0,185000.0,kept
8451,2017.0,122588.0,duplicates
9885,2014.0,130913.0,missing title
3995,2003.0,137000.0,kept
0,2018.0,61430.0,$0 price
38990,2020.0,9665.0,duplicates
11980,2016.0,104289.0,duplicates
13500,2013.0,90058.0,duplicates
7500,1997.0,56000.0,kept
29900,2017.0,119607.0,duplicates
8000,1999.0,75000.0,kept
27990,2018.0,30791.0,duplicates
33590,2014.0,55251.0,duplicates
90000,1958.0,70000.0,before 1980
6700,2011.0,171000.0,kept
55995,2015.0,109303.0,duplicates
22850,2015.0,43642.0,duplicates
9995,2010.0,123226.0,missing title
39590,2020.0,1988.0,duplicates
1900,1997.0,148526.0,kept
17500,2017.0,89700.0,kept
700,2013.0,80095.0,fake price
1000,2009.0,200000.0,kept
12200,2017.0,48013.0,kept
47893,2017.0,104974.0,duplicates
17995,2013.0,160287.0,kept
13590,2012.0,92242.0,duplicates
51495,2019.0,23193.0,duplicates
37583,2015.0,84462.0,duplicates
9500,2011.0,136000.0,duplicates
30990,2019.0,5468.0,duplicates
40991,2019.0,1722.0,duplicates
28990,2016.0,72555.0,duplicates
2000,2017.0,63000.0,kept
47990,2014.0,39253.0,duplicates
362,2018.0,32457.0,fake price
2900,2004.0,116000.0,kept
3195,2006.0,191000.0,kept
4500,2010.0,250000.0,kept
5950,2006.0,199000.0,duplicates
30995,2014.0,226558.0,kept
35995,2020.0,6111.0,duplicates
692,2021.0,7.0,fake price
32995,2013.0,114151.0,kept
45995,2013.0,135068.0,duplicates
2950,2001.0,192000.0,kept
37990,2019.0,100156.0,kept
28990,2018.0,51504.0,duplicates
1057,2003.0,2000.0,kept
4395,2012.0,164000.0,kept
39590,2020.0,8140.0,duplicates
5900,2013.0,107063.0,kept
36990,2019.0,8141.0,duplicates
36900,2018.0,118021.0,kept
38900,2012.0,132000.0,duplicates
900,1998.0,234709.0,kept
8999,2014.0,86264.0,missing transmission
21499,2015.0,72546.0,kept
31990,2020.0,27628.0,duplicates
10499,2017.0,114850.0,duplicates
0,2011.0,157789.0,$0 price
9995,2014.0,224974.0,duplicates
17875,2015.0,62250.0,duplicates
2795,2004.0,187956.0,kept
17491,2017.0,58572.0,kept
4995,2012.0,149127.0,kept
0,2017.0,50107.0,$0 price
8915,2015.0,125437.0,duplicates
18763,2016.0,92980.0,duplicates
0,2017.0,103444.0,$0 price
24990,2018.0,24652.0,duplicates
8495,2012.0,184230.0,duplicates
9990,2014.0,112556.0,kept
10000,2004.0,27000.0,kept
13995,2014.0,144000.0,duplicates
44999,2016.0,37915.0,duplicates
20852,2014.0,93420.0,kept
41449,2019.0,21651.0,duplicates
0,2004.0,55445.0,$0 price
29876,2019.0,14739.0,missing title
4895,2006.0,162000.0,kept
5833,2011.0,171208.0,duplicates
15900,2008.0,136096.0,kept
10999,2016.0,65014.0,duplicates
85994,2018.0,3400.0,kept
39590,2020.0,2516.0,duplicates
15450,2014.0,88989.0,kept
3995,2008.0,162815.0,duplicates
0,1976.0,37799.0,$0 price
24995,2011.0,104684.0,kept
10500,2014.0,130690.0,kept
0,2020.0,8211.0,$0 price
6998,2009.0,132128.0,duplicates
7995,2014.0,79181.0,kept
25000,2019.0,39893.0,kept
19019,2018.0,37142.0,kept
32990,2020.0,1343.0,duplicates
26990,2011.0,147797.0,duplicates
5900,2007.0,186399.0,duplicates
25777,2017.0,99030.0,duplicates
27942,2014.0,124519.0,duplicates
0,2016.0,33469.0,$0 price
4729,2009.0,156740.0,kept
451,2018.0,22419.0,fake price
10400,2015.0,53000.0,kept
4700,2007.0,147644.0,duplicates
0,2007.0,135113.0,$0 price
900,1997.0,181000.0,kept
44900,2014.0,152034.0,duplicates
6999,2011.0,79993.0,kept
38990,2017.0,9326.0,duplicates
23590,2019.0,32226.0,duplicates
24950,2013.0,87801.0,duplicates
19990,2018.0,49241.0,duplicates
20990,2020.0,1668.0,duplicates
0,2016.0,82019.0,$0 price
32500,2019.0,7700.0,kept
9500,2005.0,65652.0,kept
29999,2019.0,999999.0,bad odometer
6250,1984.0,160000.0,kept
26990,2017.0,40992.0,duplicates
16497,2017.0,52365.0,kept
5900,2011.0,1.0,bad odometer
26990,2017.0,41147.0,duplicates
34990,2016.0,109637.0,kept
24990,2019.0,29732.0,duplicates
6499,2009.0,119000.0,kept
511,2020.0,14501.0,fake price
8500,2010.0,120326.0,kept
19900,2016.0,76000.0,kept
4995,2012.0,150966.0,duplicates
24995,2017.0,116682.0,kept
11999,1996.0,215527.0,kept
30000,2011.0,12345.0,duplicates
9950,2010.0,88420.0,kept
11995,2010.0,155750.0,kept
64999,2018.0,27166.0,kept
25990,2017.0,22820.0,duplicates
16995,2015.0,105190.0,missing fuel
7999,2017.0,71075.0,kept
2000,2019.0,27271.0,kept
0,2005.0,58980.0,$0 price
57748,2017.0,103369.0,kept
32800,2004.0,86310.0,kept
0,2008.0,,$0 price
0,2019.0,,$0 price
18788,2017.0,68807.0,kept
7500,2011.0,123769.0,kept
29990,2015.0,169564.0,kept
24590,2018.0,53201.0,duplicates
13995,2007.0,137180.0,kept
5500,2010.0,139086.0,kept
32999,2012.0,186676.0,duplicates
27990,2014.0,17805.0,duplicates
209999,2015.0,11828.0,fake price
17900,2014.0,69000.0,kept
5900,2012.0,110029.0,duplicates
9850,2005.0,166000.0,kept
45000,1968.0,3000.0,before 1980
5500,2007.0,140146.0,kept
16590,2016.0,59926.0,kept
42990,2014.0,69827.0,duplicates
0,2019.0,51450.0,$0 price
0,2017.0,59441.0,$0 price
42997,2015.0,79355.0,duplicates
7800,2016.0,110000.0,kept
7999,2012.0,160000.0,kept
6800,2003.0,213000.0,duplicates
33995,2019.0,27923.0,kept
18491,2011.0,83271.0,kept
17990,2013.0,85428.0,duplicates
30900,2012.0,85450.0,kept
48888,2015.0,107759.0,duplicates
12750,2013.0,109382.0,kept
8000,2005.0,199000.0,kept
16000,2011.0,137000.0,kept
41999,2018.0,16739.0,duplicates
11950,2008.0,53288.0,kept
37990,2019.0,10249.0,kept
16590,2015.0,39649.0,duplicates
18590,2017.0,20729.0,duplicates
10000,2016.0,80707.0,kept
7000,2005.0,290000.0,kept
1995,1999.0,275515.0,kept
49995,2019.0,41401.0,duplicates
44999,2018.0,35119.0,duplicates
3500,2007.0,184000.0,kept
29990,2017.0,28680.0,duplicates
3949,2009.0,141091.0,kept
8300,2013.0,210939.0,kept
9983,2015.0,103369.0,kept
5795,2008.0,119536.0,kept
2999,2007.0,162029.0,kept
4660,2008.0,112000.0,kept
1,2017.0,31101.0,fake price
5300,2012.0,119000.0,kept
8900,2004.0,115000.0,kept
0,2005.0,133996.0,$0 price
14900,2015.0,83818.0,kept
700,2009.0,117000.0,kept
0,2013.0,67086.0,$0 price
29500,2017.0,32696.0,kept
30000,2016.0,108665.0,duplicates
10499,2008.0,141977.0,missing transmission
10395,2017.0,77548.0,duplicates
19995,2013.0,132713.0,duplicates
10499,2015.0,104839.0,kept
0,2009.0,108000.0,$0 price
6000,2010.0,126000.0,kept
3995,2001.0,222625.0,kept
2500,1985.0,160000.0,kept
45995,2018.0,58761.0,duplicates
7226,2013.0,116113.0,missing fuel
5991,2006.0,108633.0,missing title
24990,2012.0,51724.0,duplicates
7995,2009.0,147507.0,kept
17989,2010.0,89433.0,missing title
4995,2004.0,85000.0,duplicates
8100,2014.0,103370.0,kept
58670,2016.0,16407.0,duplicates
28998,,63811.0,before 1980
423,2015.0,82643.0,fake price
54999,2019.0,47600.0,duplicates
4500,2008.0,136020.0,kept
0,2012.0,147155.0,$0 price
29990,2019.0,14077.0,duplicates
6999,2009.0,137000.0,duplicates
3390,2005.0,120000.0,kept
0,2018.0,51360.0,$0 price
7900,1986.0,56000.0,kept
28000,2012.0,145000.0,kept
18997,2014.0,0.0,bad odometer
18999,2014.0,68543.0,duplicates
5995,2009.0,162492.0,kept
41995,2019.0,69331.0,duplicates
21590,2018.0,6491.0,kept
5500,2012.0,114000.0,kept
0,2014.0,127349.0,$0 price
18500,1999.0,122486.0,kept
34500,2017.0,78706.0,duplicates
45999,2012.0,86616.0,duplicates
8497,2010.0,168590.0,kept
795,2016.0,73867.0,fake price
8842,2015.0,120815.0,kept
22990,2017.0,16707.0,duplicates
67990,2019.0,93933.0,kept
37995,2019.0,5295.0,duplicates
0,2016.0,103175.0,$0 price
4250,2001.0,106830.0,duplicates
3999,2009.0,198780.0,duplicates
3500,2008.0,205416.0,kept
14495,2011.0,157606.0,kept
13700,2006.0,75500.0,kept
20000,1964.0,1234.0,before 1980
33999,2015.0,18233.0,duplicates
28990,2008.0,118078.0,duplicates
49900,2019.0,26.0,bad odometer
25990,2015.0,53317.0,duplicates
65495,2017.0,53959.0,kept
10995,2016.0,133375.0,kept
0,2015.0,76610.0,$0 price
14750,2019.0,36588.0,duplicates
8990,2013.0,43848.0,kept
3995,2006.0,163223.0,kept
21579,2012.0,75959.0,duplicates
4700,2005.0,190000.0,kept
7995,2008.0,59921.0,duplicates
2000,2001.0,158670.0,kept
2499,2002.0,150000.0,kept
6450,2009.0,126437.0,kept
5000,2008.0,153966.0,kept
15990,2017.0,48195.0,duplicates
4990,2011.0,138889.0,kept
23900,2016.0,0.0,bad odometer
19685,2015.0,44314.0,kept
21995,2011.0,121438.0,duplicates
14995,2013.0,88760.0,duplicates
3995,2005.0,169000.0,kept
18980,2016.0,57371.0,kept
3000,2010.0,176000.0,kept
225,2005.0,173467.0,fake price
18990,2017.0,44855.0,duplicates
8995,2013.0,107169.0,missing title
68550,2019.0,7051.0,kept
46849,2015.0,148447.0,kept
7500,2011.0,89000.0,kept
19990,2018.0,25519.0,duplicates
7500,2006.0,279000.0,kept
15997,2016.0,79386.0,missing title
0,2015.0,54521.0,$0 price
6995,2013.0,921071.0,bad odometer
28995,2011.0,207717.0,kept
6500,2008.0,210000.0,kept
6999,2001.0,0.0,bad odometer
9500,2011.0,103000.0,kept
29500,2019.0,35805.0,duplicates
28977,2019.0,31262.0,duplicates
4000,2006.0,234400.0,kept
25995,2016.0,52880.0,duplicates
89999,2020.0,12846.0,duplicates
14995,2016.0,76412.0,duplicates
9000,2017.0,79825.0,duplicates
23590,2014.0,74699.0,kept
8500,1995.0,98015.0,kept
16850,2015.0,46021.0,duplicates
62950,2017.0,52384.0,kept
50000,2020.0,7422.0,kept
40990,2017.0,31843.0,duplicates
10800,2010.0,129583.0,duplicates
9999,2008.0,169136.0,kept
18500,2008.0,147000.0,kept
19995,1985.0,94225.0,duplicates
2995,2005.0,155000.0,kept
19998,2016.0,52776.0,duplicates
5800,2000.0,170653.0,kept
7995,2008.0,161721.0,duplicates
25995,2005.0,180340.0,kept
5900,2008.0,140545.0,kept
5400,1995.0,82000.0,kept
6999,2006.0,290808.0,kept
19995,1999.0,123456.0,missing fuel
53990,2019.0,2113.0,duplicates
10900,2005.0,,bad odometer
6995,2012.0,67720.0,kept
37000,2018.0,175000.0,kept
16993,2015.0,99552.0,kept
5998,2009.0,78769.0,kept
44995,2017.0,39049.0,kept
69999,2018.0,32299.0,duplicates
21995,2015.0,65450.0,kept
7500,2007.0,196000.0,kept
5000,2006.0,241706.0,kept
9500,2013.0,90998.0,kept
0,2011.0,,$0 price
11995,2014.0,144323.0,duplicates
17350,2015.0,18618.0,kept
8999,2007.0,159702.0,duplicates
4995,2012.0,102837.0,duplicates
14990,2016.0,65203.0,duplicates
4200,2003.0,174417.0,kept
19999,2012.0,135495.0,kept
18998,2019.0,41319.0,kept
6495,2007.0,112512.0,kept
16999,2013.0,81043.0,kept
4400,2004.0,135236.0,kept
1,1999.0,199000.0,fake price
10495,2015.0,103600.0,kept
28590,2015.0,51426.0,duplicates
24900,2012.0,128356.0,duplicates
8999,2013.0,151877.0,duplicates
12500,1969.0,69687.0,before 1980
13995,2011.0,127699.0,kept
48750,2019.0,69000.0,kept
22900,2017.0,35322.0,kept
6900,2002.0,,bad odometer
27990,2013.0,73160.0,kept
17500,2018.0,44288.0,duplicates
0,2016.0,73887.0,$0 price
15590,2019.0,12632.0,duplicates
0,2017.0,32689.0,$0 price
16991,2017.0,38853.0,kept
17900,2013.0,145417.0,duplicates
31590,2017.0,20652.0,duplicates
12180,2013.0,52947.0,kept
0,2020.0,14091.0,$0 price
24000,2015.0,46200.0,duplicates
3800,2007.0,137223.0,duplicates
1,2017.0,44063.0,fake price
15000,1975.0,1000.0,before 1980
30990,2017.0,41124.0,duplicates
58944,2016.0,85051.0,duplicates
8999,2010.0,91602.0,kept
10999,2009.0,147557.0,kept
14500,2016.0,55000.0,kept
15890,2015.0,181006.0,kept
180,2012.0,70401.0,fake price
15600,2013.0,108000.0,duplicates
26990,2019.0,13663.0,duplicates
23985,2012.0,63336.0,kept
10970,2011.0,171168.0,kept
1500,2003.0,129.0,kept
7950,2002.0,73204.0,kept
5990,2008.0,120000.0,kept
5995,1988.0,77000.0,kept
12990,2008.0,169596.0,duplicates
24995,2007.0,112777.0,kept
13900,2017.0,94086.0,kept
11000,2005.0,127000.0,kept
49990,2020.0,33829.0,duplicates
199999,2017.0,15189.0,kept
2800,1999.0,148678.0,kept
12487,2015.0,47695.0,kept
35590,2015.0,40626.0,duplicates
7990,2010.0,121310.0,kept
13995,2013.0,76579.0,kept
9900,2007.0,190000.0,duplicates
45000,2018.0,12480.0,kept
38590,2015.0,35023.0,duplicates
41999,2011.0,161001.0,kept
9500,2006.0,162000.0,kept
45000,2018.0,28097.0,kept
7536,2012.0,128805.0,kept
0,2018.0,26696.0,$0 price
32500,1934.0,50000.0,before 1980
32990,2017.0,30041.0,duplicates
2400,2009.0,168000.0,kept
18780,2014.0,83235.0,kept
28000,2015.0,100000.0,kept
8999,2010.0,97800.0,kept
68750,2011.0,55293.0,kept
7995,2002.0,52708.0,unknown cylinders
9050,2010.0,109090.0,kept
1500,2006.0,113200.0,kept
30345,2016.0,25245.0,kept
3300,2007.0,153754.0,kept
20995,2019.0,40599.0,duplicates
15045,2013.0,115458.0,kept
7000,2005.0,50200.0,kept
9995,2012.0,132497.0,kept
17995,2015.0,174819.0,duplicates
64999,2019.0,29598.0,kept
2400,2017.0,58000.0,kept
7984,2007.0,127170.0,missing fuel
9999,2014.0,83868.0,kept
13750,2007.0,154000.0,kept
18988,2011.0,160000.0,missing title
9000,2014.0,81000.0,kept
16900,2011.0,110161.0,kept
38990,2019.0,11069.0,kept
21590,2019.0,7898.0,duplicates
30000,1991.0,59600.0,kept
14500,2010.0,77000.0,duplicates
16977,2014.0,96025.0,duplicates
17989,2019.0,46871.0,kept
44590,2020.0,12293.0,duplicates
19908,2014.0,84524.0,duplicates
11988,2016.0,,bad odometer
8995,2012.0,100037.0,kept
5000,1990.0,253680.0,kept
18900,2014.0,118000.0,kept
19500,1983.0,50000.0,kept
0,2014.0,90783.0,$0 price
5950,2009.0,103107.0,kept
0,2016.0,54122.0,$0 price
8841,2011.0,93239.0,kept
5500,2011.0,132000.0,kept
28163,2018.0,35248.0,duplicates
16895,2018.0,22000.0,kept
4950,2010.0,162250.0,kept
19988,2017.0,56572.0,kept
29995,2011.0,75425.0,duplicates
2995,1996.0,146504.0,duplicates
0,2012.0,105000.0,$0 price
0,2012.0,120000.0,$0 price
0,2006.0,872050.0,$0 price
36998,2019.0,7276.0,duplicates
11532,2010.0,82616.0,kept
11698,2016.0,109370.0,duplicates
0,2002.0,,$0 price
8977,2011.0,136074.0,kept
406,2017.0,40365.0,fake price
5988,1997.0,,bad odometer
2950,2009.0,143650.0,kept
36990,2015.0,51677.0,duplicates
34900,2015.0,75716.0,kept
0,2005.0,287064.0,$0 price
15995,2014.0,97897.0,kept
28998,2016.0,,bad odometer
25990,2014.0,15575.0,duplicates
0,2016.0,98212.0,$0 price
18995,2006.0,112469.0,kept
4995,2011.0,208438.0,kept
3999,2002.0,1.0,bad odometer
34590,2016.0,42973.0,duplicates
36949,2017.0,83988.0,duplicates
1015,2018.0,67043.0,kept
20985,2014.0,64877.0,duplicates
0,2012.0,63917.0,$0 price
31990,2019.0,14232.0,duplicates
7000,1979.0,99500.0,before 1980
0,2011.0,154276.0,$0 price
68998,2018.0,33168.0,duplicates
0,2016.0,67614.0,$0 price
24777,2014.0,135852.0,duplicates
0,2005.0,150194.0,$0 price
39995,2016.0,91368.0,kept
6000,2011.0,141021.0,kept
4500,2005.0,11123.0,kept
17000,2013.0,98000.0,kept
26000,1957.0,76000.0,before 1980
42999,1967.0,55034.0,before 1980
12000,2003.0,247000.0,kept
54995,2017.0,108735.0,duplicates
17590,2014.0,72987.0,duplicates
12500,2017.0,73304.0,kept
9999,2013.0,144250.0,duplicates
12999,2010.0,96426.0,duplicates
49995,2017.0,40136.0,duplicates
13200,2014.0,49000.0,duplicates
1000,1989.0,211139.0,kept
28000,2016.0,57000.0,kept
19990,2018.0,15207.0,duplicates
9995,2006.0,149879.0,kept
9999,2016.0,49233.0,kept
0,2005.0,154000.0,$0 price
19990,2015.0,115997.0,duplicates
31990,2006.0,59429.0,duplicates
7995,2010.0,88000.0,duplicates
2300,2003.0,129901.0,duplicates
5495,2008.0,145407.0,duplicates
19590,2013.0,72857.0,duplicates
16590,2017.0,13900.0,kept
19255,2011.0,153255.0,kept
7999,2008.0,131000.0,kept
8500,2004.0,143000.0,duplicates
26990,2018.0,14017.0,duplicates
31990,2017.0,72478.0,duplicates
40590,2019.0,9313.0,duplicates
14700,2014.0,96951.0,kept
6950,2009.0,88093.0,kept
17798,2017.0,66137.0,kept
27990,2012.0,68696.0,duplicates
22590,2018.0,21574.0,duplicates
15897,2017.0,30844.0,kept
29874,2015.0,47674.0,kept
42500,2018.0,3900.0,kept
7990,2011.0,85000.0,kept
7885,2013.0,126783.0,kept
500,2018.0,65000.0,fake price
5999,2010.0,177725.0,kept
14988,2018.0,34918.0,missing title
30800,2007.0,19428.0,duplicates
7250,2011.0,119000.0,kept
19999,2016.0,64000.0,kept
34999,2017.0,22420.0,kept
12998,2015.0,118247.0,duplicates
9500,2006.0,220000.0,duplicates
99,2018.0,3888.0,fake price
28998,2019.0,29714.0,kept
1,2015.0,95802.0,fake price
12500,2009.0,112619.0,kept
33998,2017.0,42037.0,duplicates
14499,2015.0,143924.0,missing title
23590,2015.0,79136.0,duplicates
37990,2016.0,22870.0,duplicates
1500,2015.0,123456.0,duplicates
45700,2016.0,108340.0,kept
0,2018.0,81000.0,$0 price
6400,2010.0,146938.0,duplicates
8950,1999.0,122000.0,kept
100,2017.0,67899.0,fake price
6900,2008.0,203577.0,kept
0,2015.0,80277.0,$0 price
10495,2004.0,136798.0,duplicates
0,2017.0,78345.0,$0 price
26999,2015.0,34725.0,kept
12991,2011.0,49876.0,duplicates
15498,2016.0,75249.0,kept
4800,2009.0,15000.0,duplicates
14500,2012.0,71102.0,kept
6900,2001.0,70000.0,kept
20590,2018.0,37164.0,duplicates
7837,2010.0,147261.0,duplicates
35900,2014.0,201746.0,kept
15990,2010.0,48055.0,duplicates
999,2014.0,133487.0,fake price
8495,2013.0,98709.0,kept
8000,2011.0,133591.0,kept
50337,2018.0,47596.0,kept
6250,2006.0,200000.0,kept
24900,2013.0,56864.0,duplicates
18000,1986.0,50300.0,kept
13995,2007.0,153200.0,duplicates
0,2016.0,119752.0,$0 price
6499,2005.0,136482.0,kept
6250,2007.0,102457.0,kept
23590,2017.0,24398.0,kept
16997,2013.0,69721.0,kept
27990,2020.0,10688.0,duplicates
6999,2007.0,126441.0,kept
25500,1979.0,20000.0,before 1980
3500,1995.0,230000.0,kept
34991,2014.0,133276.0,missing title
0,2015.0,107055.0,$0 price
44888,2017.0,30957.0,kept
4500,1993.0,149000.0,kept
24500,2010.0,81079.0,duplicates
23990,2015.0,53388.0,duplicates
34995,2018.0,20489.0,kept
49995,2021.0,12500.0,duplicates
8500,2012.0,127151.0,duplicates
0,2013.0,513718.0,$0 price
25000,2000.0,167375.0,kept
5500,2002.0,101000.0,kept
27588,2015.0,,bad odometer
9999,2021.0,,bad odometer
16989,2017.0,72299.0,kept
19988,2014.0,68193.0,duplicates
36990,2017.0,15443.0,duplicates
0,2008.0,108000.0,$0 price
6450,2010.0,174000.0,kept
20950,2011.0,99867.0,kept
10988,2013.0,100457.0,duplicates
567,2015.0,54857.0,fake price
20588,2014.0,60412.0,kept
15990,2014.0,46169.0,duplicates
17995,2018.0,29110.0,kept
31450,2014.0,94052.0,kept
25450,2012.0,91523.0,kept
15999,2015.0,135450.0,kept
28000,2017.0,126451.0,duplicates
1500,2003.0,130547.0,kept
35590,2018.0,17327.0,duplicates
7995,2008.0,148246.0,duplicates
12995,2005.0,181555.0,kept
30590,2020.0,17084.0,duplicates
7995,2012.0,151900.0,duplicates
7995,2012.0,123187.0,kept
28988,2016.0,69947.0,duplicates
10995,2012.0,159226.0,kept
24995,2017.0,38883.0,kept
40590,2019.0,9313.0,duplicates
0,2018.0,49624.0,$0 price
4000,2009.0,79840.0,duplicates
12000,2008.0,79999.0,kept
4950,2002.0,201000.0,kept
24995,2011.0,158057.0,kept
22000,2018.0,14000.0,duplicates
14999,2012.0,118107.0,kept
16590,2012.0,88714.0,kept
995,2011.0,123106.0,fake price
17000,2017.0,34300.0,kept
22997,2018.0,9000.0,duplicates
33995,2017.0,87704.0,missing fuel
0,2016.0,55000.0,$0 price
26921,2017.0,60104.0,duplicates
21000,2011.0,142000.0,kept
0,2017.0,100000.0,$0 price
48590,2020.0,12039.0,duplicates
0,2014.0,81731.0,$0 price
31998,2012.0,26845.0,duplicates
20900,2013.0,149148.0,kept
15000,2009.0,236000.0,kept
17991,2017.0,37406.0,kept
15000,1995.0,150005.0,kept
9290,2010.0,200866.0,kept
6495,2013.0,133540.0,kept
16990,2017.0,25913.0,kept
8995,2005.0,84854.0,kept
17999,2012.0,46508.0,duplicates
15888,2008.0,161632.0,kept
0,2006.0,84891.0,$0 price
26990,2016.0,14230.0,duplicates
22990,2018.0,23058.0,duplicates
11000,2011.0,34500.0,kept
22900,2008.0,79000.0,duplicates
0,2016.0,81622.0,$0 price
18995,2004.0,131000.0,duplicates
36990,2018.0,46298.0,duplicates
56990,2019.0,4052.0,duplicates
5597,2010.0,134463.0,kept
16995,2017.0,82499.0,kept
52999,2019.0,28239.0,duplicates
29990,2019.0,21635.0,duplicates
16598,2016.0,58690.0,kept
29990,2008.0,60386.0,duplicates
19990,2017.0,6054.0,duplicates
12995,2012.0,88826.0,kept
4900,2007.0,239073.0,kept
17990,2018.0,17897.0,duplicates
18898,2019.0,56684.0,kept
1,2010.0,145000.0,fake price
22995,2008.0,177793.0,duplicates
29999,2015.0,238515.0,duplicates
17990,2014.0,31374.0,duplicates
0,2017.0,7631.0,$0 price
0,2014.0,126649.0,$0 price
36995,2014.0,106900.0,kept
8995,2008.0,76244.0,duplicates
19995,2011.0,147580.0,kept
19999,2007.0,106000.0,kept
9995,2016.0,75491.0,duplicates
18875,2014.0,54199.0,kept
5995,2008.0,114278.0,kept
6995,2005.0,170000.0,duplicates
39990,2015.0,111710.0,duplicates
4995,2011.0,115523.0,duplicates
40000,2006.0,102316.0,kept
0,2006.0,0.0,$0 price
13995,2011.0,75746.0,duplicates
33000,2019.0,7000.0,kept
35950,2018.0,92568.0,duplicates
23900,2016.0,73428.0,duplicates
29990,2019.0,11490.0,duplicates
4995,2005.0,142200.0,duplicates
6997,2009.0,138161.0,missing title
12000,2008.0,47000.0,kept
6500,2012.0,225000.0,kept
38990,2013.0,27610.0,duplicates
3000,2003.0,252099.0,kept
4995,2005.0,160611.0,duplicates
27990,2020.0,10688.0,duplicates
36590,2019.0,14222.0,duplicates
42990,2014.0,69827.0,duplicates
37590,2018.0,43171.0,duplicates
24990,2019.0,5334.0,duplicates
29388,2017.0,69509.0,kept
21990,2001.0,190128.0,duplicates
37897,2018.0,84974.0,duplicates
13990,2014.0,79576.0,kept
22990,2016.0,22420.0,kept
27990,2017.0,26355.0,duplicates
15990,2009.0,117554.0,duplicates
7500,2008.0,155000.0,kept
10900,2011.0,171988.0,kept
21900,2017.0,38000.0,kept
25000,1968.0,0.0,before 1980
53990,2020.0,11130.0,duplicates
3300,2002.0,151260.0,kept
7500,2003.0,130000.0,kept
18168,2014.0,32287.0,kept
0,2016.0,32537.0,$0 price
28000,2010.0,168000.0,kept
42990,2020.0,2760.0,kept
7700,2015.0,86000.0,kept
20000,2014.0,167821.0,kept
11995,2010.0,88615.0,kept
338,2015.0,49565.0,fake price
31590,2019.0,8789.0,duplicates
6150,2012.0,128719.0,kept
29590,2018.0,13035.0,duplicates
38888,2018.0,88310.0,duplicates
38990,2017.0,65300.0,duplicates
42999,2018.0,56484.0,duplicates
23985,2018.0,34191.0,kept
34999,2017.0,27000.0,duplicates
7900,2011.0,141000.0,duplicates
5995,2014.0,132200.0,kept
0,2002.0,199735.0,$0 price
13950,2010.0,81917.0,kept
14495,2018.0,63016.0,duplicates
4200,2000.0,154000.0,kept
24995,2016.0,45500.0,kept
19990,2014.0,96598.0,kept
14450,2013.0,185355.0,duplicates
37990,2010.0,56302.0,duplicates
10400,2013.0,20000.0,kept
2000,2010.0,195000.0,kept
11500,2015.0,94000.0,kept
8500,2007.0,79000.0,kept
13999,2015.0,68033.0,kept
8750,2015.0,147435.0,duplicates
10700,2011.0,70000.0,kept
40998,2016.0,26990.0,duplicates
31900,2014.0,46000.0,kept
3800,2005.0,160000.0,kept
9400,2013.0,94000.0,kept
5900,2006.0,96500.0,kept
14999,2013.0,93839.0,kept
37990,2020.0,43097.0,duplicates
10995,2016.0,55180.0,kept
0,2017.0,71430.0,$0 price
6995,2008.0,183205.0,duplicates
9995,2015.0,69913.0,missing fuel
27995,2016.0,74414.0,duplicates
4495,2014.0,258200.0,duplicates
16995,2011.0,146000.0,kept
0,2013.0,86827.0,$0 price
39590,2019.0,9220.0,duplicates
6995,2006.0,156000.0,kept
8990,2011.0,159370.0,kept
1950,2010.0,127000.0,duplicates
3995,1962.0,1000100.0,before 1980
16997,2016.0,43000.0,kept
2000,1999.0,208000.0,kept
16199,2018.0,24500.0,kept
9550,2015.0,146168.0,duplicates
28988,2008.0,135220.0,duplicates
34990,2018.0,39650.0,duplicates
99950,2021.0,510.0,duplicates
5995,2010.0,158521.0,duplicates
12999,2017.0,61908.0,missing title
34899,2015.0,173934.0,duplicates
6999,2014.0,14876.0,duplicates
8850,2014.0,53913.0,kept
12345,2022.0,1000000.0,bad odometer
15000,1927.0,0.0,before 1980
19995,2010.0,96930.0,duplicates
2200,1995.0,145375.0,kept
6500,2005.0,98900.0,kept
7499,2010.0,1.0,bad odometer
0,2019.0,28975.0,$0 price
29975,1972.0,83000.0,before 1980
22460,2018.0,18444.0,kept
0,2014.0,0.0,$0 price
0,2014.0,94656.0,$0 price
2500,2011.0,200516.0,duplicates
13770,2016.0,65015.0,duplicates
14700,2008.0,130500.0,kept
37990,2016.0,22870.0,duplicates
42590,2015.0,24048.0,duplicates
14400,2017.0,42000.0,kept
7350,2012.0,42000.0,kept
5995,2005.0,140489.0,duplicates
16990,2017.0,120835.0,duplicates
3450,2006.0,200000.0,kept
31590,2018.0,62496.0,duplicates
26998,2016.0,100846.0,duplicates
9998,2003.0,132371.0,kept
18990,2020.0,6395.0,duplicates
7900,2012.0,136340.0,kept
25590,2015.0,35290.0,duplicates
4995,1998.0,136298.0,kept
17550,2019.0,52000.0,kept
41590,2019.0,21493.0,duplicates
30590,2019.0,21246.0,duplicates
1000,1986.0,168710.0,kept
0,2018.0,44859.0,$0 price
12979,2016.0,64347.0,duplicates
1,2007.0,56448.0,fake price
19998,2019.0,18125.0,kept
51815,2021.0,8.0,missing title
11900,2015.0,32000.0,kept
5995,1999.0,151053.0,duplicates
46995,2013.0,103790.0,duplicates
4800,1998.0,394.0,kept
35990,2018.0,29157.0,duplicates
9991,2010.0,90000.0,kept
7499,2011.0,103776.0,kept
5400,2008.0,192787.0,duplicates
18999,2016.0,64490.0,kept
4899,2008.0,170000.0,kept
55999,2019.0,20160.0,kept
19499,2019.0,46299.0,duplicates
35990,2016.0,26039.0,duplicates
10400,2013.0,95000.0,kept
37921,2018.0,21225.0,kept
0,2016.0,11893.0,$0 price
31900,2018.0,72887.0,kept
37999,2018.0,8485.0,kept
28490,2008.0,70643.0,duplicates
32990,2019.0,1423.0,duplicates
27500,1999.0,734.0,kept
54995,2020.0,9226.0,duplicates
34590,2015.0,35423.0,duplicates
38732,2016.0,75793.0,duplicates
19000,2015.0,94000.0,kept
0,2004.0,147274.0,$0 price
0,2013.0,58572.0,$0 price
7995,2015.0,59168.0,duplicates
13700,2010.0,151793.0,duplicates
38991,2015.0,102109.0,duplicates
59995,2018.0,69511.0,kept
14989,2018.0,62820.0,duplicates
0,2014.0,105674.0,$0 price
3995,2007.0,170000.0,duplicates
1900,2005.0,200000.0,kept
0,2019.0,25626.0,$0 price
10995,2007.0,104582.0,kept
9981,2014.0,106700.0,missing title
7995,2004.0,170338.0,duplicates
27988,2017.0,70659.0,kept
34990,2014.0,35788.0,duplicates
4400,2016.0,134000.0,kept
26590,2013.0,63089.0,duplicates
19999,2018.0,40400.0,kept
8295,2010.0,136205.0,kept
10995,2013.0,100774.0,duplicates
5600,1997.0,109339.0,kept
0,2016.0,63625.0,$0 price
39999,2007.0,85134.0,duplicates
26500,2013.0,77000.0,kept
14777,2015.0,118247.0,duplicates
10600,2015.0,87865.0,kept
17990,2017.0,37880.0,kept
7995,2010.0,149761.0,kept
4297,2006.0,174291.0,duplicates
0,2015.0,67912.0,$0 price
23995,2014.0,144076.0,kept
30895,2017.0,43285.0,kept
9995,2012.0,91603.0,duplicates
34990,2018.0,30120.0,duplicates
14595,2015.0,50546.0,kept
35590,2011.0,16796.0,duplicates
19997,2014.0,101839.0,kept
9800,1974.0,129000.0,before 1980
0,2020.0,12764.0,$0 price
15000,1993.0,100000.0,kept
1000,2019.0,1.0,bad odometer
23990,2020.0,9763.0,duplicates
2000,1997.0,192000.0,kept
33990,2020.0,19042.0,duplicates
29900,2014.0,114000.0,duplicates
3500,2006.0,123456.0,kept
29900,2011.0,113006.0,duplicates
15997,2011.0,87211.0,kept
24995,2017.0,84526.0,kept
23590,2016.0,31460.0,duplicates
27569,2017.0,43831.0,duplicates
6900,2009.0,125000.0,duplicates
0,2015.0,80779.0,$0 price
5499,2000.0,174000.0,unknown cylinders
2995,1998.0,146250.0,kept
32590,2018.0,28118.0,duplicates
7995,2009.0,175332.0,kept
12995,2017.0,75444.0,kept
64995,2018.0,36068.0,kept
28990,2018.0,10533.0,duplicates
7400,2010.0,122165.0,kept
28590,2018.0,21368.0,duplicates
28950,2015.0,98427.0,kept
0,2018.0,73898.0,$0 price
18995,2016.0,54939.0,kept
6900,2007.0,128166.0,missing title
30590,2020.0,10267.0,duplicates
23000,1986.0,128000.0,kept
27985,2012.0,381465.0,duplicates
43990,2016.0,45542.0,duplicates
28988,2020.0,3029.0,kept
12998,2012.0,123747.0,duplicates
348,2018.0,42178.0,fake price
3950,1996.0,149230.0,duplicates
23590,2012.0,53752.0,duplicates
24590,2017.0,31936.0,kept
22995,2010.0,137000.0,kept
3999,2011.0,159500.0,kept
46875,2020.0,6125.0,kept
0,2015.0,92000.0,$0 price
23995,2018.0,31732.0,kept
29000,1994.0,58000.0,kept
13000,2018.0,43995.0,duplicates
9000,2015.0,98000.0,kept
15499,2007.0,79338.0,kept
44980,2019.0,10668.0,duplicates
54999,2020.0,14560.0,kept
6988,2012.0,109468.0,kept
32990,2020.0,20581.0,duplicates
32995,2019.0,23174.0,kept
1500,2006.0,180619.0,kept
7996,2009.0,98805.0,duplicates
28500,2016.0,47650.0,kept
2850,1994.0,124048.0,kept
0,2006.0,174496.0,$0 price
4900,2005.0,160000.0,kept
4000,2008.0,204781.0,kept
25990,2014.0,15575.0,duplicates
9998,2014.0,106440.0,duplicates
5999,2000.0,214000.0,kept
26649,2018.0,51717.0,kept
5300,2006.0,160000.0,kept
0,2013.0,124655.0,$0 price
7988,2008.0,179757.0,kept
6980,2006.0,110212.0,duplicates
5499,2009.0,162061.0,kept
8995,2006.0,114494.0,duplicates
10500,2006.0,148.0,kept
16990,2016.0,17631.0,duplicates
339,2018.0,42878.0,fake price
18590,2017.0,20729.0,duplicates
16999,2014.0,108820.0,duplicates
19999,2013.0,99743.0,kept
10100,2011.0,119866.0,kept
10990,2014.0,110608.0,duplicates
19990,2017.0,29254.0,duplicates
6000,1998.0,300000.0,kept
9950,2004.0,156118.0,duplicates
29990,2000.0,116225.0,kept
3999,2005.0,147252.0,duplicates
28500,2011.0,45000.0,kept
5500,2006.0,189000.0,kept
8000,2008.0,164000.0,kept
17990,2018.0,18919.0,kept
11500,2019.0,23000.0,kept
23277,2012.0,27089.0,kept
19990,2012.0,29993.0,kept
21995,2015.0,76751.0,duplicates
0,2015.0,97053.0,$0 price
5495,2014.0,121021.0,duplicates
8998,2017.0,18196.0,duplicates
43952,2016.0,93294.0,kept
23000,2017.0,54916.0,kept
12999,2012.0,114459.0,duplicates
11995,2015.0,134558.0,duplicates
10995,2005.0,162000.0,duplicates
5790,2008.0,165841.0,kept
10995,2015.0,109000.0,kept
4999,2008.0,143555.0,kept
1800,1994.0,184000.0,kept
25487,2019.0,29240.0,kept
19995,2018.0,39837.0,duplicates
1200,2003.0,71259.0,kept
9995,2007.0,161928.0,duplicates
30995,2013.0,49690.0,kept
0,2015.0,90464.0,$0 price
3950,2008.0,166981.0,kept
240,2013.0,61900.0,fake price
44999,2021.0,312.0,duplicates
26990,2017.0,16728.0,duplicates
0,2011.0,161237.0,$0 price
55000,2021.0,120.0,kept
56954,2020.0,29947.0,duplicates
12999,2013.0,31395.0,missing title
35990,2017.0,26015.0,duplicates
68991,2018.0,10069.0,duplicates
74999,2018.0,29952.0,duplicates
2800,1998.0,196087.0,kept
8650,2013.0,52494.0,kept
37990,2020.0,15143.0,kept
49895,,26985.0,before 1980
6499,2006.0,108102.0,kept
7400,2008.0,179000.0,kept
0,2016.0,112657.0,$0 price
21990,2011.0,32652.0,duplicates
10995,2015.0,113000.0,duplicates
40998,2018.0,42391.0,duplicates
10999,2010.0,64000.0,kept
8900,2004.0,70500.0,kept
18995,2011.0,142000.0,kept
15995,2011.0,109846.0,kept
17990,2018.0,14380.0,kept
16788,2016.0,67613.0,kept
3200,2004.0,9999999.0,bad odometer
22999,2018.0,39207.0,kept
22590,2013.0,68177.0,kept
21368,2015.0,78965.0,kept
19990,2018.0,29636.0,duplicates
11995,2013.0,96599.0,kept
2595,1999.0,94000.0,kept
28590,2019.0,2907.0,kept
22990,2009.0,42239.0,duplicates
7999,2002.0,143000.0,duplicates
18590,2017.0,38545.0,duplicates
10995,2014.0,118065.0,duplicates
6900,2011.0,76000.0,kept
54988,2019.0,11096.0,duplicates
32990,2019.0,3896.0,duplicates
2995,1993.0,142000.0,kept
31900,2015.0,137396.0,kept
3600,2004.0,84909.0,missing title
251,2012.0,59212.0,fake price
37900,2016.0,99888.0,kept
3900,2001.0,131.0,kept
3350,2007.0,174000.0,duplicates
20998,2016.0,123825.0,duplicates
18590,2016.0,25000.0,kept
21590,2018.0,33426.0,duplicates
9999,2008.0,81000.0,kept
316,2013.0,59686.0,fake price
9990,1991.0,38700.0,kept
3900,2007.0,178.0,kept
24900,2016.0,115501.0,kept
98000,1970.0,782.0,before 1980
63977,2018.0,44576.0,duplicates
15995,2015.0,71852.0,kept
18852,2015.0,54641.0,kept
11500,2008.0,114111.0,kept
54995,2017.0,24561.0,duplicates
33000,2017.0,32600.0,kept
7999,2003.0,175000.0,kept
2000,1996.0,222000.0,kept
34500,2018.0,35870.0,duplicates
4950,2007.0,130889.0,kept
37590,2020.0,2240.0,duplicates
5000,1998.0,178000.0,kept
7500,1985.0,100000.0,kept
29990,2019.0,15471.0,duplicates
7995,2012.0,109000.0,kept
20990,2016.0,57153.0,kept
0,2012.0,,$0 price
19990,2019.0,6163.0,kept
17999,2016.0,102650.0,kept
3500,2002.0,235481.0,kept
17990,2017.0,27025.0,duplicates
5995,2006.0,1.0,bad odometer
0,2018.0,113305.0,$0 price
0,2013.0,40978.0,$0 price
0,2018.0,17685.0,$0 price
32500,2014.0,104872.0,kept
18590,2009.0,69245.0,duplicates
12999,2008.0,74000.0,kept
3999,2003.0,147000.0,kept
25990,2014.0,15575.0,duplicates
19998,2019.0,48812.0,duplicates
12990,2016.0,81900.0,duplicates
5999,2010.0,106188.0,kept
13998,2010.0,149486.0,duplicates
0,2018.0,85448.0,$0 price
27495,2012.0,34585.0,duplicates
13900,2014.0,162000.0,kept
5200,2001.0,1000.0,kept
39995,2007.0,1253579.0,bad odometer
0,2018.0,0.0,$0 price
6200,2009.0,250555.0,kept
30990,2017.0,41124.0,kept
8940,2004.0,148000.0,kept
43000,2016.0,22000.0,kept
7988,2013.0,75758.0,kept
38990,2016.0,72410.0,duplicates
0,2017.0,1.0,$0 price
3500,2005.0,140907.0,kept
14590,2012.0,80465.0,duplicates
6500,2001.0,130000.0,kept
3500,2005.0,1.0,bad odometer
10200,2012.0,128400.0,kept
10995,2008.0,155299.0,duplicates
21990,2012.0,137000.0,kept
29990,2018.0,13859.0,duplicates
499,2015.0,61000.0,fake price
5800,2004.0,201000.0,kept
17411,2018.0,42830.0,duplicates
36900,2018.0,98000.0,duplicates
11500,2001.0,166000.0,kept
8997,2011.0,88142.0,kept
29900,2016.0,52941.0,duplicates
12999,2011.0,128916.0,kept
13995,2011.0,85725.0,kept
9990,2012.0,123591.0,kept
28900,2020.0,29000.0,kept
13995,2013.0,156190.0,duplicates
66900,2020.0,14878.0,duplicates
17995,2012.0,142248.0,duplicates
6995,2007.0,131083.0,duplicates
36995,2018.0,34411.0,missing transmission
12977,2011.0,92765.0,kept
27985,2018.0,10037.0,kept
4500,2006.0,131000.0,kept
10980,2014.0,100100.0,duplicates
43900,2020.0,50000.0,kept
13200,2009.0,139629.0,kept
1900,2020.0,2000.0,duplicates
49990,2018.0,17083.0,duplicates
31497,2016.0,81591.0,kept
0,2015.0,99456.0,$0 price
18997,2014.0,98155.0,duplicates
7500,1993.0,44333.0,duplicates
33450,2017.0,94356.0,kept
9500,1963.0,12000.0,before 1980
49995,2016.0,55859.0,kept
21995,2018.0,9000.0,kept
20491,2009.0,83535.0,kept
8900,2013.0,111000.0,kept
7995,2012.0,74532.0,kept
5699,2009.0,141372.0,kept
3400,2007.0,158340.0,kept
9000,2019.0,8000.0,kept
0,2015.0,81082.0,$0 price
0,2014.0,77534.0,$0 price
11995,2011.0,99715.0,duplicates
19942,2017.0,88836.0,missing fuel
21590,2016.0,37793.0,duplicates
38990,2015.0,48774.0,duplicates
500,1994.0,1000.0,kept
9950,2009.0,182536.0,kept
7995,2001.0,152321.0,duplicates
20990,2006.0,134296.0,duplicates
0,2014.0,30000.0,$0 price
26995,2003.0,25214.0,kept
4850,2010.0,170000.0,kept
5000,2006.0,213801.0,kept
21995,2014.0,110676.0,kept
3000,2002.0,100926.0,kept
41999,2020.0,32552.0,duplicates
31999,2018.0,125940.0,kept
4499,2007.0,126815.0,kept
24990,2020.0,4414.0,duplicates
31590,2015.0,43785.0,duplicates
20999,2016.0,29141.0,kept
8000,2007.0,93000.0,kept
5950,2005.0,242000.0,duplicates
39590,2018.0,31904.0,duplicates
43590,2020.0,12012.0,duplicates
14495,2019.0,20000.0,duplicates
12500,2015.0,58000.0,kept
9000,2008.0,183000.0,kept
31495,2019.0,38485.0,kept
2900,1999.0,116273.0,duplicates
0,2020.0,20261.0,$0 price
7500,2010.0,125000.0,kept
7000,2013.0,150000.0,kept
60995,2016.0,76378.0,duplicates
17590,2016.0,35871.0,duplicates
11000,2013.0,103000.0,kept
9995,2014.0,58887.0,duplicates
3950,2011.0,0.0,bad odometer
39999,2019.0,45304.0,duplicates
31590,2020.0,2195.0,duplicates
20000,2017.0,99103.0,missing fuel
34590,2015.0,35423.0,duplicates
12900,2013.0,216000.0,kept
0,2016.0,139640.0,$0 price
59999,2014.0,99622.0,duplicates
0,2012.0,121111.0,$0 price
13995,2015.0,161809.0,duplicates
129888,1993.0,750.0,duplicates
7988,2007.0,83880.0,duplicates
30990,2019.0,1834.0,duplicates
3995,2009.0,169000.0,duplicates
16590,2017.0,29319.0,kept
13990,2015.0,47621.0,duplicates
0,2015.0,86221.0,$0 price
334,2020.0,27126.0,fake price
5999,2006.0,180000.0,kept
32990,2017.0,30135.0,duplicates
6495,2011.0,166230.0,duplicates
5500,1980.0,90000.0,kept
17997,2013.0,75134.0,kept
69995,2018.0,65724.0,duplicates
6850,1989.0,155000.0,kept
30990,2018.0,7896.0,duplicates
20477,2014.0,118700.0,kept
13900,2019.0,26000.0,kept
6600,2008.0,129000.0,kept
7995,2009.0,100610.0,kept
11995,2015.0,133988.0,kept
36995,2016.0,65284.0,duplicates
14480,2014.0,106000.0,duplicates
47955,2015.0,153387.0,duplicates
11988,2016.0,85492.0,duplicates
7575,2008.0,171758.0,duplicates
0,2014.0,46944.0,$0 price
16870,2006.0,121833.0,duplicates
3995,2004.0,125000.0,kept
5500,2004.0,146700.0,duplicates
28990,2018.0,12514.0,duplicates
7950,2013.0,78410.0,kept
21894,2016.0,54463.0,duplicates
0,2009.0,193581.0,$0 price
18590,2018.0,13110.0,duplicates
31990,2020.0,4582.0,duplicates
5995,2005.0,154776.0,kept
38995,2014.0,206341.0,duplicates
2500,1991.0,269000.0,kept
3700,2013.0,1.0,bad odometer
3750,2006.0,181000.0,kept
5500,2013.0,177072.0,kept
12900,1995.0,95460.0,kept
28590,2015.0,33174.0,duplicates
17800,1932.0,30000.0,before 1980
15495,2011.0,156913.0,duplicates
9000,2013.0,90900.0,kept
36588,2016.0,43177.0,duplicates
23561,2016.0,22223.0,duplicates
0,2006.0,11000.0,$0 price
21990,2005.0,45554.0,duplicates
500,2007.0,165302.0,kept
6995,2015.0,81203.0,duplicates
42900,2012.0,124000.0,duplicates
27900,2014.0,77102.0,duplicates
14995,2008.0,174490.0,kept
1500,2007.0,158000.0,kept
7499,2010.0,88000.0,duplicates
18990,2019.0,5378.0,duplicates
6995,2009.0,137487.0,kept
18995,2009.0,206874.0,duplicates
45985,2015.0,119741.0,kept
9500,2014.0,128434.0,kept
28500,1996.0,171442.0,duplicates
0,2017.0,55649.0,$0 price
14990,2016.0,61198.0,kept
53990,2019.0,2113.0,duplicates
10500,2008.0,156554.0,kept
17991,2019.0,20368.0,duplicates
17995,2014.0,224100.0,duplicates
6899,2010.0,146000.0,kept
8200,1970.0,44000.0,before 1980
87000,2021.0,5200.0,kept
5900,2011.0,106466.0,missing title
4900,2005.0,179000.0,kept
28995,2008.0,183141.0,duplicates
17398,2016.0,72961.0,kept
10900,2015.0,89064.0,kept
8995,2011.0,133063.0,duplicates
17998,2012.0,62665.0,duplicates
37990,2016.0,22870.0,duplicates
7575,2005.0,182000.0,kept
6995,2015.0,143923.0,duplicates
36990,2018.0,42913.0,duplicates
2300,1997.0,375000.0,kept
5500,2005.0,130134.0,kept
0,2013.0,124463.0,$0 price
12995,2012.0,109340.0,duplicates
17995,2001.0,124060.0,kept
47995,2019.0,10268.0,kept
20885,2016.0,95850.0,kept
0,2016.0,70369.0,$0 price
199,2017.0,18921.0,fake price
7499,2015.0,52750.0,kept
20000,2014.0,42000.0,kept
3700,2009.0,275915.0,kept
36590,2019.0,30906.0,duplicates
3400,2006.0,235000.0,kept
10995,2013.0,131787.0,kept
15500,1962.0,95000.0,before 1980
4700,2002.0,120000.0,kept
26990,2020.0,28278.0,kept
18999,2013.0,124000.0,kept
232,2017.0,23035.0,fake price
38971,2017.0,18165.0,kept
2450,1984.0,94000.0,kept
0,2016.0,51615.0,$0 price
8900,2013.0,181689.0,kept
17500,2002.0,122800.0,kept
16590,2015.0,26655.0,kept
15688,2015.0,130798.0,duplicates
7998,2007.0,94245.0,kept
0,2001.0,107676.0,$0 price
24995,2020.0,2876.0,kept
21950,2011.0,89481.0,kept
5999,2008.0,95950.0,kept
18995,2011.0,90490.0,duplicates
3400,2013.0,114000.0,kept
32500,1997.0,58000.0,kept
4000,1997.0,141400.0,duplicates
29998,2011.0,235672.0,kept
20475,2015.0,101046.0,duplicates
21998,2017.0,54522.0,duplicates
10995,2008.0,136885.0,duplicates
4500,1992.0,186321.0,kept
13900,2014.0,,bad odometer
18750,1982.0,111250.0,kept
30990,2018.0,22821.0,duplicates
24995,2017.0,55207.0,duplicates
5995,2009.0,134000.0,kept
44995,2017.0,94201.0,duplicates
15495,2014.0,90432.0,kept
20988,2011.0,82928.0,duplicates
4999,2000.0,103395.0,kept
33990,2017.0,20713.0,duplicates
11800,2013.0,103312.0,duplicates
6500,2012.0,141216.0,kept
7999,2010.0,67987.0,duplicates
0,2015.0,55024.0,$0 price
34990,2018.0,23.0,bad odometer
6931,2010.0,111866.0,missing title
1500,2007.0,165000.0,kept
6495,2007.0,187003.0,duplicates
0,2014.0,111072.0,$0 price
25990,2009.0,166286.0,kept
30990,2020.0,23328.0,duplicates
3000,2007.0,191000.0,kept
9590,2009.0,144172.0,kept
1300,2009.0,94500.0,kept
31500,2019.0,106054.0,duplicates
7500,1997.0,304294.0,kept
7995,2011.0,111088.0,duplicates
18995,2018.0,2672.0,kept
800,2005.0,175000.0,kept
4698,2006.0,150029.0,kept
2850,2010.0,184255.0,kept
12995,2016.0,61127.0,duplicates
18590,2017.0,38545.0,duplicates
17120,2008.0,152907.0,kept
14500,2013.0,134829.0,kept
48500,2015.0,53500.0,kept
16495,2016.0,58900.0,kept
1700,2019.0,500.0,kept
5500,2009.0,109000.0,kept
16000,2011.0,169000.0,kept
13995,2017.0,93455.0,kept
20990,2020.0,11498.0,duplicates
11250,2013.0,122000.0,duplicates
26500,2013.0,126510.0,duplicates
15990,2012.0,31907.0,kept
44796,2017.0,137664.0,kept
29590,2015.0,43874.0,duplicates
38950,2015.0,71515.0,kept
30000,2018.0,38000.0,kept
5500,2010.0,157376.0,duplicates
22197,2018.0,24691.0,kept
0,2017.0,129755.0,$0 price
36572,2017.0,83988.0,duplicates
42996,2019.0,1436.0,kept
3900,2007.0,193000.0,kept
18995,2013.0,67485.0,kept
38525,2018.0,29450.0,duplicates
7495,2012.0,160730.0,duplicates
7975,2013.0,157000.0,duplicates
9900,1989.0,192256.0,kept
18500,2013.0,136000.0,kept
47990,2020.0,9064.0,duplicates
10999,2015.0,112751.0,kept
28990,2020.0,18791.0,duplicates
2900,2004.0,163000.0,duplicates
29997,2014.0,73603.0,duplicates
35000,2015.0,64289.0,duplicates
24950,2014.0,130772.0,kept
7900,2010.0,144000.0,kept
13768,2014.0,93442.0,duplicates
0,2018.0,94764.0,$0 price
9300,2016.0,53406.0,duplicates
18500,2012.0,63000.0,kept
17165,2015.0,96436.0,kept
11950,2011.0,115522.0,duplicates
0,1999.0,109000.0,$0 price
34998,2018.0,65495.0,kept
17990,2018.0,41076.0,duplicates
5950,2008.0,157780.0,kept
17000,2013.0,168268.0,kept
7999,2016.0,108245.0,kept
29990,2016.0,17302.0,duplicates
14495,2015.0,179707.0,duplicates
9299,2012.0,96668.0,kept
10700,2009.0,55000.0,kept
3230,1986.0,144000.0,kept
35176,2018.0,25678.0,kept
15990,2016.0,40668.0,duplicates
17390,2008.0,175348.0,kept
26590,2019.0,30604.0,duplicates
11999,2006.0,127338.0,kept
18998,2016.0,75890.0,duplicates
6200,2000.0,137450.0,kept
299,2014.0,54000.0,fake price
10995,2010.0,86790.0,kept
8999,2009.0,135154.0,missing title
11990,2011.0,141364.0,duplicates
8500,2004.0,151000.0,kept
9798,2015.0,82674.0,kept
18000,2017.0,29000.0,duplicates
23590,2016.0,26189.0,duplicates
5000,2003.0,125636.0,kept
9998,2009.0,107359.0,kept
865,2021.0,0.0,fake price
25990,2019.0,12302.0,duplicates
27995,2015.0,107383.0,duplicates
15999,2012.0,63575.0,kept
3000,2006.0,145256.0,kept
6995,2006.0,85684.0,kept
3890,2007.0,219000.0,kept
23999,2016.0,37836.0,duplicates
0,2013.0,130454.0,$0 price
0,2018.0,19353.0,$0 price
1500,2014.0,74000.0,kept
39900,2017.0,43000.0,kept
5500,2006.0,128776.0,kept
12500,1974.0,100000.0,before 1980
7950,2008.0,139121.0,kept
0,2018.0,17193.0,$0 price
16900,1986.0,109700.0,kept
21590,2017.0,14934.0,duplicates
0,2010.0,104672.0,$0 price
51000,2020.0,7419.0,duplicates
6895,2008.0,120511.0,kept
18490,2016.0,18755.0,duplicates
31499,2013.0,74380.0,duplicates
0,2018.0,41101.0,$0 price
4250,2011.0,230000.0,kept
25999,2013.0,79857.0,kept
6995,2009.0,136783.0,duplicates
24500,2017.0,35241.0,duplicates
0,2011.0,206207.0,$0 price
3900,2007.0,187864.0,kept
41590,2020.0,27160.0,duplicates
27990,2017.0,13919.0,duplicates
9850,2010.0,125161.0,kept
9999,2013.0,82345.0,kept
45990,2020.0,4157.0,duplicates
5000,2008.0,142909.0,kept
14427,2017.0,99192.0,kept
348,2018.0,42753.0,fake price
0,2015.0,37103.0,$0 price
24990,2017.0,40338.0,duplicates
49000,1972.0,25000.0,before 1980
45999,2015.0,26933.0,duplicates
6988,2016.0,,bad odometer
27590,2012.0,52172.0,duplicates
4299,2004.0,189987.0,missing title
0,2014.0,101285.0,$0 price
8200,1999.0,119000.0,kept
29990,2016.0,24661.0,duplicates
69900,2019.0,31581.0,kept
15845,2014.0,56205.0,kept
13500,2005.0,245000.0,kept
2995,2004.0,152974.0,kept
9495,2007.0,180877.0,duplicates
17950,2014.0,80722.0,missing title
26990,2016.0,105070.0,duplicates
0,2012.0,55995.0,$0 price
5900,2002.0,35700.0,kept
0,2016.0,45129.0,$0 price
12900,2012.0,145000.0,kept
33990,2004.0,93313.0,duplicates
39995,2018.0,30120.0,duplicates
36590,2018.0,5837.0,duplicates
44995,2017.0,29534.0,duplicates
15000,1992.0,226000.0,kept
14000,2013.0,81000.0,kept
39990,2019.0,11717.0,duplicates
10000,2014.0,132000.0,kept
12036,2012.0,63704.0,kept
27952,2017.0,53572.0,kept
36885,2015.0,103588.0,duplicates
18999,2017.0,47273.0,duplicates
14999,2015.0,81263.0,duplicates
71999,2019.0,28890.0,duplicates
21990,2019.0,6725.0,duplicates
2250,2011.0,168000.0,kept
5999,2013.0,114000.0,kept
5500,2006.0,100610.0,kept
5795,2008.0,142655.0,duplicates
12991,2015.0,88431.0,kept
4500,1979.0,60000.0,before 1980
17893,2004.0,196730.0,duplicates
15500,2008.0,622000.0,bad odometer
3988,2003.0,164864.0,kept
17990,2015.0,51482.0,duplicates
5000,2002.0,194732.0,kept
18995,2016.0,110900.0,kept
24999,2014.0,97000.0,kept
65000,2018.0,3600.0,kept
59995,2015.0,74668.0,duplicates
5995,2008.0,117000.0,kept
3000,2004.0,246000.0,kept
18999,2012.0,132000.0,duplicates
3000,2004.0,184455.0,duplicates
5995,2012.0,207112.0,duplicates
0,2011.0,47030.0,$0 price
11950,2014.0,70344.0,kept
17988,2017.0,87590.0,duplicates
9800,2015.0,192000.0,kept
7500,1996.0,233000.0,kept
25500,1995.0,125500.0,kept
23916,2017.0,66096.0,duplicates
6495,2010.0,83203.0,kept
1000,2013.0,190000.0,kept
16500,2017.0,60300.0,kept
8550,2015.0,150869.0,kept
4900,2010.0,1.0,bad odometer
2000,2004.0,149100.0,kept
22800,2013.0,74541.0,duplicates
8490,2006.0,124800.0,duplicates
22985,2020.0,10653.0,kept
33590,2014.0,67830.0,duplicates
35990,2020.0,1548.0,duplicates
12995,2011.0,66000.0,kept
21250,2017.0,64900.0,kept
8900,2013.0,125000.0,kept
12200,2013.0,143300.0,kept
25988,2013.0,118620.0,duplicates
0,2018.0,44977.0,$0 price
8995,2014.0,131206.0,kept
8200,2016.0,80000.0,kept
3995,2012.0,201000.0,kept
26590,2017.0,33183.0,kept
6950,2003.0,128888.0,duplicates
22999,2007.0,61000.0,kept
18900,2020.0,40500.0,kept
7990,2011.0,93000.0,duplicates
3700,1995.0,233000.0,kept
37583,2015.0,84462.0,duplicates
26909,2011.0,97584.0,duplicates
17990,2020.0,16631.0,duplicates
8995,2011.0,176015.0,duplicates
13638,2011.0,87429.0,kept
18250,2014.0,107588.0,kept
20995,2017.0,77087.0,duplicates
10990,2011.0,100023.0,kept
29990,2000.0,135200.0,duplicates
11495,2012.0,140780.0,kept
0,2014.0,112404.0,$0 price
14590,2015.0,23872.0,kept
9850,2009.0,119415.0,duplicates
19590,2018.0,35931.0,duplicates
14500,2008.0,201268.0,duplicates
13995,2015.0,120587.0,kept
0,2019.0,22358.0,$0 price
3895,2010.0,187900.0,duplicates
9850,2004.0,106749.0,kept
21995,2012.0,119663.0,duplicates
34990,2015.0,63226.0,duplicates
11500,2011.0,98500.0,duplicates
8995,2010.0,92537.0,missing title
28995,2019.0,38140.0,duplicates
11300,2004.0,199599.0,kept
45000,2011.0,483296.0,kept
27590,2014.0,44781.0,duplicates
33999,2018.0,65438.0,duplicates
25629,2012.0,52100.0,kept
10500,2009.0,59000.0,kept
9988,2011.0,,bad odometer
19995,2015.0,63400.0,kept
3500,2012.0,167710.0,duplicates
4995,2002.0,160497.0,duplicates
5998,2006.0,126385.0,kept
11977,2010.0,143467.0,duplicates
27990,2008.0,83459.0,duplicates
19950,2016.0,74353.0,duplicates
2200,2005.0,230000.0,kept
7700,2016.0,75000.0,kept
0,2009.0,149829.0,$0 price
0,2009.0,193581.0,$0 price
5995,2006.0,167590.0,kept
32995,2011.0,152081.0,duplicates
10500,1996.0,100000.0,kept
36990,2019.0,28003.0,duplicates
8498,2008.0,146500.0,kept
7500,2008.0,136112.0,kept
10995,2013.0,191146.0,missing fuel
1600,2000.0,161282.0,kept
18995,2010.0,166354.0,duplicates
39999,2016.0,59902.0,kept
18500,2007.0,124000.0,kept
1000,2014.0,90000.0,kept
15990,2015.0,68265.0,kept
23990,2015.0,90802.0,missing transmission
44988,2017.0,31031.0,duplicates
40990,2019.0,27597.0,duplicates
36900,2017.0,40000.0,kept
39995,2012.0,72346.0,duplicates
14900,2011.0,108441.0,kept
18995,2015.0,61000.0,kept
24987,2017.0,36134.0,kept
8999,2008.0,56000.0,kept
24995,2014.0,165148.0,kept
22900,2005.0,66206.0,duplicates
25490,2018.0,31936.0,kept
140,2014.0,176888.0,fake price
29500,2014.0,147805.0,duplicates
31995,2018.0,39556.0,duplicates
4900,2008.0,181000.0,kept
6750,2009.0,250000.0,kept
31990,2019.0,27479.0,duplicates
9950,2012.0,150470.0,duplicates
16995,2016.0,73546.0,duplicates
3800,2004.0,180032.0,duplicates
29990,2018.0,35992.0,duplicates
25990,2013.0,52145.0,duplicates
10495,2011.0,131000.0,kept
12950,2008.0,131789.0,kept
21990,2016.0,39647.0,duplicates
63990,2019.0,20126.0,duplicates
39990,2018.0,44054.0,duplicates
20200,2014.0,53227.0,kept
7600,2005.0,105000.0,duplicates
17500,2017.0,60339.0,duplicates
27995,2016.0,77615.0,duplicates
15995,2013.0,60000.0,kept
7500,2000.0,148500.0,kept
19590,2019.0,11229.0,kept
12995,2018.0,47959.0,kept
28590,2018.0,29050.0,kept
14990,2019.0,7007.0,duplicates
10000,2013.0,98000.0,kept
18000,1961.0,1111111.0,before 1980
6995,2006.0,167321.0,kept
24248,2015.0,102834.0,kept
13495,2014.0,104358.0,kept
7975,2014.0,67810.0,kept
2150,2001.0,201915.0,missing title
49590,2020.0,6033.0,duplicates
99,2017.0,59327.0,fake price
35995,2019.0,15910.0,duplicates
6500,2005.0,178517.0,kept
18773,2020.0,39290.0,missing fuel
0,2009.0,159987.0,$0 price
12495,2016.0,97039.0,duplicates
0,2016.0,94127.0,$0 price
51990,2018.0,72367.0,duplicates
5999,2008.0,165000.0,kept
20990,2018.0,1625.0,duplicates
5300,2008.0,140000.0,kept
28981,2020.0,6594.0,duplicates
21900,2014.0,39236.0,duplicates
52990,2020.0,79.0,duplicates
11600,2019.0,7931.0,kept
12985,2011.0,95104.0,kept
15900,2018.0,120156.0,duplicates
49999,2020.0,16406.0,kept
9500,2007.0,113490.0,kept
1,2021.0,17898.0,fake price
0,2014.0,0.0,$0 price
28590,2018.0,35036.0,kept
5250,2003.0,128000.0,kept
15000,1971.0,69000.0,before 1980
30998,2018.0,60737.0,kept
30550,2016.0,142121.0,kept
12000,1999.0,83900.0,kept
18777,2017.0,68135.0,duplicates
14000,1990.0,150000.0,kept
9800,2008.0,238000.0,kept
17900,1995.0,51000.0,kept
18900,2013.0,125255.0,kept
34990,2020.0,4174.0,duplicates
25000,1965.0,1000.0,before 1980
39950,2013.0,223131.0,duplicates
3900,2011.0,150000.0,duplicates
54999,2018.0,10887.0,kept
27254,2017.0,29149.0,kept
6500,2010.0,156000.0,kept
14500,2017.0,65000.0,kept
10995,2012.0,177123.0,kept
38990,2019.0,15520.0,duplicates
4500,2002.0,99800.0,kept
8999,2005.0,124939.0,kept
10995,2016.0,61979.0,duplicates
7995,2012.0,132000.0,duplicates
5995,2011.0,104000.0,duplicates
3300,2000.0,158000.0,kept
29000,2014.0,68612.0,duplicates
0,2016.0,44467.0,$0 price
6500,1975.0,58519.0,before 1980
0,2015.0,46075.0,$0 price
3999,2006.0,164988.0,duplicates
44987,2016.0,28509.0,kept
34921,2016.0,99110.0,kept
39998,2019.0,21793.0,duplicates
0,2014.0,120990.0,$0 price
8980,2006.0,192826.0,duplicates
5500,2008.0,155000.0,kept
1500,1999.0,180000.0,kept
37590,2020.0,1937.0,duplicates
0,2010.0,,$0 price
25990,2019.0,12302.0,duplicates
11500,1955.0,100000.0,before 1980
34197,2018.0,79695.0,kept
0,2011.0,222000.0,$0 price
0,2015.0,105000.0,$0 price
16500,2013.0,44700.0,kept
18495,2013.0,86374.0,duplicates
2900,2002.0,105000.0,kept
4875,2006.0,136305.0,kept
44995,2016.0,25277.0,kept
28985,2019.0,32860.0,kept
15995,2013.0,76010.0,kept
39990,2019.0,24495.0,duplicates
39590,2013.0,44631.0,duplicates
5200,2006.0,248000.0,kept
6950,2013.0,127529.0,duplicates
17990,2018.0,25065.0,duplicates
1750,2004.0,125321.0,kept
17000,2013.0,163484.0,kept
8500,2006.0,154100.0,kept
0,2018.0,26670.0,$0 price
40653,2020.0,34865.0,duplicates
4775,1987.0,277702.0,kept
22499,2019.0,3418.0,missing title
31506,2016.0,81755.0,duplicates
13995,2011.0,114467.0,kept
6900,1985.0,37000.0,kept
22999,2010.0,37592.0,duplicates
4977,2005.0,224536.0,duplicates
6995,2010.0,144347.0,kept
13500,2014.0,61400.0,kept
7500,2007.0,169000.0,kept
0,2006.0,167410.0,$0 price
37995,2014.0,185505.0,duplicates
35844,2018.0,62994.0,duplicates
82995,2020.0,10176.0,duplicates
1500,2003.0,243000.0,kept
0,2020.0,31555.0,$0 price
4800,2007.0,147000.0,kept
58500,2017.0,43743.0,kept
14599,2017.0,17130.0,duplicates
16095,2014.0,81731.0,duplicates
17990,2020.0,16631.0,duplicates
0,2019.0,30842.0,$0 price
55979,2018.0,51309.0,duplicates
5495,2013.0,129111.0,duplicates
19990,2019.0,7382.0,duplicates
45995,2020.0,9662.0,duplicates
14995,2013.0,115010.0,duplicates
0,2014.0,133948.0,$0 price
5995,2013.0,141.0,duplicates
17590,2018.0,42132.0,duplicates
10000,2014.0,161000.0,kept
38990,2018.0,47788.0,kept
5471,2010.0,151600.0,duplicates
6890,2011.0,103000.0,kept
3500,2007.0,132000.0,duplicates
39990,2019.0,11717.0,duplicates
17665,2018.0,78448.0,duplicates
700,2006.0,1.0,bad odometer
4500,2008.0,89000.0,kept
299,2018.0,50580.0,fake price
9499,2010.0,115264.0,kept
43995,2014.0,163606.0,kept
1,2014.0,70995.0,fake price
27590,2018.0,41119.0,duplicates
12990,2008.0,74576.0,kept
5900,2004.0,159000.0,duplicates
21590,2017.0,14934.0,duplicates
18590,2018.0,20890.0,duplicates
13499,2007.0,94946.0,kept
9495,2015.0,83823.0,duplicates
32987,2014.0,116767.0,kept
29990,2012.0,103360.0,kept
7900,2010.0,150000.0,kept
21590,2019.0,17358.0,duplicates
42999,2017.0,61850.0,duplicates
3495,2008.0,141953.0,kept
7000,2012.0,161032.0,kept
9900,1950.0,27000.0,before 1980
15400,2016.0,99900.0,duplicates
41999,2017.0,38269.0,duplicates
26991,2016.0,71088.0,kept
3900,2004.0,216576.0,kept
62000,1967.0,93720.0,before 1980
0,2018.0,10254.0,$0 price
43900,2017.0,70345.0,kept
34900,2011.0,135000.0,duplicates
52500,2013.0,178060.0,kept
20634,2018.0,29608.0,kept
3850,2007.0,148550.0,kept
5800,2007.0,58100.0,kept
3500,2009.0,149800.0,kept
11290,2012.0,100000.0,kept
28988,2016.0,118495.0,duplicates
32990,2011.0,45858.0,duplicates
6888,2014.0,91088.0,kept
6900,2005.0,150000.0,kept
9000,1989.0,43000.0,kept
6850,2008.0,179350.0,kept
2995,2007.0,166000.0,duplicates
58989,2015.0,23906.0,duplicates
53877,,14396.0,before 1980
56750,2021.0,10.0,kept
38990,2018.0,36881.0,duplicates
3700,2013.0,1.0,bad odometer
35982,2011.0,145348.0,duplicates
37999,2016.0,58696.0,duplicates
5995,2014.0,163420.0,duplicates
21990,2019.0,13869.0,duplicates
15995,2012.0,108107.0,kept
6990,2013.0,50000.0,kept
25995,2019.0,25690.0,kept
5500,1950.0,99999.0,before 1980
7800,2010.0,112589.0,duplicates
37995,2016.0,80880.0,kept
6499,2012.0,195731.0,duplicates
1500,2006.0,98832.0,kept
34555,2018.0,6126.0,kept
34000,2016.0,34511.0,kept
0,2015.0,89950.0,$0 price
10000,1972.0,1.0,before 1980
17990,2019.0,20295.0,kept
7900,2005.0,164000.0,kept
28900,2016.0,85499.0,kept
5995,2005.0,158060.0,kept
13997,2010.0,90915.0,duplicates
2900,2002.0,172758.0,duplicates
17590,2011.0,55106.0,duplicates
12500,2015.0,73315.0,kept
5400,2006.0,145173.0,kept
5,2019.0,1.0,fake price
35990,2015.0,24356.0,duplicates
68995,2020.0,14140.0,duplicates
23995,2016.0,67696.0,kept
7995,2010.0,104496.0,kept
34999,2016.0,30097.0,kept
4499,2005.0,247540.0,kept
29675,2019.0,16557.0,kept
8299,2014.0,94828.0,duplicates
1,2020.0,15100.0,fake price
0,2017.0,95760.0,$0 price
99,2018.0,19844.0,fake price
29990,2018.0,35134.0,duplicates
27990,2014.0,17805.0,duplicates
15800,2018.0,41586.0,kept
21500,2020.0,23000.0,kept
0,2018.0,31928.0,$0 price
22500,1986.0,104843.0,kept
20998,2017.0,73135.0,duplicates
9999,2005.0,195044.0,duplicates
33990,2019.0,11902.0,duplicates
38995,2017.0,35493.0,kept
0,2007.0,634500.0,$0 price
79980,2015.0,11208.0,duplicates
15497,2013.0,113430.0,kept
9950,2017.0,91000.0,kept
5399,2007.0,90776.0,kept
36990,2019.0,44845.0,kept
239,2018.0,65000.0,fake price
4250,2011.0,160000.0,kept
2800,2005.0,187000.0,kept
8200,2009.0,185500.0,kept
16198,2019.0,15446.0,kept
50000,2019.0,64730.0,kept
0,2006.0,179918.0,$0 price
1900,1995.0,220000.0,kept
7990,2008.0,109547.0,kept
99,2017.0,31983.0,fake price
4450,2006.0,10.0,bad odometer
14980,2013.0,98970.0,kept
24800,2017.0,59954.0,duplicates
41975,2017.0,73000.0,kept
49590,2020.0,6330.0,duplicates
449,2015.0,40185.0,fake price
23990,2020.0,9763.0,duplicates
8900,1981.0,100000.0,kept
33990,2017.0,17033.0,kept
16995,2015.0,44000.0,kept
6000,2011.0,191075.0,kept
6800,2007.0,117000.0,duplicates
22495,2017.0,43422.0,kept
22999,2017.0,77713.0,duplicates
26990,2002.0,187404.0,duplicates
19950,2011.0,114000.0,duplicates
6995,2008.0,99700.0,kept
17990,2014.0,60540.0,duplicates
0,2014.0,165055.0,$0 price
8995,2014.0,81463.0,duplicates
27900,2014.0,77102.0,duplicates
19346,2016.0,114699.0,kept
3900,2004.0,200000.0,kept
24900,2009.0,87000.0,kept
13700,2011.0,112541.0,kept
21997,2008.0,159700.0,kept
8590,2008.0,140975.0,kept
17489,2017.0,7585.0,missing title
84999,2020.0,3454.0,duplicates
7399,2008.0,169435.0,kept
23990,2015.0,43087.0,duplicates
0,2011.0,153249.0,$0 price
12995,2017.0,119743.0,kept
6500,2013.0,123500.0,kept
2800,2011.0,227000.0,kept
7495,2013.0,153068.0,duplicates
7000,1978.0,42900.0,before 1980
15999,2018.0,103784.0,kept
4295,1973.0,83357.0,before 1980
5900,2010.0,78000.0,kept
52995,2019.0,49467.0,kept
30590,2019.0,23645.0,duplicates
21995,2018.0,95412.0,kept
49998,2017.0,160867.0,duplicates
28800,2019.0,15000.0,duplicates
34590,2017.0,20097.0,duplicates
0,2008.0,1.0,$0 price
46998,2020.0,3187.0,kept
18974,2018.0,29814.0,kept
28590,2017.0,102.0,duplicates
12995,2013.0,99091.0,duplicates
7995,2011.0,114921.0,kept
8650,2017.0,79014.0,kept
34950,2019.0,12095.0,kept
51988,2018.0,32776.0,kept
25995,2018.0,25946.0,duplicates
13850,2015.0,110108.0,kept
10950,2009.0,88000.0,kept
438,2016.0,52858.0,fake price
245,2017.0,22784.0,fake price
5500,2009.0,141171.0,kept
6450,2011.0,132236.0,kept
22998,2015.0,38269.0,duplicates
30990,2014.0,87922.0,duplicates
27995,2018.0,20372.0,kept
43900,2009.0,117000.0,duplicates
2000,2004.0,118486.0,kept
44990,2015.0,85548.0,kept
16995,2010.0,90070.0,duplicates
8795,2011.0,86000.0,kept
5995,2001.0,129210.0,kept
38590,2018.0,41846.0,duplicates
36590,2019.0,17647.0,kept
9995,2014.0,69942.0,kept
13995,2019.0,13558.0,kept
9495,2013.0,96260.0,duplicates
0,2016.0,92340.0,$0 price
24900,2018.0,19085.0,kept
12980,2013.0,36000.0,kept
7800,2007.0,165700.0,kept
13998,2016.0,72586.0,kept
44998,2018.0,24011.0,kept
25699,2016.0,70326.0,kept
14995,2010.0,98000.0,duplicates
19991,2016.0,74447.0,kept
3800,2003.0,169003.0,duplicates
12900,2001.0,60807.0,duplicates
35590,2018.0,22805.0,duplicates
69900,2019.0,55850.0,kept
23790,2015.0,67075.0,kept
1250,1995.0,196000.0,kept
29968,2014.0,97561.0,kept
4800,2012.0,191000.0,kept
11000,2017.0,80000.0,kept
10995,2013.0,137065.0,kept
3100,2009.0,202725.0,kept
9995,2008.0,108000.0,kept
12999,2017.0,89670.0,kept
13999,2015.0,109017.0,duplicates
8995,2015.0,116000.0,kept
32000,2018.0,47249.0,kept
64985,2020.0,11536.0,kept
8991,2011.0,111000.0,duplicates
5200,2006.0,131086.0,kept
24900,2013.0,113000.0,duplicates
16988,2014.0,99771.0,kept
0,2015.0,,$0 price
8750,2015.0,147435.0,duplicates
1,2013.0,82000.0,fake price
40990,2014.0,53263.0,duplicates
19975,2013.0,135000.0,duplicates
13500,2017.0,30000.0,kept
17900,2015.0,55000.0,kept
5900,2008.0,150000.0,kept
1990,1997.0,234227.0,duplicates
8725,2015.0,127000.0,missing title
44999,2019.0,24363.0,duplicates
37990,2019.0,9984.0,duplicates
27995,2014.0,257508.0,duplicates
0,2017.0,45697.0,$0 price
14000,2008.0,107000.0,kept
24997,2000.0,93585.0,duplicates
15900,2011.0,63000.0,duplicates
32990,2013.0,62588.0,duplicates
5491,2006.0,222658.0,duplicates
26995,2017.0,41527.0,duplicates
36590,2020.0,3993.0,duplicates
6999,1996.0,118000.0,kept
7280,2013.0,146766.0,duplicates
7950,2016.0,44045.0,duplicates
32998,2015.0,152724.0,duplicates
25990,2014.0,82140.0,duplicates
7950,2016.0,44045.0,kept
4900,2007.0,116250.0,duplicates
73180,2017.0,85210.0,duplicates
4900,1996.0,199999.0,kept
31990,2018.0,41251.0,duplicates
11500,2013.0,87000.0,kept
33590,2018.0,27602.0,kept
8950,2010.0,138677.0,duplicates
39995,2015.0,32651.0,kept
25998,2017.0,71734.0,kept
6900,2015.0,194000.0,kept
44998,2014.0,59222.0,duplicates
10995,2014.0,113772.0,kept
10988,2018.0,43925.0,kept
26991,2010.0,58353.0,kept
0,2017.0,26497.0,$0 price
0,2014.0,72174.0,$0 price
28400,2017.0,18201.0,duplicates
28590,2015.0,33174.0,duplicates
43400,2017.0,105794.0,kept
6995,2010.0,123230.0,kept
7450,2015.0,101151.0,kept
30990,2019.0,7256.0,duplicates
3600,2000.0,161436.0,kept
65700,2017.0,40288.0,kept
12495,2015.0,46284.0,duplicates
14995,2004.0,166350.0,kept
0,2017.0,82254.0,$0 price
82950,2019.0,6768.0,duplicates
8364,2014.0,103754.0,kept
39990,2016.0,35457.0,duplicates
14500,2002.0,94000.0,kept
26990,2017.0,41335.0,duplicates
0,2011.0,81336.0,$0 price
4000,2013.0,137000.0,kept
4990,2009.0,154345.0,duplicates
4400,2006.0,190.0,kept
5999,2012.0,124000.0,kept
0,2016.0,30622.0,$0 price
7700,2002.0,77777.0,duplicates
39990,2018.0,12941.0,duplicates
31995,2020.0,6948.0,kept
8650,2012.0,103937.0,kept
35590,2017.0,22401.0,duplicates
27799,2010.0,75647.0,duplicates
49998,2001.0,96187.0,duplicates
9900,2014.0,77096.0,kept
31590,2018.0,24000.0,duplicates
6995,2012.0,215149.0,duplicates
8995,2012.0,139000.0,duplicates
28990,2018.0,23469.0,duplicates
41292,2018.0,15788.0,kept
32488,2019.0,24017.0,kept
67985,2017.0,37566.0,kept
3400,2007.0,178000.0,kept
37990,2019.0,45882.0,duplicates
7680,2013.0,113950.0,duplicates
12999,2013.0,23055.0,kept
40990,2017.0,43451.0,duplicates
998,2019.0,22341.0,fake price
266,2021.0,5.0,fake price
7995,2007.0,227638.0,duplicates
44995,2014.0,18019.0,duplicates
0,2008.0,,$0 price
42995,2017.0,69106.0,duplicates
13988,2016.0,65320.0,kept
32590,2019.0,6770.0,duplicates
34900,2016.0,49936.0,kept
6988,2004.0,178814.0,missing fuel
0,2014.0,96396.0,$0 price
3550,2000.0,154455.0,kept
18995,2010.0,155511.0,missing title
11995,,13467.0,before 1980
12995,2010.0,66130.0,kept
9995,2007.0,137521.0,kept
10800,2015.0,30600.0,kept
0,2017.0,37121.0,$0 price
9495,2011.0,148602.0,duplicates
0,2012.0,75000.0,$0 price
10995,2014.0,67500.0,duplicates
51990,2013.0,129633.0,duplicates
0,2011.0,130000.0,$0 price
13950,2015.0,101000.0,kept
7995,2009.0,146814.0,kept
20975,2007.0,92715.0,kept
10000,2007.0,69000.0,kept
18500,1978.0,120300.0,before 1980
500,2013.0,130000.0,fake price
10999,2009.0,87000.0,kept
195,2013.0,106441.0,fake price
11995,2010.0,130621.0,duplicates
35990,2018.0,29157.0,duplicates
26500,1998.0,139448.0,duplicates
42917,2015.0,82702.0,kept
0,2016.0,118091.0,$0 price
27988,2019.0,32949.0,duplicates
28800,2017.0,122551.0,kept
7499,2016.0,67000.0,kept
595,2016.0,76217.0,fake price
4800,2007.0,99297.0,kept
38900,2017.0,116788.0,duplicates
4500,2005.0,136868.0,kept
29990,2016.0,24661.0,duplicates
0,2000.0,174833.0,$0 price
25590,2013.0,77907.0,duplicates
41321,2021.0,3006.0,kept
6487,2009.0,90908.0,kept
15998,2010.0,161559.0,kept
20995,2014.0,70638.0,kept
0,2019.0,,$0 price
35998,2015.0,104286.0,duplicates
5500,2006.0,128000.0,kept
57460,2020.0,31481.0,duplicates
34149,2017.0,91644.0,duplicates
4900,2000.0,195000.0,kept
2000,1998.0,149990.0,kept
24555,2016.0,74209.0,duplicates
0,2012.0,159000.0,$0 price
1300,2004.0,1.0,bad odometer
38999,2020.0,36990.0,duplicates
29998,2017.0,125000.0,kept
12995,2015.0,53089.0,duplicates
25500,2020.0,53097.0,duplicates
21995,2011.0,51711.0,kept
5900,2013.0,149700.0,kept
2000,2009.0,237000.0,kept
20878,2019.0,50253.0,duplicates
33490,2017.0,106113.0,kept
4495,2010.0,133222.0,duplicates
5500,1994.0,223000.0,kept
35590,2011.0,16796.0,duplicates
63990,2019.0,20126.0,duplicates
6000,2013.0,157398.0,kept
18706,2017.0,49304.0,duplicates
11999,2013.0,105139.0,kept
27590,2020.0,1309.0,duplicates
0,2016.0,121811.0,$0 price
44899,2020.0,13282.0,duplicates
7300,2014.0,158726.0,kept
11000,2009.0,138640.0,duplicates
19418,2019.0,17037.0,duplicates
9663,2016.0,106992.0,kept
3862,2008.0,216178.0,missing title
36885,2013.0,147399.0,duplicates
8200,2009.0,104103.0,kept
0,2018.0,40347.0,$0 price
99,2018.0,44783.0,fake price
10500,1979.0,100000.0,before 1980
25998,2019.0,27056.0,duplicates
0,2014.0,71246.0,$0 price
99,2018.0,24971.0,fake price
5990,2007.0,155120.0,duplicates
25990,2018.0,9175.0,duplicates
22000,2017.0,69370.0,kept
11747,2013.0,126838.0,kept
13495,2011.0,155900.0,kept
31995,2019.0,20115.0,duplicates
22995,2018.0,28611.0,kept
9490,2014.0,140869.0,kept
15000,2008.0,220000.0,duplicates
7990,2014.0,72569.0,kept
39500,2014.0,77000.0,kept
17995,2012.0,117076.0,kept
38590,2015.0,35023.0,duplicates
5988,2009.0,148011.0,kept
6995,1999.0,280000.0,kept
0,2019.0,28123.0,$0 price
2500,2003.0,143791.0,kept
30000,2014.0,182000.0,kept
7995,2012.0,89000.0,duplicates
11900,2012.0,83567.0,kept
26995,2014.0,136797.0,missing transmission
4900,2012.0,148000.0,kept
12596,2012.0,58966.0,kept
41999,2017.0,53734.0,duplicates
11237,2016.0,76674.0,duplicates
0,2015.0,57221.0,$0 price
29968,2019.0,38778.0,kept
41995,2017.0,47150.0,duplicates
18990,2017.0,26033.0,kept
13551,2015.0,43265.0,duplicates
39999,2019.0,29717.0,kept
272,2014.0,95002.0,fake price
6850,2009.0,197058.0,duplicates
7995,2003.0,108674.0,kept
39990,2018.0,15688.0,duplicates
6500,2006.0,108000.0,kept
27990,2015.0,35035.0,duplicates
20988,2016.0,39874.0,duplicates
28995,2018.0,24327.0,kept
3495,2007.0,198000.0,kept
11500,2012.0,95920.0,duplicates
5995,2007.0,150000.0,kept
35995,2020.0,19751.0,kept
3400,2004.0,221337.0,kept
0,2009.0,139517.0,$0 price
0,2000.0,279854.0,$0 price
11795,2015.0,59833.0,duplicates
13995,2010.0,91413.0,duplicates
4550,2011.0,74321.0,duplicates
1500,2008.0,181000.0,kept
23500,2010.0,102900.0,kept
24995,2014.0,117453.0,kept
43990,2018.0,51808.0,kept
13950,2014.0,95398.0,kept
34590,2019.0,2527.0,duplicates
14990,2015.0,77726.0,duplicates
7995,2008.0,118526.0,duplicates
14000,2016.0,27000.0,kept
26999,2016.0,74482.0,kept
12337,2013.0,149924.0,kept
17990,2018.0,24163.0,kept
10990,2013.0,107483.0,kept
6950,2010.0,170100.0,duplicates
2495,2006.0,167758.0,kept
61750,2020.0,7458.0,kept
7995,2016.0,56262.0,kept
7999,2015.0,93410.0,kept
15000,2000.0,200000.0,kept
4995,2008.0,111482.0,kept
2000,2011.0,200000.0,kept
0,2013.0,74315.0,$0 price
31990,2017.0,20241.0,duplicates
37590,2017.0,40152.0,duplicates
300,1994.0,238000.0,fake price
3000,2001.0,93600.0,kept
23590,2013.0,90493.0,duplicates
0,2017.0,92503.0,$0 price
38990,2020.0,9665.0,duplicates
4500,2007.0,16300.0,kept
11997,2008.0,103052.0,kept
48984,2019.0,19516.0,kept
0,2016.0,69526.0,$0 price
8000,2002.0,119000.0,kept
16900,2011.0,164232.0,duplicates
16990,2015.0,77833.0,duplicates
46590,2019.0,71966.0,duplicates
75000,2017.0,45000.0,duplicates
12995,2006.0,180558.0,kept
28590,2017.0,102.0,duplicates
17590,2015.0,63512.0,duplicates
4950,2006.0,178000.0,kept
29997,2018.0,55853.0,kept
16800,2017.0,40000.0,kept
2100,2009.0,1.0,bad odometer
13999,2012.0,153016.0,kept
11900,2008.0,35043.0,kept
29990,2018.0,34870.0,duplicates
4900,1998.0,153000.0,duplicates
16590,2018.0,42749.0,duplicates
27800,2014.0,55385.0,kept
36990,2020.0,15873.0,duplicates
18987,2019.0,7742.0,kept
0,2020.0,21751.0,$0 price
41990,2019.0,9345.0,duplicates
24990,2019.0,7069.0,duplicates
0,2018.0,20358.0,$0 price
7100,2011.0,129403.0,kept
27995,2020.0,24004.0,kept
5400,2000.0,94945.0,kept
0,2017.0,70454.0,$0 price
48000,2015.0,66900.0,kept
5000,2004.0,142000.0,kept
26630,2020.0,20429.0,duplicates
19990,2018.0,15207.0,duplicates
24500,2017.0,60415.0,kept
35500,2015.0,59000.0,kept
28998,2019.0,29706.0,kept
6995,2010.0,141000.0,kept
32949,2020.0,6551.0,duplicates
5500,2004.0,145000.0,kept
7400,2012.0,115156.0,duplicates
6998,2004.0,273248.0,duplicates
14990,2015.0,77726.0,duplicates
32995,2016.0,65368.0,duplicates
8997,2010.0,87573.0,duplicates
37590,2014.0,58358.0,duplicates
7995,2010.0,169000.0,kept
3500,1983.0,105000.0,kept
19995,2011.0,159693.0,duplicates
17500,2017.0,71627.0,missing title
89000,2021.0,175.0,kept
8995,2006.0,123550.0,kept
38590,2019.0,14054.0,duplicates
5400,2004.0,226042.0,kept
4999,2013.0,115835.0,kept
5995,2010.0,149971.0,kept
23888,2017.0,104582.0,duplicates
15995,2018.0,29310.0,kept
3000,2002.0,190000.0,kept
5996,2007.0,158000.0,duplicates
78000,2019.0,37358.0,kept
2000,2016.0,2000.0,duplicates
31390,2019.0,30419.0,kept
16995,2012.0,153794.0,kept
24990,2009.0,72789.0,duplicates
3900,2008.0,160000.0,kept
35999,2014.0,78169.0,kept
9994,2012.0,90159.0,duplicates
8000,2012.0,120000.0,kept
16990,2019.0,36000.0,kept
8500,2009.0,157100.0,kept
1,2021.0,10.0,fake price
33590,2014.0,55251.0,duplicates
14499,2007.0,69804.0,kept
8000,2011.0,117500.0,kept
23990,2014.0,123635.0,duplicates
43990,2016.0,45542.0,duplicates
5200,2013.0,156730.0,duplicates
6986,2009.0,107605.0,kept
37995,2018.0,37069.0,duplicates
5995,2009.0,140000.0,duplicates
18990,2018.0,16789.0,duplicates
37990,2017.0,100104.0,duplicates
24995,2016.0,150000.0,duplicates
4777,2010.0,196102.0,kept
5800,2007.0,128123.0,kept
51594,2019.0,34281.0,duplicates
6500,2011.0,97622.0,duplicates
6995,2001.0,116000.0,kept
27590,2020.0,1309.0,duplicates
28988,2017.0,27042.0,duplicates
2000,2006.0,100000.0,kept
5500,1968.0,70000.0,before 1980
13950,2006.0,219462.0,duplicates
1600,2000.0,203000.0,kept
32990,2019.0,6897.0,duplicates
11999,2009.0,184744.0,kept
5968,2001.0,217312.0,kept
3500,2001.0,204400.0,kept
1,2017.0,100000.0,fake price
51900,,12039.0,before 1980
4500,2003.0,66000.0,kept
38990,2017.0,65300.0,duplicates
5500,2006.0,272000.0,kept
14995,2015.0,49000.0,kept
5499,2007.0,92861.0,duplicates
0,2016.0,94996.0,$0 price
0,2013.0,111050.0,$0 price
6500,2005.0,121000.0,kept
6250,2011.0,113000.0,duplicates
29995,2015.0,83402.0,kept
31988,2007.0,80723.0,duplicates
21888,2015.0,100811.0,duplicates
64000,2016.0,35124.0,kept
0,1979.0,84677.0,$0 price
9500,2007.0,334.0,kept
35888,2015.0,75013.0,duplicates
449,2021.0,10.0,fake price
2600,1999.0,185439.0,duplicates
18500,1927.0,100.0,before 1980
1,1988.0,40000.0,fake price
25990,2014.0,15575.0,duplicates
24590,2017.0,6008.0,duplicates
8250,2011.0,109483.0,kept
18753,2013.0,115232.0,duplicates
4995,2009.0,92000.0,kept
24590,2017.0,40784.0,duplicates
16590,2013.0,61087.0,duplicates
0,2016.0,54725.0,$0 price
31000,2017.0,84206.0,kept
13685,2015.0,78124.0,duplicates
8998,2004.0,179258.0,duplicates
0,2013.0,102452.0,$0 price
37000,2018.0,69000.0,kept
27995,2019.0,9646.0,kept
35590,2018.0,35126.0,kept
2499,2006.0,160000.0,kept
11900,2007.0,214992.0,duplicates
10200,2011.0,101235.0,kept
0,2016.0,73240.0,$0 price
4850,2005.0,98000.0,kept
2000,1993.0,259000.0,kept
10900,2010.0,164824.0,kept
3995,2003.0,155114.0,duplicates
25995,2014.0,130427.0,kept
24975,2013.0,42188.0,kept
0,2016.0,62958.0,$0 price
16700,2000.0,73000.0,kept
37995,2017.0,52373.0,kept
27995,2016.0,76498.0,kept
299,2021.0,5000.0,fake price
27900,2016.0,40000.0,duplicates
2990,2005.0,172731.0,duplicates
11900,2007.0,85000.0,kept
12000,1978.0,45000.0,before 1980
11500,2013.0,116125.0,kept
32000,1979.0,51396.0,before 1980
8995,2008.0,76244.0,kept
6995,2009.0,77000.0,kept
3500,2004.0,190000.0,kept
17880,2013.0,176450.0,duplicates
32999,2012.0,186000.0,duplicates
8950,2012.0,118354.0,kept
16995,2017.0,49236.0,kept
15995,2012.0,89317.0,kept
59999,2016.0,92931.0,duplicates
0,2018.0,,$0 price
9999,2011.0,100359.0,missing title
5000,2013.0,91870.0,kept
11237,2016.0,76674.0,duplicates
15700,2011.0,71783.0,duplicates
0,2019.0,25284.0,$0 price
28590,2017.0,102.0,duplicates
7995,2004.0,162443.0,kept
22000,2018.0,14000.0,duplicates
34999,2020.0,2812.0,kept
7990,2003.0,278502.0,kept
49997,2018.0,58476.0,duplicates
54999,2020.0,10895.0,duplicates
6750,2006.0,151652.0,kept
10000,2013.0,172000.0,kept
4000,2005.0,252000.0,kept
9980,2011.0,125000.0,duplicates
17995,2014.0,51715.0,kept
10500,2010.0,122794.0,kept
19694,2014.0,68990.0,duplicates
68747,2019.0,30684.0,kept
1,2018.0,18075.0,fake price
52000,2018.0,29000.0,kept
15850,1965.0,100000.0,before 1980
4999,2007.0,170000.0,kept
11000,2015.0,131000.0,kept
5900,2009.0,112000.0,duplicates
25590,2018.0,25384.0,duplicates
13495,2017.0,95000.0,kept
7899,2012.0,105344.0,kept
33990,2014.0,124356.0,missing title
14999,2017.0,54009.0,duplicates
3800,2000.0,138225.0,kept
18999,2020.0,11298.0,kept
26999,2015.0,13932.0,duplicates
4995,2006.0,173446.0,duplicates
40590,2014.0,29223.0,duplicates
9995,2013.0,65703.0,duplicates
66995,2018.0,0.0,bad odometer
18990,2017.0,17635.0,duplicates
4500,2000.0,148000.0,kept
11995,2013.0,117619.0,kept
8500,2015.0,100000.0,kept
0,2018.0,24341.0,$0 price
7595,2011.0,214000.0,kept
19850,2013.0,157554.0,kept
15800,2013.0,95900.0,duplicates
24590,2017.0,40784.0,duplicates
4500,2002.0,90421.0,kept
49995,2016.0,56812.0,kept
7800,2007.0,72000.0,kept
25995,2015.0,76396.0,duplicates
0,2018.0,38509.0,$0 price
9990,2010.0,167988.0,kept
33975,2008.0,4100.0,kept
3500,2006.0,287000.0,kept
33999,2015.0,119876.0,duplicates
0,2019.0,,$0 price
1,2013.0,120000.0,fake price
6850,2004.0,85369.0,kept
39995,2018.0,28493.0,kept
38590,2018.0,46081.0,duplicates
17995,1965.0,65000.0,before 1980
37583,2015.0,84462.0,duplicates
5900,2007.0,108650.0,kept
7000,2021.0,6711.0,kept
37900,,12591.0,before 1980
7590,2007.0,201200.0,kept
0,2017.0,19164.0,$0 price
39990,2020.0,1237.0,duplicates
4995,2006.0,153901.0,unknown cylinders
14900,1985.0,96551.0,kept
0,2016.0,105000.0,$0 price
1500,1999.0,200000.0,kept
22623,2014.0,70781.0,kept
6995,2010.0,198843.0,kept
10900,2005.0,,bad odometer
3700,2002.0,165000.0,kept
7999,2007.0,143876.0,kept
2999,2005.0,144556.0,duplicates
18950,2015.0,119242.0,duplicates
39990,2009.0,35429.0,duplicates
2100,2008.0,1.0,bad odometer
37651,2020.0,10610.0,kept
37630,2020.0,4470.0,missing title
18800,2013.0,186000.0,duplicates
16590,2015.0,39649.0,duplicates
39999,2016.0,523321.0,bad odometer
19500,2013.0,105000.0,kept
42590,2020.0,1134.0,duplicates
1200,1996.0,140000.0,kept
19590,2018.0,35931.0,duplicates
277,2016.0,62734.0,fake price
0,2017.0,109682.0,$0 price
0,2015.0,60267.0,$0 price
28980,2012.0,41313.0,kept
7995,2008.0,84000.0,kept
82900,2020.0,17990.0,duplicates
19990,2018.0,15207.0,duplicates
42999,2019.0,18867.0,duplicates
37590,2020.0,2240.0,kept
25990,2006.0,73360.0,duplicates
13200,2013.0,87407.0,kept
7995,2007.0,134784.0,duplicates
850,2001.0,103366.0,kept
17599,2013.0,94852.0,kept
20971,2017.0,21700.0,kept
10600,1988.0,78000.0,duplicates
16500,2000.0,70000.0,kept
36900,2018.0,98000.0,duplicates
25990,2017.0,22820.0,duplicates
13900,2010.0,79000.0,kept
18888,2017.0,59517.0,duplicates
36494,2017.0,60481.0,kept
9899,2018.0,60000.0,kept
0,2020.0,10415.0,$0 price
4995,2008.0,130982.0,kept
36990,2019.0,14508.0,duplicates
99,2017.0,39978.0,fake price
7995,2011.0,135584.0,kept
8995,2014.0,65655.0,kept
52999,2021.0,6057.0,kept
5700,2006.0,137683.0,kept
0,2019.0,28123.0,$0 price
26590,2017.0,28711.0,duplicates
11995,2016.0,149204.0,kept
3500,2000.0,189852.0,kept
46970,2017.0,45637.0,kept
7995,2008.0,117254.0,kept
21950,2010.0,115265.0,duplicates
11995,2017.0,90338.0,kept
19990,2013.0,24294.0,duplicates
25999,2014.0,122000.0,kept
10900,2008.0,103973.0,kept
0,2014.0,194347.0,$0 price
34990,2016.0,48063.0,duplicates
19988,2016.0,57759.0,duplicates
0,2012.0,126502.0,$0 price
7450,2009.0,139667.0,kept
11500,2009.0,43280.0,duplicates
6750,2011.0,137943.0,kept
74999,2017.0,25106.0,kept
2200,2009.0,196000.0,kept
20995,2012.0,81558.0,kept
27000,2009.0,136400.0,kept
23900,2016.0,60412.0,duplicates
5900,2001.0,71300.0,duplicates
6500,2003.0,225000.0,kept
39990,2020.0,1237.0,duplicates
8997,2016.0,61640.0,kept
20995,2014.0,69693.0,duplicates
26990,2017.0,41335.0,duplicates
8995,2011.0,122134.0,kept
28995,2020.0,23500.0,duplicates
28900,2014.0,108667.0,duplicates
36590,2017.0,60476.0,duplicates
6995,2005.0,180821.0,duplicates
16900,2014.0,138874.0,kept
5800,2000.0,282000.0,kept
10500,2009.0,203900.0,kept
15998,2014.0,77567.0,duplicates
9999,2014.0,38000.0,kept
20995,2014.0,164000.0,kept
0,2008.0,146593.0,$0 price
0,2017.0,,$0 price
23995,2019.0,27509.0,kept
7495,2013.0,203257.0,kept
18000,2014.0,80000.0,kept
28734,2020.0,10.0,duplicates
0,2017.0,15133.0,$0 price
20590,2015.0,33799.0,duplicates
19956,2008.0,158898.0,missing fuel
35590,2011.0,16796.0,duplicates
19590,2019.0,30249.0,duplicates
6500,2005.0,131300.0,kept
33990,2020.0,1193.0,kept
22990,2017.0,42383.0,duplicates
4800,2005.0,199000.0,kept
15590,2016.0,53066.0,duplicates
7900,2009.0,148470.0,kept
8800,1999.0,115995.0,kept
7995,2015.0,127394.0,kept
0,2016.0,128000.0,$0 price
53777,2016.0,47474.0,kept
2500,2012.0,140000.0,kept
29990,2016.0,24661.0,duplicates
5400,2011.0,155000.0,kept
15590,2016.0,55835.0,kept
0,2013.0,89119.0,$0 price
35994,2017.0,16711.0,duplicates
2999,2010.0,344000.0,kept
13500,2005.0,61000.0,kept
30985,2014.0,78828.0,duplicates
79747,2019.0,15944.0,duplicates
4299,2002.0,194500.0,kept
2950,2011.0,160000.0,kept
34990,2019.0,13065.0,duplicates
19990,2013.0,24294.0,duplicates
26900,2013.0,54218.0,duplicates
8995,2006.0,159900.0,kept
17500,2010.0,95300.0,kept
0,2007.0,44230.0,$0 price
1947,2017.0,10157.0,duplicates
36900,,71931.0,before 1980
6995,2008.0,123887.0,kept
38990,2020.0,13565.0,duplicates
5990,2007.0,155120.0,duplicates
56994,2019.0,19806.0,kept
11900,2013.0,113073.0,kept
14900,2019.0,14500.0,kept
0,2019.0,42194.0,$0 price
50980,,50954.0,before 1980
5900,2015.0,113509.0,kept
26000,2016.0,24006.0,kept
39590,2020.0,2516.0,duplicates
17945,2007.0,138221.0,kept
8900,2006.0,179000.0,duplicates
29990,2019.0,30244.0,duplicates
0,2020.0,31741.0,$0 price
21995,2012.0,157886.0,kept
4500,1969.0,1000.0,before 1980
28500,2011.0,152657.0,kept
31590,2018.0,33916.0,duplicates
500,2001.0,225000.0,kept
13255,2016.0,143392.0,duplicates
14900,2002.0,309260.0,duplicates
5400,2011.0,147076.0,kept
5000,2005.0,300000.0,kept
11442,2017.0,51918.0,missing fuel
4200,2005.0,139000.0,kept
17900,2010.0,77688.0,duplicates
3800,1990.0,67800.0,kept
15990,2018.0,14178.0,duplicates
11991,2009.0,184150.0,kept
7000,2003.0,183533.0,kept
20990,2019.0,17463.0,kept
3499,2002.0,178000.0,kept
2995,2004.0,173872.0,kept
34981,2018.0,17074.0,kept
49995,2016.0,75588.0,duplicates
9100,2014.0,71617.0,kept
0,2006.0,188500.0,$0 price
0,2016.0,91193.0,$0 price
8995,2012.0,117856.0,kept
26990,2017.0,4068.0,duplicates
65895,2018.0,485.0,kept
24599,2017.0,83679.0,missing title
21590,2015.0,34585.0,duplicates
4900,1998.0,136000.0,kept
9995,2007.0,164186.0,duplicates
20990,2018.0,26594.0,kept
52880,2021.0,9713.0,duplicates
3300,2007.0,168000.0,kept
1000,2005.0,141000.0,kept
6500,2008.0,57000.0,kept
7988,2009.0,110700.0,kept
30990,2017.0,43039.0,duplicates
17495,2015.0,84427.0,kept
22750,2019.0,9100.0,kept
32590,2020.0,16400.0,duplicates
11995,2013.0,96316.0,kept
34995,2017.0,51648.0,duplicates
6000,2013.0,155000.0,kept
9750,2012.0,86000.0,kept
12488,2007.0,166219.0,duplicates
38590,2020.0,6330.0,duplicates
5900,2008.0,130.0,kept
32980,2015.0,88619.0,duplicates
24995,2013.0,51349.0,duplicates
9999,2004.0,113011.0,kept
9000,2015.0,107000.0,kept
18495,2018.0,68360.0,kept
27990,2019.0,9505.0,duplicates
20,2015.0,148600.0,fake price
14882,2015.0,151780.0,duplicates
8499,2008.0,172000.0,kept
11995,2012.0,,bad odometer
13900,2015.0,97354.0,kept
3400,2006.0,202100.0,kept
9995,2006.0,227912.0,duplicates
18988,2018.0,58612.0,duplicates
14900,2016.0,141436.0,kept
0,2012.0,70000.0,$0 price
30994,2017.0,46075.0,missing title
14500,2016.0,52197.0,missing fuel
4500,2006.0,153000.0,kept
14995,2017.0,122237.0,duplicates
27590,2013.0,43937.0,duplicates
16990,2018.0,30675.0,kept
2600,2002.0,202000.0,kept
36590,2018.0,37712.0,duplicates
55000,2013.0,138000.0,kept
9500,2013.0,108500.0,kept
22711,2018.0,35048.0,missing title
35299,2019.0,999999.0,bad odometer
26990,2016.0,105070.0,duplicates
8500,2012.0,130000.0,kept
10995,2015.0,80435.0,missing title
0,2020.0,1.0,$0 price
18000,2013.0,52223.0,duplicates
17927,2012.0,67085.0,duplicates
5999,2007.0,77236.0,duplicates
152,2010.0,120797.0,fake price
23990,2015.0,57304.0,duplicates
26990,2018.0,14017.0,duplicates
8295,2011.0,123353.0,kept
309,2017.0,25215.0,fake price
19590,2017.0,33686.0,duplicates
4995,2000.0,212388.0,duplicates
32990,2020.0,15588.0,unknown cylinders
5000,2003.0,166000.0,kept
34890,2017.0,37224.0,duplicates
25997,2010.0,143616.0,duplicates
17590,2015.0,25491.0,duplicates
5991,2009.0,136888.0,kept
6900,2009.0,155009.0,kept
14950,2013.0,101000.0,kept
8900,2004.0,200490.0,kept
0,2008.0,161568.0,$0 price
24990,2019.0,29732.0,duplicates
30990,2018.0,27205.0,duplicates
26990,2016.0,14230.0,duplicates
38995,2018.0,24985.0,kept
2999,2007.0,174000.0,kept
0,2019.0,45326.0,$0 price
4500,2010.0,210507.0,kept
0,2014.0,68990.0,$0 price
19995,2016.0,100829.0,kept
13500,2007.0,42000.0,kept
4595,2006.0,153999.0,duplicates
54378,2018.0,43609.0,kept
25984,2018.0,39147.0,duplicates
19299,2009.0,81598.0,duplicates
35590,2019.0,68032.0,duplicates
21900,2019.0,45042.0,duplicates
5995,2012.0,146294.0,kept
17290,2007.0,175136.0,kept
36590,2019.0,7619.0,duplicates
17050,2014.0,31700.0,kept
0,2016.0,69394.0,$0 price
0,2011.0,129159.0,$0 price
23590,2016.0,66123.0,duplicates
7000,2004.0,202615.0,kept
40590,2019.0,3205.0,duplicates
4600,2010.0,63.0,bad odometer
26474,2018.0,50742.0,kept
9950,2010.0,177000.0,duplicates
12995,2011.0,182549.0,kept
42900,2012.0,124000.0,duplicates
28257,2016.0,109758.0,kept
79,1997.0,147918.0,fake price
36590,2019.0,14222.0,duplicates
7500,2005.0,118571.0,kept
14995,2016.0,67000.0,duplicates
15995,2008.0,134577.0,duplicates
32999,2012.0,128000.0,kept
5000,2009.0,136256.0,kept
13995,2014.0,62994.0,kept
43990,2019.0,17352.0,duplicates
16995,2017.0,50788.0,kept
29590,2017.0,70760.0,duplicates
40995,2018.0,24733.0,kept
13995,2010.0,165000.0,duplicates
39990,2013.0,119000.0,duplicates
13999,2011.0,126342.0,kept
39999,2018.0,38003.0,kept
24995,2021.0,15893.0,kept
6500,2014.0,75584.0,kept
16590,2010.0,45964.0,duplicates
34590,2010.0,20182.0,duplicates
22990,2014.0,59627.0,kept
0,2014.0,24536.0,$0 price
10600,2015.0,87021.0,duplicates
0,2016.0,,$0 price
11500,2006.0,82000.0,kept
50999,2020.0,13679.0,duplicates
10999,2011.0,139904.0,kept
28999,2020.0,15761.0,kept
0,2016.0,76879.0,$0 price
7800,2006.0,141000.0,kept
18500,2004.0,158417.0,duplicates
14998,2014.0,102792.0,duplicates
18000,2009.0,59000.0,kept
25990,2017.0,18271.0,duplicates
9500,2014.0,136128.0,kept
3000,2002.0,180000.0,kept
35590,2020.0,6185.0,duplicates
18495,2015.0,112141.0,kept
6500,1956.0,38000.0,before 1980
49500,2017.0,49000.0,kept
30990,2015.0,34375.0,duplicates
21250,2017.0,47779.0,duplicates
11500,2010.0,101503.0,duplicates
2500,2006.0,185000.0,duplicates
5500,2006.0,181000.0,kept
7950,2017.0,109827.0,kept
31590,2020.0,2195.0,duplicates
21789,2014.0,88579.0,missing title
25990,2019.0,12302.0,duplicates
3699,2004.0,184095.0,duplicates
5000,2008.0,187800.0,kept
48861,2018.0,7098.0,duplicates
36990,2019.0,14508.0,duplicates
7499,2012.0,131540.0,kept
8900,2013.0,126000.0,duplicates
6995,2010.0,212704.0,kept
48999,2017.0,145185.0,kept
3995,2007.0,155000.0,kept
32991,2014.0,120349.0,kept
34990,2018.0,13992.0,duplicates
9900,2014.0,93410.0,duplicates
18750,2016.0,61650.0,kept
0,2011.0,128734.0,$0 price
0,2014.0,95497.0,$0 price
3495,2003.0,161312.0,kept
57808,2020.0,6487.0,kept
9500,2013.0,101653.0,kept
27990,2014.0,17805.0,duplicates
29995,2017.0,86000.0,duplicates
2000,2005.0,90000.0,kept
2995,2011.0,168102.0,duplicates
15590,2018.0,51500.0,duplicates
13495,2012.0,104631.0,kept
4350,2008.0,238460.0,kept
12489,2015.0,101113.0,kept
22999,2012.0,131528.0,kept
2500,1994.0,227194.0,kept
14595,2012.0,105667.0,missing title
20998,2017.0,35839.0,duplicates
11900,2012.0,134020.0,duplicates
500,2019.0,100.0,fake price
36800,2015.0,90760.0,kept
1850,1998.0,169022.0,kept
34990,2020.0,1722.0,kept
10999,2011.0,105534.0,kept
26990,2015.0,102863.0,duplicates
19978,2015.0,72363.0,kept
64995,2003.0,52580.0,kept
9487,2008.0,192600.0,kept
15999,2016.0,51025.0,kept
13950,2011.0,113129.0,kept
0,2016.0,0.0,$0 price
17995,2014.0,114210.0,kept
25990,2019.0,25067.0,duplicates
24995,2014.0,83403.0,kept
54988,2019.0,11096.0,kept
6900,1995.0,118863.0,duplicates
34990,2001.0,138288.0,duplicates
1295,2013.0,155115.0,duplicates
15650,2012.0,66000.0,kept
8410,2007.0,80640.0,duplicates
34990,2020.0,131.0,duplicates
3000,2005.0,104000.0,kept
0,2014.0,148051.0,$0 price
900,2008.0,248000.0,kept
17990,2012.0,57685.0,duplicates
46990,2019.0,17477.0,duplicates
4995,2010.0,116203.0,kept
32990,2019.0,2676.0,duplicates
53999,2015.0,74818.0,kept
7800,2010.0,112589.0,duplicates
39590,2017.0,10496.0,duplicates
9500,2005.0,77400.0,kept
232,2013.0,86681.0,fake price
12799,2013.0,103640.0,duplicates
8700,2017.0,70000.0,kept
23990,2015.0,39251.0,duplicates
11000,2010.0,131803.0,kept
34590,2017.0,20097.0,duplicates
0,2018.0,30638.0,$0 price
33590,2014.0,57923.0,duplicates
22000,2010.0,73000.0,kept
60000,2017.0,65012.0,kept
27100,2012.0,142220.0,duplicates
13000,2007.0,230000.0,kept
2900,2016.0,28000.0,kept
129,2013.0,113749.0,fake price
6495,2004.0,109210.0,duplicates
6800,2005.0,162300.0,kept
4995,2008.0,91008.0,duplicates
13900,2008.0,172530.0,duplicates
37990,2019.0,337.0,duplicates
12964,2011.0,106080.0,missing title
35990,2020.0,3928.0,duplicates
20500,1993.0,165000.0,kept
22750,2018.0,27050.0,duplicates
6250,2011.0,112000.0,kept
32590,2009.0,20420.0,duplicates
0,2015.0,48936.0,$0 price
17411,2018.0,43216.0,duplicates
49000,2019.0,45528.0,kept
450,2001.0,400000.0,fake price
34999,2018.0,67144.0,duplicates
8995,2012.0,76709.0,kept
18709,2020.0,3876.0,kept
28590,2017.0,31783.0,duplicates
14900,2000.0,177289.0,kept
28997,2017.0,40381.0,kept
55702,2015.0,46133.0,kept
9,1966.0,1000.0,before 1980
451,2018.0,25726.0,fake price
0,2013.0,,$0 price
40952,2015.0,167337.0,duplicates
9990,2010.0,94042.0,duplicates
13995,2015.0,43587.0,kept
1500,2010.0,147000.0,kept
19950,2000.0,41000.0,kept
38990,2018.0,34545.0,duplicates
8499,2008.0,124507.0,kept
4995,1976.0,46250.0,before 1980
4495,2016.0,214334.0,duplicates
58900,2018.0,45993.0,kept
59990,2019.0,19102.0,duplicates
2000,2000.0,194124.0,kept
39900,2014.0,225233.0,kept
7500,2006.0,189000.0,kept
0,2018.0,26213.0,$0 price
4995,2000.0,104530.0,kept
29590,2015.0,83394.0,duplicates
2700,1996.0,162000.0,kept
11700,2005.0,107051.0,kept
19988,2007.0,1.0,bad odometer
19990,2017.0,29926.0,kept
6985,2009.0,156729.0,duplicates
33990,2011.0,52294.0,duplicates
10495,2013.0,143300.0,kept
13988,2014.0,183940.0,duplicates
6500,2011.0,132251.0,kept
31990,2018.0,11881.0,duplicates
4999,2007.0,116641.0,kept
14500,2014.0,96776.0,kept
10950,2014.0,45000.0,kept
8600,2013.0,53000.0,kept
800,2005.0,200000.0,kept
0,2016.0,71307.0,$0 price
22799,2019.0,27063.0,kept
23991,2016.0,,bad odometer
56498,2017.0,,bad odometer
26900,2018.0,29241.0,kept
17999,2017.0,50412.0,kept
2500,2019.0,1.0,bad odometer
0,2006.0,0.0,$0 price
65955,2017.0,83120.0,duplicates
10995,2008.0,103816.0,duplicates
20400,2011.0,145197.0,duplicates
43999,2017.0,87667.0,kept
0,2015.0,131222.0,$0 price
31999,1968.0,75660.0,before 1980
7900,2012.0,165454.0,duplicates
8990,2013.0,59072.0,duplicates
26995,2018.0,40079.0,kept
15000,2001.0,178265.0,kept
13475,2006.0,142431.0,kept
25990,2014.0,82140.0,duplicates
5888,1995.0,179739.0,kept
11500,2014.0,86000.0,kept
0,2010.0,131370.0,$0 price
19999,2004.0,71796.0,duplicates
29995,2015.0,73000.0,kept
322,2020.0,397.0,fake price
18931,2014.0,50046.0,duplicates
0,2016.0,,$0 price
4250,2001.0,188000.0,duplicates
62900,,1006.0,before 1980
25590,2017.0,56803.0,kept
34990,2017.0,135740.0,duplicates
13995,2012.0,113959.0,kept
40871,2018.0,57411.0,kept
0,2016.0,,$0 price
0,2009.0,92595.0,$0 price
21000,2012.0,88000.0,kept
33800,2019.0,31000.0,duplicates
3450,2003.0,173612.0,missing title
7995,2008.0,173222.0,kept
33990,2017.0,34152.0,duplicates
2000,2009.0,200000.0,kept
25995,2016.0,111859.0,kept
18153,2016.0,57123.0,kept
30990,2014.0,67344.0,duplicates
0,2011.0,168000.0,$0 price
15995,2013.0,118811.0,duplicates
13990,2012.0,129094.0,duplicates
6900,2004.0,120000.0,kept
11989,2008.0,90935.0,duplicates
3950,2000.0,200000.0,kept
51999,2018.0,34815.0,missing title
6800,2011.0,150000.0,kept
14599,2016.0,50185.0,kept
9995,2009.0,87000.0,kept
35590,2018.0,22805.0,duplicates
64900,2018.0,7488.0,kept
28590,2018.0,25751.0,kept
38977,2016.0,164980.0,duplicates
14900,1969.0,16751.0,before 1980
7967,2013.0,87606.0,kept
23995,2019.0,32270.0,duplicates
22590,2018.0,21574.0,duplicates
19870,2013.0,141778.0,kept
4000,1950.0,61288.0,before 1980
1999,2001.0,145000.0,kept
16700,2013.0,101437.0,kept
260,2013.0,,fake price
6200,2015.0,49011.0,duplicates
29111,2015.0,122833.0,duplicates
14495,2012.0,107329.0,kept
13995,2012.0,190250.0,kept
13900,2013.0,94505.0,kept
17590,2018.0,21294.0,duplicates
3999,2003.0,137766.0,kept
0,2018.0,48155.0,$0 price
15900,2016.0,49391.0,kept
8577,2007.0,126937.0,duplicates
30990,2017.0,31095.0,duplicates
0,2020.0,10.0,$0 price
7995,2005.0,160532.0,duplicates
0,2012.0,87149.0,$0 price
11250,1989.0,113000.0,kept
24590,2016.0,100851.0,duplicates
7450,2011.0,114650.0,kept
10995,2011.0,105943.0,duplicates
0,2008.0,143445.0,$0 price
22988,2016.0,40130.0,duplicates
6000,2012.0,115000.0,duplicates
10999,2016.0,68638.0,kept
7995,2014.0,90299.0,kept
5400,2008.0,76000.0,kept
6750,1991.0,219000.0,kept
3500,2006.0,131000.0,kept
5990,2013.0,158802.0,kept
29990,2017.0,72406.0,kept
16965,1999.0,,bad odometer
13995,2014.0,128638.0,duplicates
21000,1987.0,140000.0,kept
3400,2001.0,195000.0,duplicates
1800,1988.0,25000.0,kept
29500,2014.0,94000.0,kept
1400,2004.0,82000.0,kept
12000,2007.0,38376.0,kept
10999,2005.0,166542.0,kept
5995,2014.0,136169.0,duplicates
14995,2016.0,43696.0,missing title
18000,2007.0,200000.0,kept
1500,2019.0,24360.0,duplicates
9900,2009.0,134000.0,kept
29900,2011.0,113006.0,duplicates
0,2001.0,,$0 price
55000,2018.0,36500.0,kept
6995,2008.0,190086.0,kept
1900,2007.0,1.0,bad odometer
1000000,2022.0,364747.0,fake price
9900,2011.0,93000.0,missing fuel
7999,2013.0,97000.0,duplicates
7000,2011.0,134045.0,kept
2800,2000.0,206000.0,kept
14551,2015.0,65987.0,kept
26590,2017.0,27317.0,kept
12399,2014.0,86271.0,kept
62999,2020.0,2283.0,missing fuel
4700,2014.0,139000.0,kept
0,2014.0,112516.0,$0 price
4250,2002.0,125000.0,kept
58995,2019.0,21046.0,kept
14988,2014.0,39058.0,duplicates
32500,1950.0,100000.0,before 1980
11450,2018.0,42000.0,kept
7499,2012.0,192000.0,kept
7500,1990.0,500000.0,kept
0,2017.0,89247.0,$0 price
21997,2007.0,171525.0,duplicates
7750,2007.0,133000.0,kept
0,2017.0,89247.0,$0 price
4495,2009.0,165195.0,kept
31590,2013.0,68089.0,duplicates
49995,2016.0,49925.0,kept
43000,1932.0,8000.0,before 1980
8995,2013.0,135912.0,kept
21980,2012.0,124703.0,kept
36995,2018.0,16192.0,kept
9900,2015.0,101891.0,kept
1014,2016.0,38265.0,kept
42995,2018.0,18900.0,kept
36990,2016.0,23190.0,duplicates
8990,2014.0,110051.0,duplicates
13987,2007.0,112709.0,duplicates
10888,2017.0,45048.0,kept
15995,2013.0,70.0,bad odometer
2300,2002.0,238677.0,kept
39990,2020.0,1237.0,duplicates
4295,2002.0,282365.0,duplicates
4800,2005.0,113000.0,kept
15590,2017.0,84130.0,kept
2000,1985.0,12000.0,kept
39990,2011.0,68991.0,duplicates
464,2017.0,44388.0,fake price
4500,1999.0,194084.0,kept
7900,2008.0,59000.0,duplicates
12000,2014.0,118000.0,kept
2500,2003.0,179000.0,kept
42064,2020.0,17260.0,kept
55000,1999.0,850000.0,bad odometer
99999,1997.0,22000.0,duplicates
18990,2013.0,83015.0,duplicates
3900,2009.0,149400.0,kept
1000,1997.0,200000.0,kept
19990,2016.0,60501.0,duplicates
0,2017.0,37461.0,$0 price
36590,2019.0,14222.0,duplicates
46988,2014.0,111000.0,kept
25000,2012.0,259348.0,kept
0,2018.0,118204.0,$0 price
43590,2017.0,28475.0,duplicates
1,2016.0,100000.0,fake price
5900,2011.0,109000.0,duplicates
3000,2003.0,310000.0,kept
27995,2011.0,68920.0,duplicates
7500,2001.0,250000.0,kept
386,2014.0,103780.0,fake price
14500,2016.0,76000.0,kept
16500,2011.0,2415.0,duplicates
34990,2017.0,135740.0,duplicates
0,2017.0,58105.0,$0 price
18990,2012.0,70461.0,kept
500,2016.0,26000.0,fake price
15995,2013.0,93700.0,kept
32999,2012.0,186676.0,duplicates
0,2016.0,40940.0,$0 price
14450,2017.0,25609.0,kept
13995,2017.0,67000.0,kept
54990,2017.0,49000.0,duplicates
7000,2004.0,158900.0,kept
5200,1971.0,120000.0,before 1980
10610,2014.0,111353.0,kept
9995,2016.0,99369.0,kept
17995,2011.0,107899.0,kept
5995,2006.0,171000.0,kept
72999,2019.0,29987.0,kept
22500,2002.0,98368.0,kept
6000,2014.0,144460.0,kept
0,2016.0,63573.0,$0 price
28990,2018.0,24486.0,duplicates
6900,2002.0,211000.0,duplicates
28590,2017.0,102.0,duplicates
10595,2013.0,83000.0,duplicates
26962,2011.0,93749.0,kept
19999,2016.0,62727.0,duplicates
15900,2014.0,87000.0,kept
41590,2017.0,23253.0,duplicates
6000,2009.0,103653.0,missing fuel
0,2018.0,47049.0,$0 price
2500,2009.0,160000.0,kept
8595,2015.0,72938.0,kept
14000,2015.0,49000.0,kept
20995,2015.0,85780.0,kept
0,2018.0,43126.0,$0 price
14513,2015.0,60778.0,kept
19590,2017.0,50473.0,duplicates
22990,2012.0,37725.0,duplicates
4950,2012.0,195296.0,kept
1,2017.0,61649.0,fake price
32990,2014.0,40405.0,duplicates
18490,2005.0,66911.0,kept
93995,2020.0,8500.0,kept
7950,2009.0,175286.0,kept
9995,2009.0,203379.0,duplicates
10995,1988.0,87023.0,kept
86999,2020.0,5873.0,duplicates
27950,2018.0,60209.0,kept
11900,2010.0,54980.0,kept
5995,2008.0,161884.0,duplicates
40590,2018.0,9173.0,duplicates
39988,2017.0,38804.0,duplicates
12900,1998.0,99325.0,kept
6900,2012.0,148000.0,kept
36590,2019.0,14222.0,duplicates
16000,2013.0,89000.0,kept
2250,2012.0,22000.0,kept
4850,2004.0,206000.0,kept
700,2010.0,127000.0,fake price
23999,2018.0,52884.0,duplicates
17495,2015.0,94315.0,kept
12990,2016.0,73987.0,duplicates
23995,2018.0,31019.0,kept
5500,2012.0,2.0,bad odometer
19640,2015.0,89868.0,duplicates
24999,2013.0,115519.0,kept
17872,2014.0,78313.0,duplicates
6995,2010.0,142553.0,kept
11200,2012.0,85000.0,kept
31000,2015.0,,bad odometer
13199,2017.0,68775.0,kept
7895,1971.0,67000.0,before 1980
11987,2011.0,88405.0,duplicates
8995,2013.0,114000.0,kept
9999,2008.0,122679.0,kept
20981,2018.0,94577.0,kept
0,2017.0,81138.0,$0 price
2750,2001.0,156000.0,kept
17990,2020.0,10171.0,duplicates
48000,2017.0,30815.0,kept
34900,2016.0,80265.0,duplicates
30000,2006.0,67000.0,kept
12950,2008.0,54342.0,duplicates
23995,2014.0,137014.0,duplicates
1000,2013.0,143000.0,kept
0,2015.0,81289.0,$0 price
4350,2004.0,117680.0,kept
0,2018.0,32328.0,$0 price
20995,2010.0,153475.0,duplicates
22991,2016.0,79631.0,duplicates
22631,2020.0,7369.0,duplicates
210,2011.0,82101.0,fake price
23900,2017.0,95692.0,kept
25988,2018.0,126591.0,duplicates
37000,2015.0,52000.0,kept
5900,2007.0,96080.0,kept
12000,1998.0,275000.0,kept
10500,2011.0,107590.0,kept
11994,2014.0,127031.0,kept
28701,2019.0,11512.0,kept
29990,2019.0,12784.0,kept
25990,2007.0,104479.0,kept
13490,2016.0,22431.0,kept
19900,2005.0,120000.0,duplicates
29990,2018.0,11401.0,duplicates
10995,2015.0,96735.0,kept
0,2016.0,35757.0,$0 price
21995,2016.0,92774.0,kept
35997,2014.0,69550.0,kept
4000,2008.0,126485.0,duplicates
60,2003.0,90000.0,fake price
26988,2017.0,11053.0,kept
5997,2015.0,85970.0,kept
19995,2017.0,80374.0,kept
19590,2017.0,50473.0,duplicates
4280,2009.0,152256.0,kept
9599,2013.0,106206.0,duplicates
12433,2016.0,80954.0,kept
89999,1957.0,78000.0,before 1980
21995,2014.0,104916.0,kept
5200,2007.0,165400.0,kept
11995,2008.0,185622.0,kept
0,2015.0,75000.0,$0 price
10995,2012.0,173412.0,kept
16497,2011.0,116562.0,kept
3500,2007.0,106900.0,kept
37990,2018.0,22869.0,duplicates
1,2007.0,100000.0,fake price
29990,2018.0,33727.0,duplicates
10000,2007.0,89249.0,kept
1000,2006.0,90000.0,duplicates
32590,2017.0,34303.0,kept
15999,2018.0,40385.0,duplicates
14391,2015.0,56518.0,duplicates
24900,2012.0,58160.0,kept
5100,2002.0,157753.0,kept
34880,,23260.0,before 1980
12500,1999.0,191467.0,kept
28950,2014.0,107289.0,duplicates
18988,2010.0,172535.0,duplicates
4995,2003.0,63125.0,kept
0,2016.0,0.0,$0 price
22000,2008.0,68000.0,kept
1700,2002.0,123000.0,kept
39990,2018.0,24582.0,duplicates
54999,2019.0,15813.0,duplicates
0,2018.0,19084.0,$0 price
0,2014.0,100.0,$0 price
13995,2017.0,79450.0,kept
18000,2009.0,82641.0,kept
4200,2006.0,138000.0,kept
12500,1983.0,99999.0,kept
28590,2017.0,37218.0,duplicates
36990,2017.0,28244.0,duplicates
11920,2016.0,84707.0,kept
17995,2015.0,163064.0,kept
14259,2019.0,24110.0,duplicates
26990,2017.0,24062.0,duplicates
38590,2019.0,14906.0,duplicates
24495,2007.0,141101.0,duplicates
2400,2010.0,135100.0,kept
40995,2018.0,26335.0,duplicates
5500,2007.0,174892.0,kept
37900,2018.0,31000.0,kept
6995,2010.0,54161.0,kept
4250,2001.0,238717.0,kept
22900,2016.0,92275.0,kept
2700,2003.0,183000.0,kept
13488,2016.0,129674.0,missing transmission
23999,2016.0,119522.0,kept
0,2015.0,106993.0,$0 price
21999,2014.0,53328.0,kept
45998,2015.0,37903.0,duplicates
5988,1988.0,285861.0,duplicates
13894,2018.0,62251.0,kept
4000,2005.0,154000.0,kept
19999,2011.0,93105.0,duplicates
16990,2017.0,21950.0,kept
15590,2016.0,7076.0,duplicates
11980,2008.0,192317.0,kept
14999,2013.0,46547.0,kept
10499,1985.0,74900.0,kept
25141,2019.0,15400.0,duplicates
17000,1983.0,34000.0,kept
6800,1999.0,116000.0,kept
5999,2003.0,78195.0,duplicates
39990,2019.0,8373.0,duplicates
5995,2003.0,150000.0,duplicates
8975,2016.0,65088.0,kept
18200,2012.0,83000.0,kept
5000,2012.0,108000.0,kept
38900,2020.0,42400.0,duplicates
8495,2012.0,107612.0,duplicates
6450,2009.0,249000.0,kept
32900,2019.0,33000.0,kept
9995,2008.0,91757.0,kept
40926,2015.0,83949.0,kept
5499,2011.0,145855.0,duplicates
13995,2011.0,144852.0,duplicates
0,2017.0,17475.0,$0 price
17990,2018.0,41076.0,duplicates
19997,2013.0,102174.0,duplicates
7495,2007.0,158889.0,kept
0,2016.0,48315.0,$0 price
0,2018.0,19632.0,$0 price
5300,2007.0,184000.0,kept
2400,1999.0,224000.0,kept
99,2018.0,27180.0,fake price
11995,2010.0,155731.0,duplicates
13998,2015.0,83822.0,kept
7500,1996.0,214000.0,kept
32998,2017.0,33924.0,duplicates
6315,2010.0,134000.0,kept
4995,2010.0,1000.0,duplicates
0,2008.0,125356.0,$0 price
17900,2009.0,117500.0,kept
478,2017.0,21137.0,fake price
0,2016.0,135739.0,$0 price
39990,2018.0,27214.0,duplicates
18000,1997.0,38118.0,kept
7900,2010.0,152455.0,kept
0,2002.0,169424.0,$0 price
5000,1997.0,177000.0,kept
999,2005.0,194236.0,duplicates
6995,2005.0,55868.0,kept
1,1997.0,262000.0,fake price
6272,2007.0,154667.0,kept
26700,2013.0,52279.0,duplicates
24950,2016.0,58030.0,duplicates
7995,2014.0,70481.0,missing transmission
11200,2013.0,183000.0,kept
0,2005.0,200000.0,$0 price
89999,2021.0,511.0,kept
5700,1981.0,79000.0,kept
2750,1995.0,173000.0,kept
58995,2017.0,44684.0,duplicates
6299,2006.0,83000.0,duplicates
750,1998.0,199500.0,kept
26990,2012.0,74979.0,duplicates
0,2019.0,27736.0,$0 price
5500,2007.0,190000.0,duplicates
13000,2009.0,158500.0,kept
16746,2011.0,132498.0,kept
37998,2019.0,14594.0,duplicates
22995,2016.0,64957.0,kept
33350,2019.0,12438.0,kept
26998,2015.0,26329.0,duplicates
4500,2003.0,118000.0,kept
122,2014.0,120480.0,fake price
6995,2006.0,139920.0,kept
10500,2013.0,115879.0,duplicates
2995,2004.0,104938.0,kept
33971,2017.0,22505.0,kept
0,2017.0,85096.0,$0 price
6800,2004.0,187450.0,duplicates
24990,2007.0,46463.0,duplicates
32590,2017.0,25627.0,duplicates
4995,2007.0,134000.0,kept
0,2013.0,100000.0,$0 price
12995,2012.0,116401.0,kept
6290,2012.0,169000.0,kept
14995,2007.0,103891.0,kept
10790,2017.0,118776.0,duplicates
24990,2013.0,115843.0,kept
12000,2016.0,135010.0,duplicates
18800,2016.0,115350.0,kept
40990,2020.0,12272.0,duplicates
13985,2012.0,76873.0,kept
6500,2007.0,153645.0,kept
19000,2009.0,98634.0,kept
23000,2002.0,67000.0,kept
3000,2014.0,250000.0,kept
32990,2018.0,33209.0,duplicates
6980,2008.0,158000.0,kept
21990,2020.0,2515.0,duplicates
2500,2007.0,185000.0,kept
0,2017.0,100000.0,$0 price
5980,2009.0,160419.0,missing title
40990,2017.0,30092.0,duplicates
47500,1960.0,2000.0,before 1980
5795,2008.0,148966.0,kept
15995,2012.0,121407.0,kept
99,2016.0,54498.0,fake price
2500,1995.0,199000.0,duplicates
24250,1966.0,42000.0,before 1980
3500,2009.0,177983.0,kept
26875,1999.0,8902.0,duplicates
26630,2020.0,20429.0,duplicates
10950,2010.0,90000.0,kept
73180,2017.0,85210.0,duplicates
8823,2014.0,111481.0,kept
232,2017.0,37204.0,fake price
1500,2015.0,123456.0,duplicates
1,2013.0,120000.0,fake price
28000,2012.0,37000.0,kept
30990,2017.0,19835.0,duplicates
4995,2010.0,268000.0,kept
35990,2015.0,24356.0,duplicates
9995,2012.0,97000.0,kept
8488,2016.0,,bad odometer
18590,2013.0,67403.0,duplicates
24990,2019.0,6380.0,duplicates
28590,2020.0,23252.0,duplicates
5500,2009.0,143600.0,kept
3700,2003.0,300000.0,kept
16673,2009.0,127246.0,kept
3495,2006.0,190135.0,kept
0,2016.0,45286.0,$0 price
36990,2016.0,23190.0,duplicates
0,2019.0,14229.0,$0 price
23990,2016.0,64725.0,kept
13998,2013.0,102560.0,kept
41900,2019.0,64467.0,duplicates
7995,2005.0,140872.0,duplicates
17997,2011.0,150400.0,kept
23999,2019.0,7590.0,kept
59999,2013.0,25000.0,kept
6500,2011.0,137000.0,kept
32745,2016.0,48644.0,kept
7995,2010.0,143000.0,kept
6988,2013.0,73225.0,missing title
18893,2019.0,24987.0,kept
37647,2015.0,36767.0,duplicates
18500,2018.0,39474.0,kept
0,2014.0,271000.0,$0 price
9990,2003.0,185707.0,kept
6490,2011.0,84548.0,duplicates
32495,2016.0,103895.0,kept
4995,1999.0,132040.0,kept
4399,2008.0,107234.0,kept
19550,2014.0,90000.0,kept
25990,2018.0,17500.0,kept
0,2017.0,41000.0,$0 price
11850,2010.0,130000.0,duplicates
41995,2019.0,69331.0,duplicates
13000,2006.0,77000.0,kept
500,2004.0,100000.0,duplicates
12991,2014.0,75467.0,kept
31590,2018.0,24000.0,duplicates
2500,2004.0,156000.0,kept
11500,1954.0,147000.0,before 1980
12495,2016.0,82827.0,kept
16999,2012.0,73594.0,kept
12999,2013.0,109249.0,kept
14390,2015.0,80002.0,kept
1600,2007.0,150000.0,kept
29990,2018.0,11401.0,duplicates
5495,2008.0,132000.0,kept
6495,2013.0,129789.0,duplicates
37990,2019.0,22544.0,duplicates
25750,2014.0,141601.0,duplicates
19590,2020.0,6360.0,kept
13988,2018.0,38000.0,duplicates
32598,2014.0,,bad odometer
18990,2018.0,16789.0,duplicates
10138,2013.0,85467.0,duplicates
9999,2016.0,112704.0,duplicates
29997,2005.0,96564.0,duplicates
13000,2010.0,72000.0,kept
19590,2017.0,29014.0,duplicates
4500,2004.0,104940.0,missing title
36990,2015.0,51677.0,duplicates
14995,2010.0,165000.0,kept
26995,2019.0,31524.0,duplicates
8999,2012.0,127223.0,duplicates
10990,2011.0,166075.0,kept
4988,2006.0,65974.0,kept
14850,2013.0,45000.0,kept
31590,2019.0,8789.0,duplicates
16590,2018.0,62611.0,kept
37995,2014.0,185505.0,duplicates
25500,2018.0,22286.0,kept
3995,2002.0,157681.0,duplicates
500,2000.0,200000.0,kept
10495,2009.0,146359.0,duplicates
47000,2020.0,16300.0,kept
15000,2011.0,169000.0,kept
7495,2010.0,106000.0,kept
22950,2013.0,78249.0,duplicates
1,2012.0,268000.0,fake price
8999,2013.0,140779.0,duplicates
20999,2014.0,62399.0,kept
49628,2019.0,46310.0,duplicates
9450,2010.0,164000.0,kept
6400,2011.0,157243.0,kept
33590,2014.0,55251.0,duplicates
24590,2016.0,100851.0,duplicates
6995,2011.0,92000.0,kept
17975,2004.0,65815.0,kept
0,2018.0,97256.0,$0 price
2500,1966.0,30000.0,before 1980
40788,2014.0,129491.0,kept
27550,2017.0,149414.0,duplicates
12500,2009.0,139000.0,kept
13590,2009.0,77034.0,duplicates
16900,2018.0,61335.0,kept
35590,2020.0,5261.0,duplicates
0,2016.0,91950.0,$0 price
14500,1949.0,999999.0,before 1980
48500,1969.0,44480.0,before 1980
0,2013.0,77230.0,$0 price
20900,2014.0,33421.0,duplicates
13990,2015.0,9850.0,kept
18590,2018.0,30581.0,duplicates
31990,2017.0,15498.0,duplicates
25990,2018.0,890.0,duplicates
24500,2014.0,32059.0,duplicates
14990,2012.0,61809.0,duplicates
6250,2002.0,169000.0,kept
36996,2015.0,177126.0,duplicates
6995,2014.0,174487.0,kept
14900,2017.0,59769.0,duplicates
37614,2016.0,72125.0,duplicates
79995,2018.0,21739.0,kept
49990,2020.0,33829.0,duplicates
20991,2014.0,64908.0,kept
4000,1999.0,77000.0,kept
9995,2013.0,91860.0,duplicates
16900,2016.0,46000.0,kept
12300,2014.0,138500.0,kept
32990,2011.0,20190.0,duplicates
0,2010.0,105187.0,$0 price
43990,2020.0,2212.0,duplicates
20590,2013.0,77087.0,duplicates
18995,2007.0,77323.0,duplicates
0,2018.0,20675.0,$0 price
27912,2017.0,60496.0,kept
10495,2009.0,165345.0,missing fuel
30990,2018.0,39945.0,duplicates
0,2014.0,66342.0,$0 price
27990,2018.0,30791.0,duplicates
1900,2005.0,147000.0,kept
2500,2003.0,156000.0,kept
19500,2014.0,135000.0,kept
39999,2018.0,32743.0,kept
6450,2002.0,202683.0,kept
27590,2014.0,44781.0,duplicates
2800,2009.0,197000.0,kept
18988,2013.0,106652.0,kept
2000,1997.0,117000.0,kept
4495,2007.0,105688.0,duplicates
28000,2018.0,87196.0,kept
2200,1994.0,227745.0,kept
71999,2018.0,19687.0,kept
22800,2016.0,11000.0,kept
2500,2003.0,226700.0,kept
4988,2010.0,81071.0,kept
38990,2015.0,51687.0,duplicates
4900,2004.0,180000.0,kept
36990,2013.0,60708.0,duplicates
13999,2009.0,59910.0,kept
23590,2020.0,1324.0,kept
0,2013.0,,$0 price
888,2013.0,100000.0,fake price
15688,2013.0,80402.0,duplicates
10500,2016.0,42765.0,kept
24998,2013.0,93525.0,kept
31950,2016.0,52902.0,duplicates
19877,2011.0,183284.0,kept
2000,2011.0,173000.0,kept
0,2014.0,86449.0,$0 price
37999,2015.0,97606.0,duplicates
19950,2011.0,99867.0,duplicates
29900,2011.0,33000.0,duplicates
22575,2017.0,49200.0,kept
30999,2014.0,94010.0,duplicates
18605,2013.0,165859.0,kept
3500,1998.0,202000.0,kept
7975,2007.0,,bad odometer
1000,2005.0,220000.0,kept
23590,2020.0,2630.0,duplicates
0,2020.0,58170.0,$0 price
7200,2012.0,98000.0,kept
14299,2014.0,108727.0,kept
6449,2011.0,128402.0,kept
43275,2018.0,62892.0,duplicates
15590,2014.0,76880.0,duplicates
26997,2018.0,39060.0,kept
18900,2008.0,93000.0,kept
17947,2019.0,50523.0,kept
24990,2014.0,83382.0,kept
7200,2014.0,174050.0,kept
2500,1994.0,9999.0,kept
8995,2015.0,46610.0,kept
11000,2005.0,244141.0,kept
5995,2010.0,185787.0,duplicates
18995,2018.0,23189.0,duplicates
16995,2012.0,11900.0,kept
18700,2012.0,137397.0,duplicates
35400,2020.0,33034.0,kept
2800,2004.0,166118.0,duplicates
7500,1972.0,75000.0,before 1980
31428,2019.0,18536.0,duplicates
1950,1989.0,47938.0,kept
32995,2016.0,101279.0,duplicates
1495,2003.0,254000.0,kept
15877,2019.0,48500.0,duplicates
38590,2011.0,30237.0,duplicates
62999,2018.0,58763.0,duplicates
2200,2006.0,144789.0,kept
9999,2010.0,129256.0,kept
16990,2013.0,53633.0,duplicates
5250,1995.0,153000.0,kept
56000,2020.0,31195.0,kept
52999,2020.0,18365.0,duplicates
4000,2003.0,100000.0,kept
26986,2018.0,76846.0,kept
17990,2020.0,21953.0,duplicates
41590,2020.0,16929.0,duplicates
12499,2018.0,69319.0,kept
0,2014.0,56743.0,$0 price
39990,2019.0,24495.0,duplicates
49995,2015.0,122277.0,duplicates
7995,2012.0,87690.0,duplicates
6700,2009.0,92000.0,kept
34990,2020.0,5189.0,duplicates
10567,2015.0,69200.0,kept
2250,2002.0,133080.0,kept
82900,,6063.0,before 1980
10990,2015.0,65190.0,missing title
11500,2014.0,81374.0,duplicates
29950,2007.0,105121.0,duplicates
6999,2010.0,104000.0,kept
34900,2017.0,196980.0,kept
9500,2016.0,303000.0,duplicates
17995,2009.0,57846.0,kept
15900,2008.0,164000.0,kept
4350,2005.0,141000.0,duplicates
1800,1999.0,220000.0,kept
21990,2020.0,20281.0,duplicates
28990,2019.0,3511.0,duplicates
19990,2016.0,39044.0,duplicates
6995,2009.0,176000.0,duplicates
15590,2016.0,32573.0,duplicates
24950,2013.0,87801.0,duplicates
4500,2014.0,139000.0,kept
27590,2016.0,64791.0,duplicates
14590,2012.0,49704.0,duplicates
11491,2010.0,150706.0,kept
7995,2008.0,167724.0,duplicates
12995,2013.0,132984.0,duplicates
17900,2012.0,118749.0,kept
32350,2017.0,86061.0,kept
9442,2012.0,227000.0,kept
290,2014.0,81360.0,fake price
0,2017.0,54047.0,$0 price
37990,2019.0,29229.0,duplicates
19,2012.0,255120.0,fake price
39983,2013.0,74946.0,kept
16945,2003.0,48.0,bad odometer
6900,2008.0,170000.0,kept
30590,2017.0,22049.0,kept
31495,2015.0,117324.0,kept
43499,2015.0,112139.0,duplicates
32995,2013.0,199495.0,duplicates
21995,2017.0,91970.0,duplicates
21590,2019.0,7898.0,duplicates
799,2005.0,185082.0,duplicates
18990,2015.0,19479.0,duplicates
11800,2013.0,134000.0,kept
10500,2006.0,124469.0,duplicates
9599,2009.0,71500.0,kept
22590,2019.0,4657.0,duplicates
8599,2009.0,152984.0,kept
16995,2011.0,74755.0,kept
39999,2017.0,52593.0,duplicates
19900,2017.0,107829.0,kept
5500,1991.0,88888.0,kept
2999,2000.0,106998.0,kept
24590,2018.0,38872.0,duplicates
29990,2016.0,17302.0,duplicates
7250,2009.0,145814.0,kept
9995,2012.0,108000.0,kept
37998,2017.0,25911.0,duplicates
1200,2001.0,120000.0,kept
1,2014.0,118224.0,fake price
43900,2016.0,118000.0,duplicates
26500,2019.0,4001.0,kept
16790,2014.0,54512.0,duplicates
1250,1996.0,188543.0,kept
10900,2014.0,134123.0,duplicates
3000,2007.0,154591.0,kept
39990,2019.0,7256.0,duplicates
0,2018.0,42065.0,$0 price
30990,2017.0,38399.0,duplicates
32988,2017.0,123015.0,duplicates
23590,2011.0,38905.0,duplicates
29990,2014.0,26129.0,duplicates
15790,2016.0,33864.0,kept
13487,2012.0,92932.0,kept
6500,1997.0,59000.0,kept
11495,2010.0,111885.0,kept
6000,2011.0,111000.0,kept
195,2017.0,54848.0,fake price
8499,2016.0,104000.0,duplicates
2000,2002.0,245000.0,kept
9200,2014.0,133000.0,kept
8500,1986.0,433722.0,kept
2900,2006.0,109000.0,kept
18990,2020.0,7169.0,duplicates
3456,1994.0,58000.0,kept
16000,2019.0,26000.0,kept
15500,2013.0,142618.0,kept
594,2017.0,21762.0,fake price
32990,2018.0,27607.0,duplicates
127,2006.0,103477.0,fake price
21202,2019.0,22200.0,duplicates
24590,2017.0,6008.0,duplicates
6800,2010.0,180000.0,kept
39590,2019.0,7528.0,duplicates
10950,2013.0,102000.0,kept
11900,2013.0,60051.0,kept
588,2020.0,2890.0,fake price
219,2014.0,63658.0,fake price
25590,2018.0,16495.0,duplicates
10975,2007.0,45233.0,kept
15688,2013.0,60657.0,kept
299,2018.0,39503.0,fake price
0,2020.0,7587.0,$0 price
22194,2020.0,2012.0,kept
17999,2017.0,71450.0,duplicates
5900,2009.0,109000.0,kept
4500,2006.0,159166.0,kept
14495,2018.0,14023.0,kept
16000,2014.0,98700.0,kept
18995,2020.0,10.0,kept
4495,2014.0,258200.0,duplicates
15000,2001.0,320526.0,kept
8900,2017.0,0.0,bad odometer
25590,2016.0,29048.0,kept
9800,2002.0,218912.0,kept
6790,2004.0,145717.0,kept
3500,2006.0,220000.0,kept
12895,2015.0,91738.0,kept
0,2004.0,159390.0,$0 price
8900,2013.0,82536.0,kept
17995,2020.0,70688.0,kept
8000,2010.0,175000.0,kept
14500,2000.0,209000.0,duplicates
3000,2014.0,100830.0,kept
52488,2020.0,41273.0,duplicates
0,2014.0,269577.0,$0 price
26190,2018.0,9605.0,kept
16990,2012.0,109920.0,duplicates
39990,2019.0,8573.0,duplicates
0,2017.0,135292.0,$0 price
6495,2004.0,199677.0,kept
79999,2019.0,5104.0,kept
10990,2014.0,130066.0,kept
36999,2019.0,29587.0,duplicates
9999,2003.0,136371.0,kept
2950,2012.0,120000.0,kept
7500,2012.0,94500.0,kept
0,2011.0,,$0 price
24885,2007.0,207000.0,duplicates
5100,2005.0,84994.0,kept
8995,2010.0,142795.0,kept
2999,1994.0,159000.0,kept
10495,2016.0,101899.0,kept
0,2013.0,186390.0,$0 price
43500,2018.0,66000.0,kept
0,2013.0,127000.0,$0 price
17988,2018.0,33703.0,duplicates
9995,2009.0,177897.0,kept
17990,2019.0,3533.0,duplicates
22900,2016.0,95900.0,kept
23990,2008.0,85779.0,duplicates
29995,2017.0,24079.0,kept
31995,2015.0,56298.0,kept
24988,2014.0,140000.0,duplicates
25590,2015.0,25517.0,duplicates
28995,2017.0,21444.0,kept
17990,2013.0,57371.0,duplicates
0,2020.0,2306.0,$0 price
122420,2017.0,16613.0,duplicates
34990,2015.0,44752.0,duplicates
6500,1997.0,350000.0,kept
8495,2007.0,143152.0,kept
10990,2005.0,99000.0,kept
4900,2009.0,123300.0,kept
21995,2014.0,200024.0,kept
41990,2014.0,45450.0,missing transmission
1000,2014.0,94030.0,duplicates
15995,2012.0,153945.0,kept
5000,2011.0,101000.0,kept
0,2013.0,114333.0,$0 price
19777,2018.0,55910.0,duplicates
28000,2015.0,20207.0,kept
33652,2016.0,146625.0,duplicates
25990,2020.0,2577.0,kept
8335,2004.0,88396.0,kept
0,2013.0,94809.0,$0 price
13825,2014.0,128649.0,duplicates
30590,2018.0,9489.0,duplicates
12995,2015.0,77000.0,kept
5750,2003.0,167161.0,duplicates
36500,2019.0,35028.0,kept
0,2018.0,32490.0,$0 price
14995,2016.0,42000.0,kept
32995,2018.0,37867.0,duplicates
20590,2019.0,31170.0,duplicates
33990,2018.0,24299.0,duplicates
79999,2020.0,7312.0,duplicates
5400,1974.0,77285.0,before 1980
21990,2017.0,27629.0,duplicates
40000,1966.0,1.0,before 1980
17991,2019.0,12592.0,kept
20290,2017.0,106369.0,kept
69999,2018.0,30115.0,duplicates
15999,2016.0,109298.0,kept
7988,2007.0,93750.0,kept
4650,2007.0,144945.0,duplicates
84998,2018.0,,bad odometer
5200,2011.0,223568.0,kept
9995,2017.0,71995.0,kept
29990,2018.0,11401.0,duplicates
47999,2016.0,111536.0,duplicates
36590,2019.0,23057.0,duplicates
3900,2004.0,170440.0,kept
6900,2012.0,173123.0,duplicates
10900,1984.0,129654.0,kept
8500,2012.0,152289.0,kept
18530,2014.0,36103.0,kept
31111,2017.0,173829.0,kept
23474,2016.0,53800.0,kept
4950,2005.0,80000.0,kept
4500,2006.0,130000.0,kept
5500,2011.0,100000.0,kept
4550,2004.0,218273.0,duplicates
32800,2019.0,50200.0,kept
37990,2016.0,9704.0,duplicates
9800,2011.0,132020.0,kept
4500,2013.0,123000.0,kept
37500,2019.0,10112.0,duplicates
38050,2014.0,73000.0,kept
4995,2010.0,109711.0,kept
9950,2004.0,92000.0,kept
13995,2011.0,104438.0,kept
1900,2002.0,1.0,bad odometer
9999,2007.0,79200.0,kept
424,2016.0,42331.0,fake price
24990,2012.0,26460.0,duplicates
0,2010.0,120000.0,$0 price
36590,2019.0,7618.0,kept
8499,2007.0,127000.0,duplicates
122420,2017.0,16613.0,duplicates
25990,2019.0,16069.0,duplicates
30990,2018.0,7896.0,duplicates
27590,2013.0,43937.0,duplicates
9695,2014.0,127874.0,kept
9850,2014.0,48000.0,kept
15500,2019.0,6500.0,kept
12900,2010.0,145250.0,kept
21900,2012.0,276549.0,kept
10999,2014.0,68457.0,duplicates
18995,2015.0,39398.0,kept
13500,2017.0,28000.0,kept
0,2016.0,108955.0,$0 price
63044,2020.0,40980.0,kept
16590,2017.0,36178.0,duplicates
7000,2007.0,124413.0,kept
23281,2019.0,6610.0,kept
20995,2002.0,197159.0,kept
26990,2014.0,96454.0,duplicates
38990,2020.0,9665.0,duplicates
29500,1965.0,15550.0,before 1980
32900,2014.0,146000.0,kept
5800,2013.0,118000.0,kept
12950,2010.0,121847.0,duplicates
20590,2015.0,43470.0,duplicates
42336,2018.0,28520.0,kept
14950,2013.0,202000.0,kept
8995,2009.0,75992.0,duplicates
1,2011.0,100000.0,fake price
17300,2018.0,45804.0,kept
8888,2008.0,145000.0,kept
31495,2014.0,56298.0,kept
63995,2019.0,27903.0,kept
0,2017.0,45248.0,$0 price
36000,2018.0,45000.0,kept
11998,2015.0,0.0,bad odometer
29990,2007.0,124669.0,duplicates
29990,2016.0,24661.0,duplicates
43990,2020.0,8157.0,duplicates
6000,2017.0,36830.0,duplicates
9999,2013.0,99091.0,kept
34990,2018.0,21959.0,duplicates
15000,2016.0,93168.0,kept
39990,2019.0,11717.0,duplicates
17988,2018.0,50123.0,kept
17000,2018.0,83435.0,kept
17990,2019.0,10585.0,kept
24995,2020.0,2876.0,duplicates
39999,2016.0,61086.0,duplicates
18990,2013.0,95647.0,kept
0,2013.0,93897.0,$0 price
8995,2011.0,110000.0,kept
3300,2010.0,187429.0,duplicates
7995,2012.0,112300.0,kept
14995,2013.0,111000.0,kept
8500,1991.0,83708.0,kept
13995,2005.0,154256.0,duplicates
0,2013.0,112661.0,$0 price
23995,2012.0,119866.0,duplicates
52995,2018.0,30305.0,duplicates
34990,2020.0,1722.0,duplicates
3900,2006.0,199876.0,kept
5995,2008.0,238577.0,kept
7988,2008.0,108562.0,kept
11997,2012.0,67516.0,duplicates
36590,2013.0,79156.0,duplicates
6900,2015.0,105000.0,kept
68999,2019.0,26816.0,duplicates
1200,2002.0,157422.0,kept
0,2017.0,59602.0,$0 price
5975,2009.0,197000.0,duplicates
14999,2009.0,198000.0,kept
5999,2012.0,97214.0,kept
27590,2015.0,72076.0,kept
6500,2007.0,81000.0,kept
15990,2014.0,48374.0,duplicates
32590,2009.0,20420.0,duplicates
6995,2008.0,,bad odometer
5490,2014.0,113229.0,duplicates
14499,2013.0,91494.0,duplicates
25995,2020.0,19579.0,kept
0,2016.0,62362.0,$0 price
12999,2013.0,,bad odometer
53990,2019.0,2113.0,duplicates
28590,2017.0,40227.0,duplicates
64995,2018.0,36068.0,kept
12796,2011.0,98284.0,kept
29998,2014.0,57406.0,duplicates
42590,2020.0,12450.0,duplicates
12880,2014.0,178810.0,kept
18995,2013.0,176000.0,kept
13495,2015.0,58141.0,kept
2300,2010.0,133208.0,kept
28995,2018.0,50477.0,kept
15995,2012.0,218100.0,kept
13688,2014.0,117933.0,kept
1190,2004.0,135951.0,kept
47500,2018.0,10031.0,kept
7999,2005.0,170000.0,duplicates
306,2009.0,159375.0,fake price
10999,2012.0,136541.0,kept
1500,2002.0,138000.0,kept
16442,2017.0,31270.0,kept
11200,2007.0,117000.0,kept
9900,2002.0,37284.0,duplicates
6495,2014.0,136887.0,duplicates
6999,2007.0,119430.0,kept
33499,2019.0,6477.0,kept
10995,2008.0,170305.0,kept
4900,2013.0,105500.0,kept
0,2014.0,115437.0,$0 price
20775,2017.0,66819.0,duplicates
29000,1930.0,1.0,before 1980
38990,2017.0,20676.0,duplicates
28989,2017.0,70941.0,kept
0,2015.0,67068.0,$0 price
26729,2019.0,19427.0,kept
1200,2004.0,212965.0,kept
25995,2016.0,41668.0,duplicates
19500,2008.0,217598.0,duplicates
30990,2020.0,2308.0,duplicates
4900,2007.0,193675.0,kept
2900,2005.0,115000.0,kept
0,2015.0,80881.0,$0 price
6488,2009.0,144969.0,kept
1550,1988.0,7654321.0,bad odometer
9000,2005.0,245000.0,kept
7995,2007.0,81000.0,duplicates
15489,2016.0,61784.0,kept
29950,2012.0,107730.0,duplicates
9995,2007.0,101000.0,kept
2500,2000.0,132944.0,kept
16500,2010.0,99800.0,kept
14000,1997.0,56000.0,kept
1,1948.0,500.0,before 1980
0,2012.0,88166.0,$0 price
18995,2014.0,48606.0,kept
6999,2002.0,115193.0,duplicates
23999,2012.0,96850.0,kept
14590,2010.0,90241.0,duplicates
15326,2014.0,118083.0,duplicates
19250,2014.0,65109.0,kept
22995,2016.0,43113.0,duplicates
4250,2002.0,184000.0,kept
7950,2007.0,165580.0,kept
13900,2013.0,,bad odometer
15975,2005.0,185150.0,kept
17590,2013.0,47380.0,duplicates
2400,2010.0,144590.0,kept
35980,2017.0,105761.0,duplicates
25500,2015.0,133000.0,kept
9995,2013.0,43125.0,duplicates
5999,2010.0,104527.0,kept
8500,2010.0,173400.0,kept
0,2014.0,99049.0,$0 price
11995,2014.0,67787.0,duplicates
6500,1997.0,133900.0,kept
32879,2016.0,45636.0,duplicates
15833,2015.0,75325.0,kept
3800,2006.0,130000.0,kept
25990,2014.0,15575.0,duplicates
9995,2008.0,189561.0,kept
27441,2021.0,3913.0,kept
4000,2008.0,287000.0,kept
12994,2006.0,242000.0,kept
14250,2009.0,112000.0,kept
13000,2018.0,43995.0,duplicates
19801,2015.0,97823.0,kept
39995,2014.0,80485.0,kept
14990,2011.0,168000.0,kept
0,2019.0,51450.0,$0 price
16999,2012.0,110000.0,duplicates
15975,2014.0,92823.0,duplicates
2200,1981.0,185000.0,kept
39990,2018.0,44054.0,duplicates
18990,2018.0,19385.0,duplicates
0,2010.0,175675.0,$0 price
14995,2011.0,77597.0,kept
26990,2017.0,41335.0,duplicates
5900,2012.0,114000.0,duplicates
0,2015.0,133675.0,$0 price
5000,2001.0,209000.0,duplicates
9500,2001.0,200100.0,kept
4495,2003.0,113262.0,duplicates
10995,2009.0,140501.0,duplicates
34900,2012.0,85622.0,duplicates
18990,2020.0,6395.0,duplicates
15000,2006.0,199604.0,kept
7300,2012.0,160491.0,kept
16990,2016.0,46288.0,duplicates
19688,2017.0,19763.0,kept
8799,2015.0,115717.0,kept
7999,2017.0,92569.0,duplicates
20500,2014.0,121000.0,kept
17950,2017.0,28087.0,kept
8995,2015.0,87212.0,kept
10500,2001.0,140000.0,kept
6000,2008.0,155000.0,duplicates
11995,2009.0,195366.0,duplicates
34590,2016.0,29499.0,duplicates
24250,2018.0,28078.0,kept
28579,2019.0,25647.0,kept
10995,2013.0,108815.0,duplicates
24980,2017.0,39698.0,duplicates
29500,2017.0,156000.0,kept
26990,2014.0,63278.0,duplicates
56995,2017.0,105084.0,duplicates
49590,2020.0,6330.0,duplicates
36995,2016.0,73788.0,kept
11999,2007.0,210000.0,duplicates
2349,2004.0,192605.0,missing title
12900,2014.0,143833.0,kept
22990,2014.0,71732.0,unknown cylinders
40990,2018.0,25331.0,duplicates
25980,2016.0,97188.0,duplicates
4990,2006.0,179178.0,kept
11995,2013.0,164723.0,kept
10997,2014.0,159052.0,kept
16900,2013.0,11000.0,kept
0,2018.0,77601.0,$0 price
25590,2017.0,11325.0,duplicates
26995,2019.0,25080.0,duplicates
7999,2004.0,62097.0,kept
10995,2007.0,194811.0,kept
27000,1967.0,119000.0,before 1980
21988,2018.0,57074.0,kept
579,2018.0,13864.0,fake price
4999,2009.0,163370.0,missing title
29590,2017.0,25552.0,duplicates
0,2018.0,152293.0,$0 price
34590,2019.0,7460.0,duplicates
12900,2007.0,119000.0,kept
27000,1968.0,36273.0,before 1980
7985,2015.0,68740.0,duplicates
17000,2014.0,87535.0,missing title
10991,2012.0,65000.0,duplicates
3000,1994.0,110000.0,kept
5500,2007.0,158000.0,duplicates
26994,2013.0,132237.0,duplicates
37990,2020.0,1592.0,duplicates
4000,2006.0,134383.0,kept
28000,2015.0,50000.0,kept
21500,1986.0,104320.0,duplicates
0,2020.0,6974.0,$0 price
12995,2015.0,,bad odometer
20350,2018.0,20930.0,kept
6250,2009.0,161000.0,kept
15900,2013.0,143000.0,duplicates
104999,2021.0,480.0,duplicates
37990,2019.0,19950.0,kept
37990,2016.0,46192.0,kept
63000,2019.0,59582.0,duplicates
18990,2020.0,2624.0,duplicates
61990,2018.0,81419.0,duplicates
1,2018.0,62531.0,fake price
7150,2012.0,109000.0,kept
26998,2018.0,,bad odometer
31590,2020.0,2195.0,duplicates
48990,2012.0,15812.0,duplicates
20999,2016.0,117133.0,kept
37995,2018.0,10571.0,kept
22900,2015.0,192442.0,kept
12990,2013.0,89322.0,kept
7995,2015.0,178269.0,duplicates
34988,2015.0,90919.0,duplicates
37998,2018.0,12623.0,duplicates
28990,2017.0,20155.0,duplicates
9499,2011.0,129082.0,kept
14587,2012.0,71518.0,kept
16000,2012.0,43790.0,kept
3500,1939.0,9999999.0,before 1980
45590,2013.0,28927.0,duplicates
16595,2008.0,96000.0,kept
28999,2015.0,91008.0,kept
0,2007.0,205000.0,$0 price
357,2020.0,27125.0,fake price
6400,2006.0,122000.0,kept
19590,2017.0,50473.0,duplicates
19990,2015.0,24930.0,duplicates
1400,2007.0,145000.0,kept
3700,2005.0,190000.0,kept
23995,2008.0,102545.0,duplicates
430,2014.0,69939.0,fake price
2500,2005.0,200000.0,kept
8500,2007.0,279417.0,kept
3750,2003.0,17194.0,kept
25500,2006.0,43988.0,kept
3000,2001.0,149000.0,kept
4000,1996.0,108000.0,kept
21990,2018.0,24858.0,kept
4775,2009.0,139850.0,kept
3200,2000.0,127000.0,kept
12995,2014.0,111000.0,duplicates
5500,1987.0,13000.0,kept
2990,2002.0,119276.0,missing title
14250,2012.0,166650.0,kept
54999,2017.0,153390.0,duplicates
49988,2019.0,53896.0,kept
39900,2015.0,45875.0,duplicates
3950,2003.0,76000.0,kept
16950,2011.0,120509.0,duplicates
8995,2013.0,108703.0,duplicates
2850,2015.0,116000.0,kept
0,2018.0,39046.0,$0 price
20900,2015.0,86000.0,kept
6931,2010.0,124505.0,duplicates
24990,2017.0,30075.0,duplicates
29990,2015.0,76115.0,kept
14259,2019.0,24110.0,duplicates
8995,2018.0,94875.0,kept
35590,2020.0,33950.0,kept
14995,2013.0,69000.0,duplicates
11000,1997.0,84723.0,kept
6900,2012.0,151082.0,kept
8100,2007.0,185000.0,kept
24590,2013.0,80318.0,duplicates
31995,2015.0,67787.0,duplicates
20990,2012.0,41883.0,kept
48900,2015.0,134000.0,duplicates
0,2018.0,87153.0,$0 price
8800,2012.0,128500.0,kept
22900,2014.0,53551.0,duplicates
15942,2013.0,96464.0,duplicates
13995,2013.0,73471.0,duplicates
12200,2014.0,127948.0,kept
0,2016.0,50636.0,$0 price
23841,2019.0,28395.0,kept
8900,2018.0,45000.0,kept
1600,2009.0,1.0,bad odometer
12900,2012.0,145786.0,kept
21462,2017.0,35408.0,kept
24990,2020.0,20888.0,kept
17590,2012.0,67899.0,duplicates
15988,2003.0,220860.0,duplicates
20590,2020.0,1688.0,duplicates
1450,1996.0,175000.0,kept
13590,2009.0,77034.0,duplicates
5800,2010.0,129000.0,kept
22998,2015.0,75843.0,kept
10995,2011.0,171865.0,duplicates
19995,2008.0,32273.0,duplicates
9500,2016.0,92070.0,kept
145000,2014.0,17094.0,duplicates
5450,2011.0,97215.0,kept
0,2018.0,75264.0,$0 price
13495,2013.0,81000.0,kept
4495,2010.0,144000.0,kept
0,2016.0,79573.0,$0 price
11769,2016.0,12447.0,kept
17500,2016.0,162713.0,kept
37900,2018.0,23000.0,duplicates
12488,2012.0,126255.0,duplicates
38581,2017.0,25084.0,kept
5495,2011.0,160331.0,duplicates
12999,2014.0,101763.0,kept
12000,2014.0,93200.0,kept
25990,2018.0,15759.0,duplicates
74988,2010.0,65517.0,kept
30990,2017.0,36437.0,kept
21990,2011.0,32652.0,duplicates
14995,2006.0,142507.0,kept
0,2015.0,44830.0,$0 price
7500,2015.0,100608.0,kept
0,2017.0,70230.0,$0 price
16995,2013.0,107741.0,duplicates
14800,2011.0,108000.0,kept
7000,2008.0,192000.0,kept
12995,2017.0,88175.0,kept
22500,1985.0,92669.0,kept
3000,1997.0,113000.0,kept
24990,2018.0,15608.0,duplicates
2875,2009.0,223000.0,duplicates
15882,2017.0,138000.0,duplicates
18500,2011.0,99980.0,kept
26791,2017.0,89585.0,duplicates
2500,1999.0,272000.0,kept
10900,2013.0,83692.0,kept
8000,2003.0,226945.0,kept
24000,2015.0,91742.0,kept
16300,2017.0,92015.0,missing title
27998,2022.0,10.0,kept
9495,2011.0,136700.0,kept
18900,2017.0,16200.0,kept
0,2012.0,86490.0,$0 price
39995,2020.0,6969.0,duplicates
38998,2018.0,63840.0,duplicates
348,2019.0,14372.0,fake price
7950,2011.0,125000.0,duplicates
9900,2012.0,116635.0,duplicates
500,2014.0,10000.0,fake price
39999,2016.0,23977.0,duplicates
6500,2011.0,135000.0,kept
40995,2020.0,8092.0,kept
28590,2018.0,28720.0,duplicates
9990,2013.0,144944.0,kept
7850,2010.0,120000.0,kept
69900,2019.0,36365.0,kept
25989,2013.0,84103.0,duplicates
9900,2007.0,164092.0,kept
19750,2010.0,68000.0,duplicates
7500,2010.0,140360.0,kept
8995,2014.0,90282.0,missing title
19990,2016.0,44403.0,duplicates
4950,2004.0,146927.0,kept
32891,2018.0,74392.0,kept
9500,2007.0,206000.0,kept
8999,2013.0,132000.0,duplicates
3000,2008.0,99999.0,kept
3495,2004.0,163288.0,duplicates
299,2016.0,70000.0,fake price
35969,2017.0,90170.0,duplicates
16795,2009.0,152696.0,duplicates
0,2015.0,99000.0,$0 price
15000,1985.0,9999999.0,bad odometer
17990,2013.0,91000.0,duplicates
477,2018.0,,fake price
5995,2005.0,166000.0,kept
43988,2017.0,44725.0,kept
6495,2006.0,111949.0,kept
19590,2014.0,18521.0,duplicates
22900,1986.0,66000.0,duplicates
91350,2018.0,3591.0,duplicates
391,2012.0,90344.0,fake price
32988,2017.0,34598.0,kept
3475,2008.0,112000.0,kept
33461,2020.0,23487.0,duplicates
4275,2003.0,173659.0,duplicates
8796,2012.0,67839.0,duplicates
109000,2013.0,3600.0,duplicates
7900,2011.0,86000.0,kept
29990,2019.0,14077.0,duplicates
28590,2017.0,43902.0,kept
5995,2011.0,150677.0,kept
6350,2005.0,145892.0,kept
31590,2020.0,2195.0,duplicates
9600,1995.0,97000.0,kept
6495,2008.0,108809.0,kept
15000,2009.0,213800.0,kept
18996,2016.0,71300.0,kept
1000,2009.0,129000.0,kept
6995,2007.0,174576.0,kept
34981,2019.0,16552.0,missing title
27172,2014.0,112128.0,kept
11995,2006.0,140000.0,kept
31499,2016.0,135000.0,kept
13900,2011.0,165243.0,kept
11500,2010.0,82000.0,kept
41590,2020.0,27160.0,duplicates
19995,2005.0,137244.0,kept
27990,2011.0,66944.0,duplicates
12995,2008.0,245874.0,kept
21995,2012.0,116818.0,kept
49995,2016.0,36418.0,duplicates
5900,2011.0,80700.0,kept
18999,2017.0,38000.0,kept
0,2017.0,2303.0,$0 price
19500,2004.0,840.0,kept
0,2009.0,160000.0,$0 price
23900,2017.0,33589.0,kept
32590,2017.0,34303.0,duplicates
12995,2014.0,52533.0,kept
23591,2018.0,32627.0,kept
5480,2013.0,182711.0,missing title
28988,2008.0,135220.0,kept
37444,2018.0,43363.0,kept
27950,2014.0,32500.0,kept
23650,2007.0,223222.0,kept
43990,2019.0,17352.0,duplicates
29503,2018.0,107600.0,kept
27999,2019.0,10282.0,kept
12962,2015.0,62978.0,kept
39900,2012.0,164000.0,duplicates
135000,1967.0,3000.0,before 1980
1700,2007.0,184000.0,kept
9000,1978.0,84107.0,before 1980
13995,2012.0,161880.0,kept
23000,2015.0,74772.0,missing fuel
0,2013.0,143461.0,$0 price
32900,2014.0,66361.0,kept
14988,2017.0,47592.0,kept
5999,2010.0,63000.0,kept
11999,2008.0,119527.0,duplicates
25590,2018.0,33640.0,kept
8500,2009.0,78327.0,duplicates
15600,2013.0,120000.0,kept
9500,2015.0,61000.0,kept
13998,2011.0,150853.0,duplicates
3200,2005.0,325900.0,kept
29494,2014.0,101899.0,missing transmission
15000,2011.0,171050.0,kept
17900,2010.0,77688.0,duplicates
6500,2002.0,180000.0,kept
6950,1997.0,229336.0,kept
24990,2017.0,33035.0,kept
37990,2020.0,1366.0,duplicates
15995,2017.0,61500.0,duplicates
6900,2012.0,173123.0,duplicates
32990,2018.0,20558.0,kept
0,2005.0,,$0 price
70590,2021.0,5.0,kept
16550,2015.0,84840.0,duplicates
19995,2014.0,172815.0,kept
4350,2006.0,125000.0,kept
7327,2013.0,152967.0,missing title
32999,2015.0,71000.0,kept
17990,2018.0,17897.0,duplicates
20998,2017.0,73135.0,duplicates
10000,2007.0,77326.0,kept
38990,2020.0,9665.0,duplicates
23900,2011.0,243400.0,kept
16990,2010.0,129315.0,kept
18590,2017.0,66762.0,kept
53000,2014.0,62000.0,kept
38990,2019.0,6482.0,kept
19217,2018.0,27203.0,kept
16995,2018.0,25295.0,duplicates
0,2020.0,18648.0,$0 price
5500,2012.0,76765.0,duplicates
21800,2008.0,128000.0,duplicates
13900,2013.0,253000.0,kept
34590,2017.0,33785.0,duplicates
8300,2006.0,227926.0,kept
18198,2014.0,73332.0,kept
0,2010.0,,$0 price
8988,2014.0,111731.0,kept
37590,2016.0,33544.0,kept
33995,2013.0,72882.0,duplicates
9500,1994.0,1200000.0,bad odometer
39990,2018.0,44054.0,duplicates
34800,2019.0,31020.0,duplicates
4000,2004.0,76000.0,kept
22999,2020.0,25162.0,kept
0,2012.0,31132.0,$0 price
26990,2017.0,40529.0,duplicates
3995,2007.0,180000.0,kept
34824,2018.0,0.0,bad odometer
0,2017.0,45096.0,$0 price
34590,2019.0,7711.0,duplicates
8500,2007.0,111000.0,kept
16990,2014.0,91672.0,duplicates
34990,2020.0,3181.0,duplicates
12495,2010.0,116117.0,kept
21900,2020.0,10369.0,duplicates
26990,2015.0,29072.0,duplicates
12997,2013.0,124635.0,kept
16988,2015.0,105000.0,missing title
19590,2010.0,76268.0,duplicates
8988,2005.0,191096.0,kept
2500,2002.0,100532.0,kept
11900,2017.0,78000.0,duplicates
7500,2004.0,191000.0,kept
14395,2014.0,36811.0,duplicates
44988,2018.0,37306.0,duplicates
232,2013.0,141882.0,fake price
4980,2005.0,158960.0,kept
24985,2015.0,88967.0,kept
55990,2020.0,49629.0,duplicates
9995,2007.0,172000.0,duplicates
30590,2019.0,23645.0,duplicates
35590,2020.0,6185.0,duplicates
20900,2017.0,81814.0,kept
21995,2012.0,149746.0,duplicates
42999,2019.0,46653.0,kept
14995,2009.0,165140.0,duplicates
15999,2013.0,126207.0,kept
65995,2017.0,50501.0,duplicates
10875,2012.0,58075.0,kept
0,2021.0,1882.0,$0 price
5299,2008.0,156008.0,kept
25998,2015.0,78104.0,duplicates
5800,2008.0,,bad odometer
13198,2016.0,36167.0,duplicates
33188,2011.0,41240.0,duplicates
27921,2015.0,187162.0,duplicates
16590,2014.0,47214.0,kept
19990,2015.0,98544.0,duplicates
0,2018.0,48239.0,$0 price
22389,2017.0,40003.0,duplicates
34590,2019.0,22722.0,duplicates
10987,2017.0,28209.0,kept
2300,2001.0,91000.0,kept
39950,2013.0,223131.0,duplicates
11860,2017.0,88544.0,duplicates
11895,2006.0,122667.0,kept
15500,2016.0,74500.0,kept
36990,2015.0,51677.0,duplicates
30500,2014.0,49800.0,kept
1,2004.0,182132.0,fake price
17900,2018.0,36363.0,kept
8999,2007.0,107052.0,kept
47400,2017.0,28143.0,duplicates
5995,2009.0,127000.0,kept
11972,2013.0,138930.0,kept
3850,2004.0,141212.0,kept
31995,2016.0,94526.0,missing title
13999,2013.0,81466.0,duplicates
10999,2013.0,63122.0,duplicates
7000,2008.0,77025.0,kept
10900,1939.0,1000.0,before 1980
21995,2015.0,102598.0,duplicates
58000,2018.0,111120.0,kept
22900,2017.0,,bad odometer
11995,2015.0,60000.0,duplicates
24427,2017.0,45388.0,kept
16998,2013.0,99435.0,kept
25990,2019.0,70640.0,duplicates
29950,2012.0,107730.0,duplicates
43900,,21.0,before 1980
5999,2012.0,179189.0,kept
27990,2015.0,72510.0,kept
8950,2008.0,75000.0,duplicates
0,2018.0,21170.0,$0 price
2500,2008.0,107000.0,kept
17495,2010.0,86894.0,duplicates
12900,2011.0,98847.0,kept
32899,2014.0,8277.0,kept
6295,2012.0,106859.0,kept
31990,2006.0,59429.0,duplicates
5975,2011.0,170997.0,missing fuel
35000,2018.0,43839.0,kept
0,2020.0,12433.0,$0 price
30590,2018.0,22821.0,kept
16981,2016.0,47772.0,kept
19590,2010.0,76268.0,kept
13995,2010.0,144646.0,kept
10995,2013.0,114000.0,kept
6480,2011.0,182000.0,kept
7995,2013.0,161000.0,duplicates
41998,2016.0,45000.0,kept
29990,2012.0,43182.0,duplicates
9900,2007.0,112719.0,kept
6995,1998.0,147000.0,kept
11999,2012.0,147975.0,kept
25550,2019.0,39.0,bad odometer
30990,2018.0,7896.0,duplicates
17800,2016.0,46435.0,missing transmission
8500,1998.0,95000.0,kept
30590,2017.0,10537.0,kept
1400,1996.0,190000.0,kept
5800,2005.0,170000.0,kept
0,2016.0,85662.0,$0 price
34500,2019.0,3221.0,missing fuel
6200,2010.0,158482.0,duplicates
33995,2017.0,63355.0,kept
25991,2019.0,20153.0,kept
4495,2005.0,175429.0,missing title
0,2015.0,56455.0,$0 price
9000,2014.0,78000.0,kept
30990,2019.0,1834.0,duplicates
36590,2018.0,29158.0,duplicates
6477,2007.0,131158.0,kept
4595,2005.0,257708.0,duplicates
6500,2009.0,153000.0,duplicates
20998,2013.0,106209.0,duplicates
25500,2004.0,71500.0,kept
26990,2017.0,41335.0,duplicates
8500,2012.0,127151.0,duplicates
0,2018.0,5.0,$0 price
7800,1999.0,242068.0,kept
20700,2015.0,73221.0,duplicates
600,2009.0,115000.0,kept
3100,2006.0,159000.0,kept
8300,2011.0,134000.0,kept
6999,2011.0,145000.0,kept
0,2013.0,235801.0,$0 price
9000,1978.0,111000.0,before 1980
11999,2013.0,82663.0,duplicates
0,2010.0,155000.0,$0 price
22998,2019.0,10500.0,duplicates
27990,2020.0,10688.0,duplicates
7499,2013.0,97688.0,kept
13990,2013.0,30998.0,duplicates
15744,2013.0,183061.0,kept
0,2009.0,,$0 price
16990,2015.0,81140.0,kept
483,2018.0,10393.0,fake price
0,2013.0,134383.0,$0 price
41999,2020.0,2141.0,duplicates
22590,2013.0,14169.0,duplicates
5799,2004.0,1448.0,kept
8400,2011.0,152473.0,duplicates
7500,2016.0,79000.0,kept
7900,2009.0,129351.0,kept
37499,2017.0,64055.0,kept
11588,2008.0,196405.0,duplicates
0,2015.0,179377.0,$0 price
22690,2017.0,71436.0,kept
5300,2006.0,179000.0,kept
31590,2017.0,30577.0,duplicates
13998,2011.0,150853.0,duplicates
4495,2010.0,120000.0,kept
91,2004.0,80867.0,fake price
28500,2019.0,33327.0,kept
5499,2008.0,103398.0,duplicates
900,1998.0,250000.0,duplicates
24995,2014.0,49530.0,duplicates
0,2016.0,115000.0,$0 price
34995,2018.0,65071.0,duplicates
91000,2020.0,893.0,missing title
10488,2012.0,96530.0,kept
4000,2003.0,130000.0,kept
29988,2015.0,62974.0,duplicates
8800,2005.0,160000.0,kept
9995,2011.0,145557.0,kept
19995,2011.0,135198.0,duplicates
0,2017.0,37838.0,$0 price
22580,2017.0,72702.0,kept
9800,2012.0,114000.0,kept
13250,2015.0,76500.0,kept
34995,2016.0,120379.0,duplicates
4850,2005.0,77000.0,kept
0,2011.0,,$0 price
44997,2017.0,44141.0,duplicates
23990,2018.0,26852.0,kept
26990,2018.0,49072.0,kept
0,2018.0,32328.0,$0 price
0,2013.0,86173.0,$0 price
549,2016.0,45000.0,fake price
38995,2019.0,15475.0,duplicates
34498,2018.0,125582.0,kept
8432,2014.0,72181.0,kept
3200,2007.0,15000.0,kept
23813,2014.0,69005.0,kept
5000,1993.0,300000.0,kept
26688,2019.0,24480.0,duplicates
53990,2015.0,71730.0,duplicates
84477,2020.0,8234.0,duplicates
22997,2018.0,75894.0,duplicates
46995,2014.0,125743.0,duplicates
19995,2011.0,115533.0,kept
4000,2006.0,252000.0,kept
12900,1985.0,50000.0,kept
28988,2018.0,51906.0,kept
12400,1966.0,25222.0,before 1980
36590,2017.0,60476.0,duplicates
0,2018.0,52769.0,$0 price
22000,2005.0,180000.0,kept
17990,2017.0,20909.0,duplicates
18990,2018.0,42183.0,duplicates
6300,2011.0,132000.0,kept
0,2018.0,47474.0,$0 price
1200,2003.0,147200.0,kept
39900,1964.0,63101.0,before 1980
800,2004.0,195000.0,kept
0,2014.0,109146.0,$0 price
2500,2002.0,158042.0,kept
2300,1987.0,135000.0,kept
20000,2017.0,82216.0,kept
68777,2020.0,1375.0,duplicates
35990,2018.0,29157.0,duplicates
500,2013.0,130000.0,fake price
18000,2019.0,55000.0,kept
4000,1995.0,55000.0,duplicates
28990,2010.0,130441.0,duplicates
10500,2013.0,115879.0,duplicates
33590,2014.0,57923.0,duplicates
38990,2020.0,5279.0,duplicates
33590,2014.0,55251.0,duplicates
5500,2011.0,175432.0,kept
23500,2015.0,120000.0,kept
23998,2015.0,1.0,bad odometer
7995,2011.0,158770.0,kept
37990,2019.0,22544.0,duplicates
3800,1992.0,114000.0,kept
7000,1979.0,120000.0,before 1980
26590,2019.0,15807.0,duplicates
18900,2014.0,171000.0,kept
15000,2015.0,54791.0,duplicates
5999,2011.0,122000.0,duplicates
31990,2017.0,147900.0,duplicates
30995,2017.0,59904.0,duplicates
9995,2006.0,125715.0,duplicates
0,2013.0,91438.0,$0 price
40590,2019.0,9313.0,duplicates
12995,2007.0,60541.0,missing title
197,2014.0,111414.0,fake price
0,2013.0,102770.0,$0 price
12500,2007.0,158012.0,duplicates
22495,2010.0,72346.0,kept
502,2015.0,119382.0,fake price
10995,2011.0,100892.0,duplicates
6500,2011.0,119000.0,kept
76128,2020.0,4013.0,duplicates
2695,2007.0,169499.0,duplicates
18590,2014.0,42371.0,duplicates
99,2016.0,34997.0,fake price
58000,2019.0,11000.0,kept
25990,2018.0,10364.0,duplicates
36999,2019.0,45253.0,duplicates
27988,2018.0,23565.0,duplicates
27500,2010.0,127381.0,duplicates
8969,2015.0,69377.0,missing title
51594,2019.0,34281.0,kept
17875,2011.0,123726.0,kept
4995,2010.0,150321.0,kept
10995,2017.0,132781.0,missing fuel
39590,2019.0,7528.0,duplicates
35590,2019.0,4265.0,duplicates
39950,2021.0,2320.0,kept
24950,1996.0,89887.0,kept
10500,2011.0,108292.0,duplicates
16777,2012.0,149178.0,duplicates
3490,2004.0,239000.0,kept
14546,2013.0,84112.0,duplicates
49995,2016.0,75588.0,duplicates
39500,2013.0,99332.0,duplicates
6500,2003.0,227213.0,kept
28000,2016.0,28300.0,kept
6499,2011.0,159937.0,kept
5999,2007.0,104884.0,kept
68995,2020.0,14140.0,duplicates
16590,2015.0,39649.0,duplicates
38795,2016.0,44624.0,duplicates
9497,2013.0,135503.0,kept
15000,1985.0,1000000.0,bad odometer
9995,2013.0,221277.0,duplicates
75000,1952.0,54000.0,before 1980
16590,2013.0,93472.0,kept
12499,2018.0,60407.0,duplicates
4300,2008.0,157000.0,kept
34500,2007.0,97000.0,duplicates
25990,2013.0,52145.0,duplicates
55000,2016.0,46000.0,kept
6498,2004.0,169000.0,kept
10900,2018.0,5380.0,kept
14995,2008.0,171632.0,kept
0,2012.0,183514.0,$0 price
29995,2020.0,19524.0,duplicates
23995,2015.0,127722.0,kept
12900,2009.0,97354.0,duplicates
1595,2000.0,215975.0,kept
42900,1968.0,24093.0,before 1980
3500,1996.0,209000.0,kept
3000,2007.0,156.0,kept
2499,2006.0,142000.0,kept
8900,2015.0,90200.0,missing title
10995,2008.0,90555.0,kept
5250,2001.0,215000.0,kept
1,1954.0,31000.0,before 1980
26990,2019.0,39685.0,kept
43995,2014.0,192762.0,duplicates
44900,,39.0,before 1980
36590,2019.0,36134.0,duplicates
19490,2013.0,138731.0,kept
55000,2016.0,23113.0,kept
10000,1999.0,1176458.0,bad odometer
8900,1979.0,123168.0,before 1980
13000,2004.0,225000.0,kept
5986,2012.0,112862.0,duplicates
7950,2012.0,159.0,kept
23590,2018.0,48933.0,duplicates
17500,1985.0,61000.0,duplicates
7997,2011.0,94000.0,duplicates
12999,2012.0,149.0,kept
34590,2019.0,27387.0,duplicates
10995,2013.0,161918.0,duplicates
11000,2014.0,125518.0,kept
5995,2008.0,66089.0,kept
4988,2006.0,189256.0,kept
14500,2014.0,108000.0,kept
16488,2020.0,22090.0,kept
36995,2018.0,38000.0,kept
11671,2014.0,102829.0,kept
1200,2004.0,219000.0,kept
11500,2012.0,90000.0,kept
6299,2008.0,125509.0,duplicates
2900,2014.0,95000.0,kept
332,2018.0,28219.0,fake price
1800,2013.0,69000.0,kept
37990,2018.0,36405.0,kept
39990,2020.0,6932.0,duplicates
39950,2015.0,53321.0,duplicates
26590,2018.0,31015.0,kept
24990,2007.0,46463.0,duplicates
9991,2014.0,123329.0,kept
3900,2002.0,152510.0,missing title
27990,2017.0,22120.0,duplicates
28590,2017.0,37218.0,kept
10000,1995.0,132000.0,kept
0,2015.0,81408.0,$0 price
6995,2005.0,249313.0,kept
1500,2015.0,123456.0,duplicates
19995,2013.0,155000.0,duplicates
24995,2016.0,82451.0,duplicates
11998,2015.0,0.0,bad odometer
15474,2012.0,149891.0,kept
22995,2015.0,155000.0,kept
4495,2010.0,199394.0,kept
10999,2002.0,112300.0,kept
12909,2013.0,85591.0,duplicates
5000,1986.0,50000.0,kept
14995,2016.0,77296.0,kept
4100,2008.0,200000.0,kept
6000,2007.0,153000.0,kept
17900,2018.0,26228.0,kept
0,1987.0,120000.0,$0 price
12991,2011.0,49876.0,duplicates
9500,2013.0,58000.0,kept
4900,2009.0,150400.0,kept
23500,1947.0,615.0,before 1980
2499,2002.0,127540.0,kept
28998,2017.0,,bad odometer
27000,2018.0,68000.0,kept
12500,2013.0,136000.0,duplicates
495,2012.0,101315.0,fake price
0,2017.0,92503.0,$0 price
14590,2013.0,33246.0,duplicates
32988,2017.0,37036.0,duplicates
13995,2009.0,93155.0,duplicates
4800,2007.0,189300.0,kept
19396,2013.0,103096.0,missing title
15900,2012.0,71123.0,kept
15500,2015.0,35340.0,duplicates
1,1977.0,100000.0,before 1980
4995,2004.0,198000.0,kept
104900,2020.0,9000.0,kept
33990,2017.0,17033.0,duplicates
26995,2014.0,90000.0,duplicates
38590,2019.0,77492.0,kept
21000,2013.0,145446.0,kept
0,2010.0,103842.0,$0 price
47656,2020.0,11751.0,duplicates
8598,2011.0,154600.0,duplicates
113,2014.0,103371.0,fake price
3500,2004.0,220000.0,duplicates
26880,2019.0,18663.0,kept
29995,2016.0,57000.0,duplicates
26990,2016.0,14230.0,duplicates
13995,2015.0,161809.0,kept
33990,2007.0,77581.0,duplicates
8450,2013.0,110236.0,kept
30990,2018.0,4015.0,duplicates
0,2020.0,2306.0,$0 price
38895,2018.0,50711.0,kept
31950,2006.0,189250.0,duplicates
8988,2014.0,111731.0,kept
0,2019.0,68679.0,$0 price
0,2014.0,,$0 price
11995,2010.0,116825.0,kept
20900,2015.0,186945.0,kept
2200,1995.0,189000.0,kept
16995,2010.0,116586.0,duplicates
1250,1998.0,160000.0,kept
27990,2012.0,67245.0,duplicates
22990,2012.0,37725.0,duplicates
27499,2015.0,52000.0,kept
36590,2020.0,33026.0,duplicates
9999,2016.0,140000.0,kept
0,2016.0,20800.0,$0 price
16500,2013.0,72000.0,duplicates
0,2018.0,17193.0,$0 price
8950,2010.0,133700.0,kept
11000,1973.0,47780.0,before 1980
0,2011.0,133000.0,$0 price
12995,2010.0,156722.0,duplicates
23990,2016.0,50786.0,kept
33990,2012.0,88107.0,duplicates
17990,2012.0,93185.0,duplicates
17200,2014.0,105600.0,kept
9999,2012.0,134513.0,duplicates
29500,2008.0,179500.0,kept
8977,2010.0,97728.0,kept
17875,1995.0,85970.0,duplicates
19998,2016.0,52776.0,duplicates
33950,2015.0,67000.0,kept
99,2019.0,26196.0,fake price
4500,2010.0,116531.0,duplicates
0,2005.0,119838.0,$0 price
22000,2018.0,129000.0,duplicates
43990,2020.0,1835.0,duplicates
0,2019.0,52605.0,$0 price
5995,2003.0,105286.0,kept
8500,1984.0,99999.0,kept
19998,2012.0,,bad odometer
24986,2017.0,86021.0,kept
23359,2017.0,44003.0,missing title
3500,1994.0,118542.0,kept
6388,2006.0,123080.0,kept
0,2018.0,25760.0,$0 price
58500,2016.0,15268.0,missing title
12995,2009.0,129981.0,duplicates
8899,2012.0,81263.0,kept
10900,2013.0,92675.0,kept
11000,2013.0,107000.0,kept
53995,2017.0,138968.0,kept
10993,2012.0,129087.0,kept
45300,2018.0,34125.0,duplicates
0,2012.0,78639.0,$0 price
6499,2005.0,102581.0,missing fuel
5200,2004.0,185000.0,kept
14000,1999.0,158940.0,kept
21900,1999.0,46042.0,kept
46999,2018.0,73890.0,kept
8988,2013.0,200300.0,kept
25590,2017.0,38589.0,kept
500,2014.0,10000.0,fake price
25990,2019.0,30739.0,duplicates
99,2018.0,57947.0,fake price
26990,2020.0,4026.0,duplicates
42995,2014.0,69963.0,duplicates
39590,2020.0,19160.0,duplicates
0,2018.0,48678.0,$0 price
8320,2012.0,139568.0,kept
4495,2002.0,207433.0,kept
12788,2015.0,73208.0,duplicates
51792,2018.0,19711.0,duplicates
36590,2018.0,29158.0,duplicates
7285,2009.0,136342.0,duplicates
13500,2010.0,188000.0,kept
7500,2008.0,157429.0,kept
34999,2015.0,157327.0,kept
8999,2012.0,83000.0,kept
16590,2018.0,42749.0,duplicates
25995,2015.0,101428.0,duplicates
28590,2017.0,74108.0,duplicates
15990,2015.0,56696.0,duplicates
14995,2017.0,67144.0,kept
29990,2007.0,124669.0,duplicates
0,2019.0,31731.0,$0 price
199,2015.0,64780.0,fake price
36495,2017.0,38779.0,kept
33990,2011.0,70976.0,duplicates
24900,2018.0,19085.0,duplicates
4250,2007.0,207200.0,kept
16249,2017.0,62777.0,duplicates
29441,2021.0,4014.0,duplicates
8950,2004.0,201000.0,duplicates
13995,2012.0,105610.0,kept
7499,2012.0,122751.0,kept
26995,2013.0,134617.0,duplicates
48600,2014.0,75600.0,kept
65988,2019.0,49911.0,kept
30590,2019.0,21246.0,duplicates
47899,2018.0,15839.0,kept
9000,1987.0,175200.0,kept
10995,2013.0,36000.0,kept
18995,2013.0,32999.0,kept
38990,2018.0,24235.0,duplicates
14995,2013.0,115010.0,duplicates
21999,2015.0,53608.0,kept
26590,2019.0,19696.0,duplicates
8999,2004.0,213945.0,kept
4000,2009.0,200000.0,duplicates
6500,2011.0,180025.0,kept
6995,2008.0,229000.0,kept
26590,2018.0,29047.0,duplicates
45995,2020.0,14860.0,kept
64999,2020.0,11291.0,duplicates
29990,2020.0,31657.0,kept
5999,2009.0,181200.0,kept
0,2014.0,86965.0,$0 price
39900,2017.0,107777.0,kept
9100,2014.0,53287.0,kept
9999,2007.0,193835.0,kept
6800,2011.0,102074.0,kept
2000,2005.0,50000.0,kept
5995,2014.0,139882.0,kept
20998,2017.0,73135.0,duplicates
0,2019.0,64951.0,$0 price
2490,2008.0,232323.0,missing title
53000,2017.0,180000.0,kept
14000,2008.0,134000.0,kept
33000,2017.0,52768.0,kept
9000,2009.0,125100.0,kept
19250,2011.0,79850.0,kept
29999,2011.0,200785.0,duplicates
16500,2012.0,93899.0,kept
8900,2007.0,107000.0,kept
6995,2014.0,118617.0,kept
18990,2015.0,49850.0,kept
8999,2014.0,76167.0,duplicates
27995,2012.0,59000.0,duplicates
8995,2012.0,76757.0,kept
17590,2013.0,43536.0,duplicates
7990,2012.0,120056.0,kept
3500,2006.0,200000.0,kept
31200,2018.0,26105.0,missing title
36999,2017.0,48827.0,duplicates
55999,2017.0,28090.0,kept
29999,2003.0,149957.0,duplicates
71999,2019.0,39462.0,kept
4900,2007.0,144300.0,kept
100000,2006.0,89000.0,kept
43590,2020.0,12012.0,duplicates
4600,2008.0,197000.0,kept
16900,2013.0,170970.0,kept
12596,2012.0,59138.0,kept
4999,2006.0,136772.0,duplicates
33944,2015.0,78567.0,kept
5200,2006.0,150000.0,kept
14795,2018.0,23764.0,kept
19775,2013.0,96722.0,kept
9300,2012.0,159310.0,kept
46969,2012.0,69412.0,duplicates
29500,2016.0,67736.0,duplicates
60990,2018.0,34765.0,duplicates
0,2017.0,158398.0,$0 price
45999,2020.0,21601.0,duplicates
0,2013.0,182857.0,$0 price
0,2017.0,98801.0,$0 price
900,1994.0,243000.0,kept
22998,2019.0,18610.0,duplicates
51580,2020.0,10265.0,kept
12900,2014.0,125132.0,kept
13990,2013.0,69215.0,kept
15485,2011.0,102061.0,kept
0,2014.0,112516.0,$0 price
4500,2008.0,150670.0,kept
16600,2016.0,35439.0,kept
18997,2004.0,74174.0,duplicates
14990,2015.0,77726.0,duplicates
31590,2020.0,4510.0,duplicates
5350,2010.0,108000.0,kept
12900,2004.0,183000.0,kept
32590,2020.0,4171.0,duplicates
11500,2012.0,125000.0,kept
11995,2007.0,155800.0,kept
15300,2015.0,94000.0,kept
0,2018.0,,$0 price
20288,2015.0,48889.0,duplicates
20590,2017.0,45236.0,kept
45590,2020.0,21711.0,duplicates
4300,2003.0,162883.0,kept
33590,2014.0,57923.0,duplicates
4395,2005.0,155220.0,duplicates
40590,2018.0,33533.0,duplicates
4000,1997.0,237000.0,kept
28990,2008.0,118078.0,duplicates
15950,2011.0,92751.0,duplicates
39990,2019.0,18838.0,missing transmission
13995,2017.0,48845.0,kept
35990,2020.0,11878.0,duplicates
8999,2013.0,141631.0,kept
11200,2013.0,115850.0,kept
0,2016.0,94008.0,$0 price
8999,2009.0,139292.0,kept
11950,2012.0,90165.0,kept
27980,2014.0,55600.0,duplicates
13999,2014.0,108619.0,kept
10500,2013.0,34383.0,kept
7995,2007.0,116431.0,duplicates
24900,2012.0,128356.0,kept
2750,2007.0,249000.0,kept
11237,2016.0,76674.0,duplicates
39990,2017.0,68655.0,duplicates
0,2020.0,3952.0,$0 price
12590,2015.0,35736.0,duplicates
7999,2004.0,148072.0,kept
13995,2015.0,40912.0,kept
17000,1974.0,500.0,before 1980
33988,2016.0,37811.0,duplicates
57850,2016.0,1281.0,duplicates
18995,2008.0,1.0,bad odometer
21995,2013.0,83000.0,kept
4495,2003.0,135311.0,kept
9000,2013.0,148000.0,kept
16998,2016.0,37599.0,duplicates
37990,2015.0,28000.0,kept
30999,2019.0,53030.0,duplicates
1988,2002.0,155379.0,duplicates
14999,2012.0,123456.0,kept
29990,2016.0,24230.0,duplicates
21499,2018.0,36879.0,kept
64800,2018.0,17900.0,duplicates
36590,2016.0,22099.0,duplicates
0,2018.0,90876.0,$0 price
0,2005.0,1.0,$0 price
10900,2012.0,153639.0,kept
8500,2013.0,123105.0,duplicates
28990,2013.0,91797.0,kept
3900,2002.0,121564.0,kept
31990,2016.0,69987.0,duplicates
3990,2007.0,146000.0,kept
6400,2010.0,140629.0,duplicates
5000,2008.0,204000.0,duplicates
10900,2004.0,201000.0,duplicates
5999,2005.0,196376.0,kept
21985,2018.0,43762.0,kept
0,2021.0,290.0,$0 price
23591,2018.0,64310.0,missing transmission
28990,2020.0,9004.0,duplicates
9800,2012.0,176840.0,kept
30990,2016.0,58116.0,duplicates
23000,2010.0,285000.0,kept
4100,2009.0,123137.0,kept
21995,2014.0,119519.0,kept
7900,2012.0,113000.0,kept
7997,2008.0,152999.0,missing title
6500,2008.0,168400.0,duplicates
22590,2011.0,64742.0,duplicates
0,1957.0,1.0,$0 price
11900,2019.0,23000.0,kept
18367,2015.0,123433.0,duplicates
8980,2005.0,145483.0,kept
15590,2013.0,69626.0,duplicates
11500,2000.0,90000.0,kept
32999,2011.0,44990.0,duplicates
27423,2018.0,6980.0,kept
0,2016.0,16407.0,$0 price
2300,2004.0,212000.0,kept
15995,2015.0,149998.0,kept
5995,2015.0,120741.0,kept
0,2017.0,50150.0,$0 price
5000,2004.0,1120695.0,bad odometer
6500,1994.0,160000.0,kept
25990,2014.0,37374.0,duplicates
6950,2006.0,72315.0,duplicates
18295,2018.0,17760.0,duplicates
21590,2016.0,37793.0,duplicates
19499,2008.0,128857.0,kept
22995,2012.0,210000.0,duplicates
0,2011.0,31563.0,$0 price
20590,2020.0,1688.0,kept
36900,2009.0,29984.0,duplicates
24990,2017.0,62000.0,kept
30990,2019.0,7256.0,duplicates
27590,2018.0,32088.0,duplicates
34590,2019.0,7460.0,duplicates
32990,2019.0,6897.0,duplicates
2750,2002.0,200000.0,kept
27990,2018.0,20420.0,kept
35880,,13508.0,before 1980
20990,2020.0,6653.0,duplicates
3450,2007.0,122385.0,kept
16997,2011.0,89010.0,kept
33629,2019.0,25133.0,kept
29590,2013.0,37888.0,duplicates
12995,2009.0,93813.0,kept
5200,2006.0,113400.0,kept
7950,2012.0,155000.0,kept
29995,2016.0,64741.0,kept
8950,2010.0,67005.0,kept
10750,2018.0,36309.0,duplicates
419,2019.0,35528.0,fake price
16990,2014.0,62991.0,duplicates
10572,2015.0,55404.0,duplicates
3975,1993.0,232888.0,duplicates
5400,2008.0,114651.0,kept
15988,2016.0,81000.0,missing title
6900,2010.0,183903.0,duplicates
0,2014.0,80000.0,$0 price
3500,2003.0,206000.0,kept
33999,2017.0,28470.0,duplicates
33990,2019.0,7359.0,duplicates
43500,1968.0,43320.0,before 1980
34849,2015.0,61252.0,kept
3100,2004.0,205600.0,kept
53000,2006.0,160322.0,duplicates
46990,2019.0,14900.0,duplicates
19000,2008.0,213000.0,kept
16900,2016.0,246000.0,kept
2995,2007.0,211317.0,kept
9695,2013.0,77539.0,kept
37590,2017.0,60560.0,duplicates
4995,2009.0,125427.0,missing title
19990,2020.0,11621.0,kept
8995,2013.0,120.0,kept
15900,2014.0,122769.0,duplicates
6995,2010.0,162756.0,kept
13995,2016.0,99360.0,duplicates
23995,2018.0,75182.0,kept
57500,2021.0,903.0,kept
42788,2016.0,171593.0,duplicates
1,2014.0,140000.0,fake price
11495,2015.0,90927.0,kept
0,2012.0,105000.0,$0 price
3995,2001.0,172000.0,kept
0,2003.0,186093.0,$0 price
33900,2019.0,40849.0,kept
4699,2009.0,152539.0,kept
38900,2020.0,250.0,kept
22995,2013.0,130845.0,kept
13500,2011.0,99541.0,kept
7995,2009.0,97300.0,kept
6500,2007.0,178000.0,kept
1,2020.0,100.0,fake price
33990,2020.0,9711.0,duplicates
5500,2011.0,1000.0,kept
7950,2008.0,110042.0,duplicates
5950,2006.0,166900.0,kept
8800,2013.0,80975.0,kept
31990,2018.0,27426.0,duplicates
16995,2008.0,116000.0,kept
6900,1970.0,20000.0,before 1980
7995,2010.0,181034.0,kept
12995,2017.0,107923.0,kept
4200,1997.0,115587.0,kept
5600,2009.0,96032.0,kept
99,2017.0,59327.0,fake price
14999,2014.0,95000.0,kept
11500,2012.0,99421.0,kept
9900,2014.0,85554.0,kept
16800,2018.0,30000.0,kept
0,2018.0,48818.0,$0 price
23990,2015.0,20615.0,duplicates
18990,2018.0,33826.0,duplicates
33990,2014.0,136250.0,duplicates
12900,2009.0,125814.0,kept
0,2002.0,159000.0,$0 price
3490,2006.0,160936.0,missing title
4995,2012.0,130000.0,duplicates
9777,2010.0,143053.0,kept
12990,2016.0,81900.0,duplicates
16300,2015.0,,bad odometer
3995,1999.0,191099.0,kept
46990,2016.0,17619.0,duplicates
8000,1990.0,65000.0,kept
26990,2017.0,32403.0,duplicates
33988,2019.0,40021.0,duplicates
6980,2010.0,155173.0,kept
0,2014.0,95533.0,$0 price
331,2018.0,40473.0,fake price
10800,2014.0,115113.0,kept
9995,2010.0,88901.0,kept
1800,1986.0,67000.0,kept
18988,2019.0,13145.0,kept
18990,2012.0,36309.0,duplicates
4999,2011.0,127000.0,kept
3500,2007.0,240000.0,kept
20990,2020.0,1668.0,duplicates
7997,2005.0,26000.0,duplicates
41990,2020.0,8104.0,duplicates
9995,2008.0,99000.0,kept
32900,2011.0,60045.0,duplicates
29000,2018.0,39570.0,kept
500,2018.0,76168.0,fake price
41900,2014.0,225233.0,duplicates
32442,2020.0,1124.0,duplicates
24995,2005.0,63800.0,duplicates
42588,2018.0,22441.0,duplicates
355,2014.0,8951.0,fake price
9995,2007.0,196031.0,kept
6995,2004.0,143810.0,kept
24995,2017.0,102691.0,kept
31998,2016.0,42246.0,kept
9995,2013.0,126369.0,duplicates
35000,1966.0,90000.0,before 1980
31995,2017.0,57331.0,duplicates
7995,2011.0,54048.0,kept
36500,2016.0,14397.0,kept
2500,1990.0,128848.0,kept
3500,1999.0,179700.0,kept
15000,2015.0,93000.0,kept
14900,2014.0,72445.0,kept
0,2018.0,1819.0,$0 price
15888,1949.0,56000.0,before 1980
32950,2012.0,52320.0,duplicates
24590,2014.0,35629.0,duplicates
3500,1997.0,94000.0,kept
17995,2019.0,106006.0,duplicates
1500,2002.0,120.0,kept
13777,2013.0,120000.0,kept
20690,2019.0,14722.0,kept
30590,2015.0,30160.0,duplicates
15795,2016.0,106204.0,duplicates
6499,2014.0,92318.0,kept
4995,2008.0,140122.0,kept
17995,1965.0,65000.0,before 1980
5999,2014.0,218001.0,kept
29985,2015.0,74617.0,kept
9781,2009.0,139785.0,duplicates
7950,2012.0,107.0,kept
16599,2013.0,100343.0,kept
0,2012.0,167371.0,$0 price
12650,2013.0,122519.0,duplicates
3995,2004.0,129582.0,kept
9495,2009.0,156811.0,duplicates
18590,2018.0,13110.0,kept
900,2015.0,120000.0,fake price
36990,2017.0,16080.0,duplicates
31990,2018.0,27426.0,duplicates
29998,2019.0,19200.0,kept
18995,2011.0,107035.0,kept
0,2019.0,18100.0,$0 price
17500,1980.0,40000.0,kept
55990,2017.0,30125.0,kept
59988,2019.0,20875.0,kept
7999,2006.0,107000.0,duplicates
22590,2015.0,54439.0,duplicates
15942,2013.0,96464.0,kept
46590,2018.0,20251.0,kept
7995,2010.0,165000.0,kept
2200,2011.0,127523.0,duplicates
8900,2012.0,143100.0,duplicates
9600,2009.0,83560.0,kept
11988,2015.0,,bad odometer
14975,2011.0,177103.0,duplicates
31995,2017.0,22234.0,duplicates
14500,2012.0,135000.0,kept
8955,2012.0,123333.0,missing title
28900,2016.0,296000.0,kept
23995,2018.0,83000.0,kept
0,2015.0,67575.0,$0 price
29999,2014.0,66781.0,kept
3200,2011.0,154092.0,kept
24990,2018.0,25068.0,kept
26990,2018.0,26350.0,kept
17900,2012.0,159936.0,duplicates
23990,2018.0,22539.0,duplicates
12500,2009.0,100000.0,kept
2800,2004.0,168000.0,kept
54999,2018.0,7230.0,kept
21990,2018.0,14897.0,duplicates
31590,2018.0,18558.0,kept
29990,2016.0,17302.0,duplicates
16950,2008.0,95098.0,duplicates
31918,2019.0,40527.0,kept
27000,2012.0,69500.0,kept
3000,2017.0,123081.0,duplicates
33900,2015.0,38481.0,kept
7899,2012.0,94286.0,kept
13999,2013.0,109973.0,duplicates
23529,2020.0,5047.0,duplicates
21000,2008.0,94500.0,kept
27999,2013.0,100464.0,kept
19495,2012.0,160100.0,kept
0,2022.0,9.0,$0 price
7991,2004.0,308304.0,kept
12299,2016.0,137000.0,kept
33990,2016.0,33408.0,duplicates
7999,2013.0,124320.0,kept
29990,2018.0,20624.0,duplicates
29000,2020.0,23000.0,kept
28998,2019.0,27506.0,duplicates
3900,2010.0,109000.0,duplicates
6495,2009.0,95295.0,kept
34990,2016.0,41448.0,duplicates
73995,2017.0,17691.0,duplicates
5300,2006.0,132000.0,kept
9495,2005.0,106000.0,kept
0,2014.0,95081.0,$0 price
0,2018.0,20475.0,$0 price
35990,2016.0,35564.0,duplicates
28995,2017.0,38130.0,duplicates
0,2004.0,147274.0,$0 price
0,2018.0,41898.0,$0 price
19500,2014.0,82283.0,duplicates
4995,2004.0,168000.0,duplicates
18500,2019.0,16323.0,duplicates
12999,2015.0,119872.0,kept
32000,2008.0,240.0,kept
2990,2001.0,,bad odometer
2000,2007.0,200000.0,duplicates
26990,2020.0,31630.0,kept
18900,2013.0,34125.0,kept
4700,1995.0,117000.0,kept
5600,2006.0,222000.0,kept
8400,2007.0,113000.0,kept
0,2012.0,130272.0,$0 price
6977,2006.0,101738.0,kept
12995,2013.0,85007.0,duplicates
12000,2016.0,110772.0,kept
10995,2011.0,130337.0,duplicates
2250,2006.0,117000.0,kept
22978,2018.0,36503.0,missing title
64900,2020.0,270.0,kept
6995,2007.0,107000.0,kept
0,2021.0,,$0 price
4500,2015.0,204000.0,kept
23924,2015.0,91515.0,kept
79995,1960.0,4230.0,before 1980
4500,2008.0,200083.0,kept
2999,2006.0,189000.0,kept
9995,2002.0,218252.0,duplicates
30999,2014.0,83003.0,kept
16795,2015.0,117674.0,duplicates
25590,2020.0,1113.0,duplicates
9500,2006.0,220994.0,kept
8599,2013.0,8599.0,kept
10900,2011.0,48831.0,duplicates
16888,2016.0,73758.0,kept
4995,2009.0,169150.0,duplicates
1000,2012.0,114090.0,duplicates
30998,2017.0,35916.0,kept
4999,2007.0,168311.0,kept
5990,2008.0,135775.0,kept
22600,2017.0,101500.0,kept
5991,2000.0,246000.0,kept
2999,2005.0,264100.0,kept
26990,2019.0,40525.0,kept
35990,2018.0,8490.0,duplicates
405,2018.0,19771.0,fake price
3300,2008.0,186000.0,kept
25990,2013.0,98879.0,duplicates
1600,1995.0,207000.0,kept
19995,2012.0,53000.0,duplicates
26990,2012.0,108439.0,duplicates
24590,2016.0,36426.0,duplicates
0,2013.0,133181.0,$0 price
21000,2012.0,104000.0,kept
9999,2011.0,137325.0,duplicates
50788,2018.0,46575.0,kept
16995,2010.0,92057.0,duplicates
6500,2013.0,113731.0,duplicates
14995,2012.0,143049.0,kept
28495,2018.0,40927.0,kept
14600,2017.0,40326.0,kept
12995,2007.0,98000.0,kept
16965,2006.0,,bad odometer
39995,2014.0,131813.0,kept
79980,2015.0,3802.0,duplicates
22900,2012.0,48750.0,kept
8195,2007.0,74881.0,duplicates
25995,2013.0,78874.0,missing transmission
30590,2017.0,27288.0,duplicates
6000,1998.0,240000.0,kept
6995,2012.0,230000.0,kept
4400,2008.0,122352.0,kept
11990,2015.0,154566.0,kept
42590,2018.0,33735.0,kept
7500,2004.0,199000.0,kept
49995,2019.0,35396.0,duplicates
33590,2018.0,17907.0,kept
4300,2005.0,1840000.0,bad odometer
16997,2016.0,83000.0,duplicates
8995,2009.0,114000.0,kept
30990,2019.0,5468.0,duplicates
99,2018.0,3888.0,fake price
13988,2013.0,118432.0,duplicates
8250,2014.0,129000.0,kept
3000,2003.0,85531.0,kept
397,2018.0,69123.0,fake price
31590,2019.0,12102.0,duplicates
16499,2004.0,138500.0,kept
10800,2008.0,167000.0,kept
6299,2007.0,178000.0,kept
31990,2016.0,107597.0,missing fuel
8304,2014.0,95059.0,duplicates
29990,2017.0,14113.0,duplicates
18499,2014.0,100308.0,kept
26990,2018.0,11805.0,duplicates
24998,2020.0,32991.0,duplicates
33590,2020.0,32010.0,kept
33590,2017.0,10744.0,duplicates
9945,2013.0,112876.0,kept
31999,2016.0,123907.0,duplicates
0,2020.0,13990.0,$0 price
5750,2009.0,145000.0,kept
2800,2008.0,135378.0,kept
7900,1994.0,148000.0,kept
39990,2020.0,6500.0,duplicates
15588,2015.0,24318.0,duplicates
39900,2007.0,34708.0,kept
7895,2004.0,91000.0,kept
48817,2016.0,73692.0,kept
7995,2015.0,22250.0,kept
16590,2017.0,28558.0,kept
15990,2017.0,20667.0,duplicates
0,2017.0,112980.0,$0 price
39888,2019.0,75098.0,missing title
16999,2010.0,167740.0,duplicates
9999,2009.0,169136.0,duplicates
2995,1999.0,98561.0,kept
0,2014.0,1000.0,$0 price
43495,2014.0,47718.0,kept
9500,2011.0,160000.0,duplicates
13499,2013.0,125107.0,kept
29995,2014.0,,bad odometer
11900,2006.0,89400.0,kept
16700,2014.0,119878.0,missing title
16995,2011.0,104701.0,kept
3000,2004.0,117689.0,kept
2750,2005.0,188000.0,kept
21795,2020.0,50814.0,duplicates
13995,2016.0,89271.0,duplicates
15590,2016.0,41036.0,duplicates
600,2010.0,1000.0,fake price
10695,2013.0,62706.0,kept
5900,1994.0,46000.0,kept
19000,1966.0,10000.0,before 1980
7500,1993.0,230000.0,kept
10495,2013.0,107954.0,kept
6900,2009.0,89000.0,duplicates
0,2021.0,2021.0,$0 price
7900,2012.0,140000.0,kept
39590,2018.0,26843.0,kept
6579,2004.0,98000.0,duplicates
29990,2006.0,100509.0,duplicates
12999,2013.0,116686.0,kept
0,2016.0,79000.0,$0 price
8950,2013.0,209000.0,kept
6900,2006.0,154128.0,duplicates
7995,2011.0,118.0,kept
18590,2019.0,30819.0,kept
14450,2013.0,89526.0,kept
0,2012.0,144535.0,$0 price
43500,1968.0,43320.0,before 1980
0,2015.0,92127.0,$0 price
22000,1967.0,19653.0,before 1980
4999,1990.0,125000.0,kept
4495,2012.0,131730.0,kept
8995,2013.0,83471.0,missing fuel
7950,2014.0,94100.0,kept
9995,2008.0,138000.0,duplicates
19995,2014.0,41247.0,duplicates
8000,2005.0,220000.0,kept
37983,2016.0,47985.0,duplicates
31990,2018.0,18302.0,kept
13500,2016.0,95500.0,kept
13000,2006.0,168900.0,kept
14400,2010.0,132400.0,kept
7950,2008.0,86000.0,kept
3500,2008.0,136515.0,kept
18590,2017.0,30223.0,duplicates
11999,2015.0,106309.0,duplicates
5995,2008.0,179798.0,kept
13950,1994.0,418000.0,unknown cylinders
28888,2019.0,36334.0,duplicates
59999,2018.0,12500.0,kept
25590,2015.0,54047.0,duplicates
5200,2013.0,182000.0,kept
6221,2010.0,165675.0,duplicates
18000,2006.0,126786.0,kept
888,2011.0,100000.0,fake price
99,2019.0,26196.0,fake price
8995,2014.0,77664.0,duplicates
13995,2005.0,277123.0,kept
33986,2017.0,54231.0,duplicates
3800,2003.0,161000.0,kept
34990,2020.0,14867.0,unknown cylinders
12900,2013.0,84500.0,kept
3500,1976.0,10.0,before 1980
6650,2012.0,121705.0,kept
5000,2005.0,181700.0,kept
17000,1972.0,70000.0,before 1980
2000,2017.0,143000.0,kept
10000,1992.0,166000.0,kept
12998,2011.0,91429.0,kept
9900,2010.0,173000.0,duplicates
5995,2012.0,152000.0,duplicates
4000,2006.0,149000.0,kept
22000,2016.0,54955.0,kept
33000,2019.0,5108.0,kept
18800,2007.0,205110.0,kept
5495,2011.0,101232.0,kept
2000,2013.0,149000.0,kept
5999,2011.0,110000.0,kept
23990,2015.0,79080.0,duplicates
24995,2013.0,147376.0,kept
6499,2004.0,106902.0,kept
5450,2004.0,135000.0,kept
4995,2010.0,150884.0,kept
23995,2018.0,31143.0,kept
0,2016.0,101329.0,$0 price
39000,2015.0,60300.0,kept
38590,2019.0,11599.0,duplicates
2700,2006.0,156000.0,kept
2500,2003.0,360000.0,kept
24500,2013.0,121000.0,duplicates
8500,2014.0,153774.0,kept
34995,2017.0,138052.0,kept
15995,2011.0,99731.0,kept
37921,2018.0,38492.0,kept
38500,,34857.0,before 1980
3900,2010.0,130000.0,kept
29900,2008.0,100296.0,kept
1300,1998.0,200000.0,kept
8645,2011.0,147359.0,duplicates
18995,2016.0,146095.0,duplicates
24590,2017.0,40784.0,duplicates
39990,2020.0,10309.0,duplicates
0,2017.0,31302.0,$0 price
32990,2020.0,20205.0,duplicates
11882,2015.0,62000.0,kept
6900,2011.0,70000.0,kept
9995,2012.0,232433.0,kept
5500,2011.0,170000.0,kept
14599,2016.0,57014.0,kept
7950,2015.0,73357.0,duplicates
35499,2019.0,28542.0,kept
29995,2017.0,130587.0,kept
20951,2018.0,31063.0,kept
12800,2014.0,79.0,bad odometer
515,2017.0,39255.0,fake price
19495,2019.0,23007.0,kept
20000,2017.0,3235.0,duplicates
21250,2002.0,15996.0,duplicates
7495,2003.0,108457.0,kept
36590,2019.0,35204.0,duplicates
3800,2002.0,170000.0,kept
0,2018.0,69563.0,$0 price
1000,2018.0,115000.0,duplicates
2995,2000.0,261000.0,kept
12995,2008.0,244448.0,kept
6500,2007.0,164000.0,kept
5500,2000.0,153000.0,kept
66999,2017.0,59762.0,kept
22590,2011.0,64742.0,duplicates
7500,2008.0,196600.0,kept
49990,2020.0,3996.0,duplicates
10995,2014.0,68533.0,kept
18995,2017.0,136585.0,duplicates
15590,2011.0,85116.0,kept
0,2013.0,140000.0,$0 price
38999,2018.0,97484.0,missing fuel
28988,2018.0,26405.0,kept
3000,2005.0,220000.0,kept
16937,2011.0,27000.0,duplicates
4995,2005.0,236145.0,kept
28995,2014.0,64951.0,duplicates
14495,2015.0,43120.0,kept
24500,2016.0,55035.0,kept
109980,1965.0,462.0,before 1980
16775,2012.0,132083.0,duplicates
24999,1985.0,38460.0,kept
6995,2013.0,54624.0,kept
29999,2014.0,66276.0,kept
6400,2006.0,165000.0,kept
10500,1947.0,110000.0,before 1980
2500,2002.0,167000.0,kept
11995,2012.0,119655.0,kept
19999,2004.0,85000.0,duplicates
6595,2006.0,204995.0,kept
4950,2006.0,261835.0,duplicates
25990,2016.0,42092.0,kept
17988,2018.0,38332.0,duplicates
22777,2015.0,120272.0,kept
5700,2010.0,140000.0,kept
25988,2018.0,19260.0,kept
15997,2016.0,40715.0,duplicates
0,2018.0,10470.0,$0 price
7990,2017.0,70697.0,duplicates
0,2010.0,150000.0,$0 price
29999,2018.0,62821.0,duplicates
21950,2010.0,115265.0,kept
263,2012.0,41999.0,fake price
3995,2001.0,151505.0,duplicates
4000,2003.0,206000.0,duplicates
23777,2017.0,60587.0,duplicates
6995,2009.0,138508.0,kept
401,2017.0,33826.0,fake price
64900,,12338.0,before 1980
32590,2017.0,38471.0,duplicates
405,2018.0,47710.0,fake price
23900,2014.0,121475.0,duplicates
26995,2016.0,130776.0,kept
3000,2009.0,185000.0,kept
42995,2020.0,7136.0,kept
19495,2015.0,84194.0,kept
37640,2019.0,49092.0,duplicates
4500,2004.0,103000.0,kept
9900,2002.0,104000.0,duplicates
14900,2008.0,107000.0,duplicates
22995,2018.0,10209.0,duplicates
0,2018.0,47664.0,$0 price
16500,1968.0,28000.0,before 1980
25950,2020.0,11115.0,duplicates
5995,2009.0,144000.0,kept
5900,2010.0,,bad odometer
9500,2011.0,92000.0,duplicates
10495,2014.0,60000.0,kept
30590,2017.0,22049.0,duplicates
9800,2010.0,139700.0,kept
0,2020.0,12.0,$0 price
45995,2016.0,59753.0,duplicates
14995,2014.0,126974.0,kept
5000,1992.0,270807.0,kept
35990,2017.0,41549.0,duplicates
13895,2019.0,70422.0,kept
30415,2021.0,13.0,kept
4495,2009.0,156469.0,kept
24590,2017.0,40784.0,duplicates
0,2009.0,106470.0,$0 price
17499,2018.0,27695.0,duplicates
4499,2013.0,285000.0,kept
19699,2017.0,41377.0,kept
15900,2017.0,88568.0,missing title
39590,2017.0,10496.0,duplicates
15990,2018.0,42060.0,duplicates
13990,2016.0,61401.0,duplicates
37499,2016.0,62292.0,duplicates
27800,2018.0,28017.0,duplicates
0,2019.0,30739.0,$0 price
3995,2008.0,166200.0,kept
9500,2013.0,93574.0,kept
8945,2008.0,68781.0,duplicates
17500,1999.0,186125.0,kept
26795,2018.0,89726.0,duplicates
3500,1999.0,137000.0,kept
24995,2012.0,123000.0,kept
27590,2020.0,1309.0,duplicates
0,2016.0,37376.0,$0 price
10000,2002.0,79000.0,kept
26990,2017.0,41335.0,duplicates
299500,2018.0,3171.0,fake price
6000,2014.0,118232.0,kept
5695,2007.0,90443.0,kept
7500,2007.0,210084.0,kept
0,2018.0,15969.0,$0 price
31990,2019.0,10970.0,duplicates
29990,2017.0,30727.0,duplicates
3500,2004.0,152000.0,kept
28590,2010.0,16903.0,duplicates
33725,2016.0,57759.0,kept
4250,2006.0,140000.0,duplicates
17999,2010.0,164623.0,kept
23495,2017.0,67288.0,kept
27990,2020.0,10688.0,duplicates
23990,2017.0,28105.0,duplicates
219,2006.0,95046.0,fake price
24999,2017.0,29784.0,kept
42990,2020.0,2515.0,kept
18149,2013.0,58674.0,kept
39990,2019.0,19452.0,duplicates
18997,2008.0,136205.0,duplicates
0,2015.0,123421.0,$0 price
9950,2005.0,136000.0,kept
26999,2018.0,42481.0,duplicates
23920,2018.0,43660.0,kept
38999,2019.0,21947.0,duplicates
1,2019.0,8990.0,fake price
14120,2014.0,84679.0,kept
2000,2005.0,156093.0,duplicates
3500,2008.0,200000.0,kept
0,2004.0,108000.0,$0 price
62279,2020.0,11913.0,duplicates
15900,2011.0,63000.0,duplicates
866,2021.0,0.0,fake price
22000,2014.0,50000.0,kept
23995,2015.0,111000.0,kept
7499,2014.0,146253.0,kept
0,2015.0,121511.0,$0 price
0,2014.0,14805.0,$0 price
2995,2004.0,209204.0,kept
22990,2012.0,37725.0,duplicates
47995,2016.0,102488.0,kept
7995,2009.0,69500.0,kept
13800,2020.0,31481.0,kept
4495,2011.0,154687.0,duplicates
5488,2011.0,161880.0,duplicates
8900,2007.0,164000.0,duplicates
4495,2009.0,152796.0,duplicates
24750,2017.0,173000.0,duplicates
8995,2002.0,145083.0,kept
20995,2015.0,143790.0,kept
11499,2013.0,64000.0,duplicates
24990,2017.0,41369.0,duplicates
13495,2014.0,93763.0,duplicates
950,1990.0,140000.0,kept
7900,2008.0,156802.0,kept
24590,2017.0,36731.0,duplicates
14950,2016.0,166000.0,kept
26495,2017.0,24857.0,kept
48299,2019.0,34330.0,kept
3900,1997.0,223000.0,duplicates
2995,2003.0,219101.0,kept
6298,2012.0,88344.0,kept
11500,2011.0,124540.0,kept
14200,2014.0,137406.0,kept
7990,2008.0,153970.0,kept
4500,2005.0,170000.0,kept
53700,,35676.0,before 1980
49995,2016.0,21795.0,duplicates
12800,2013.0,102000.0,duplicates
34950,2013.0,99890.0,kept
11000,2011.0,119600.0,kept
6995,2005.0,211053.0,duplicates
44998,2014.0,59222.0,duplicates
14950,2017.0,94815.0,kept
2200,2000.0,145000.0,kept
7950,2005.0,189000.0,duplicates
95900,2020.0,9855.0,duplicates
22995,2016.0,43113.0,duplicates
23995,2015.0,76570.0,duplicates
31999,2015.0,60916.0,duplicates
33590,2018.0,30814.0,duplicates
3300,1996.0,216000.0,kept
5850,2011.0,168613.0,duplicates
4000,2002.0,120500.0,kept
54997,2018.0,60006.0,kept
5490,2010.0,92177.0,kept
4000,2002.0,129701.0,kept
4400,2008.0,168110.0,kept
14995,2014.0,126974.0,duplicates
25000,2003.0,640000.0,bad odometer
1500,2003.0,200000.0,kept
5999,1970.0,76000.0,before 1980
7900,2008.0,115853.0,duplicates
0,2012.0,96700.0,$0 price
6495,1993.0,250000.0,kept
0,2017.0,41349.0,$0 price
14499,2015.0,93048.0,kept
58999,2007.0,14000.0,kept
0,2014.0,125703.0,$0 price
35000,1950.0,9727.0,before 1980
10999,2016.0,116847.0,duplicates
6500,2011.0,102000.0,kept
6900,2011.0,85000.0,kept
17990,2018.0,31700.0,kept
17999,2014.0,123456.0,kept
10995,1979.0,92291.0,before 1980
19998,2018.0,39758.0,kept
4250,2003.0,164212.0,kept
4000,2001.0,313000.0,kept
12900,2008.0,147096.0,kept
15590,2012.0,71123.0,duplicates
55487,2019.0,19090.0,kept
39590,2018.0,13181.0,kept
35990,2014.0,42213.0,duplicates
9999,2004.0,184000.0,kept
29995,2017.0,28110.0,kept
6995,2011.0,107229.0,kept
6823,2006.0,59206.0,kept
19990,2018.0,14544.0,kept
400,1998.0,178000.0,fake price
9000,2002.0,152725.0,kept
0,2017.0,96622.0,$0 price
17922,2015.0,48210.0,kept
6498,2008.0,142651.0,kept
38900,2016.0,47871.0,kept
35590,2018.0,41176.0,duplicates
10000,1985.0,517214.0,bad odometer
6995,2008.0,115988.0,kept
29900,2012.0,27114.0,kept
18999,2014.0,132497.0,kept
5495,2017.0,240000.0,kept
35995,2015.0,43868.0,missing fuel
28995,2017.0,47649.0,kept
12995,2013.0,85311.0,kept
19990,2013.0,71993.0,kept
13590,2015.0,41899.0,duplicates
35990,2018.0,40831.0,duplicates
18999,2015.0,92229.0,kept
16590,2018.0,22248.0,duplicates
20323,2015.0,87675.0,kept
34999,2014.0,88497.0,duplicates
32990,2020.0,19728.0,unknown cylinders
60645,2020.0,5292.0,duplicates
9995,2014.0,2000.0,kept
6000,2003.0,196500.0,kept
10500,2015.0,106215.0,kept
4500,1954.0,60000.0,before 1980
13495,2016.0,30.0,bad odometer
0,2017.0,30215.0,$0 price
13488,2011.0,91116.0,kept
17995,2016.0,137888.0,kept
30990,2019.0,16161.0,duplicates
25990,2016.0,54620.0,kept
21990,2010.0,16337.0,duplicates
8999,2016.0,44024.0,kept
7900,2011.0,110000.0,kept
17950,2015.0,128000.0,duplicates
10495,2016.0,205315.0,missing transmission
49995,2019.0,127568.0,duplicates
7500,2004.0,110647.0,kept
34500,2015.0,111645.0,kept
24993,2011.0,157439.0,duplicates
3999,2001.0,97378.0,kept
7495,2010.0,123919.0,kept
31990,2017.0,19366.0,duplicates
31999,2019.0,26350.0,kept
18999,2018.0,48906.0,kept
14744,2013.0,122612.0,duplicates
31800,2014.0,93423.0,duplicates
36488,2013.0,126115.0,kept
16995,2011.0,129000.0,duplicates
3950,2004.0,72000.0,kept
11999,2007.0,17489.0,kept
33264,2019.0,40412.0,duplicates
12590,2010.0,86677.0,kept
19990,2012.0,29993.0,duplicates
8995,2013.0,105873.0,duplicates
64999,2016.0,75743.0,duplicates
540,2019.0,21325.0,fake price
17990,1986.0,1.0,bad odometer
5990,2009.0,162000.0,kept
16294,2015.0,108633.0,kept
9990,2015.0,91665.0,kept
53000,2016.0,27000.0,kept
36541,2016.0,26502.0,kept
5000,2005.0,105000.0,kept
3900,2001.0,169245.0,kept
20995,2011.0,109905.0,duplicates
7450,2007.0,117000.0,kept
25990,2018.0,26115.0,duplicates
39777,2018.0,32602.0,duplicates
17590,2020.0,40166.0,duplicates
370,2016.0,50244.0,fake price
4950,2007.0,199766.0,kept
50000,1987.0,29848.0,kept
5990,2010.0,111629.0,duplicates
18995,2020.0,70688.0,kept
0,2008.0,,$0 price
23995,2017.0,46440.0,kept
6500,2012.0,107286.0,kept
41999,2018.0,16739.0,duplicates
2700,2008.0,170000.0,kept
63995,2020.0,21240.0,duplicates
29990,2003.0,54703.0,duplicates
22995,2018.0,27153.0,duplicates
17897,2015.0,91067.0,kept
0,2021.0,74.0,$0 price
1,2014.0,140000.0,fake price
5900,2007.0,115342.0,kept
8200,2010.0,160000.0,kept
41000,2019.0,29288.0,duplicates
2500,2008.0,129356.0,kept
17577,2007.0,123214.0,kept
26500,2004.0,289000.0,kept
20590,2013.0,75573.0,duplicates
16688,2016.0,89870.0,duplicates
0,2004.0,131081.0,$0 price
0,2014.0,104091.0,$0 price
18498,2008.0,7777777.0,bad odometer
17995,2019.0,16660.0,kept
25495,2019.0,38002.0,kept
10998,2016.0,73455.0,duplicates
30000,2015.0,135423.0,duplicates
9288,2007.0,180940.0,kept
4500,2008.0,120000.0,kept
17450,2013.0,143300.0,duplicates
6350,2005.0,148000.0,kept
0,2014.0,60041.0,$0 price
29990,2016.0,44339.0,duplicates
6995,2011.0,148000.0,duplicates
22995,2017.0,82311.0,duplicates
5950,2001.0,,bad odometer
15950,2000.0,68412.0,duplicates
6500,2002.0,150000.0,duplicates
29990,2017.0,28680.0,duplicates
12499,2013.0,95690.0,kept
32590,2016.0,7354.0,duplicates
10900,2015.0,123000.0,kept
8900,2012.0,83422.0,kept
33397,2021.0,2.0,duplicates
7500,2008.0,123000.0,kept
25198,2018.0,20006.0,kept
2900,2008.0,260300.0,kept
3849,2002.0,124156.0,kept
22896,2015.0,88671.0,kept
7900,2007.0,197046.0,duplicates
2000,2013.0,74000.0,kept
22590,2011.0,64742.0,duplicates
8950,1986.0,38000.0,kept
9999,2006.0,58000.0,kept
6700,2013.0,141114.0,kept
17995,2009.0,150915.0,kept
13860,2012.0,119668.0,kept
11995,2011.0,85559.0,duplicates
4200,2006.0,150.0,kept
23990,2011.0,108670.0,duplicates
0,2016.0,32433.0,$0 price
0,2012.0,110055.0,$0 price
11807,2015.0,61863.0,kept
21999,2018.0,82922.0,duplicates
35990,2020.0,6933.0,duplicates
24399,2014.0,89968.0,duplicates
0,2015.0,52300.0,$0 price
23995,2014.0,109000.0,duplicates
5900,2011.0,154000.0,kept
41990,2020.0,8104.0,duplicates
4000,2009.0,218000.0,duplicates
9995,2005.0,171509.0,duplicates
549,2016.0,45000.0,fake price
24988,2019.0,83172.0,duplicates
32988,2013.0,147854.0,duplicates
14900,2013.0,96000.0,kept
1350,2004.0,180000.0,kept
78900,2020.0,24.0,duplicates
14900,2010.0,120433.0,duplicates
7000,2008.0,153500.0,kept
9999,2015.0,127651.0,kept
13995,2016.0,89271.0,duplicates
13500,2008.0,177000.0,kept
21700,2014.0,88061.0,kept
5995,2006.0,185100.0,kept
29590,2019.0,60984.0,duplicates
14790,2019.0,33420.0,kept
8900,2016.0,71914.0,kept
15999,2010.0,98000.0,kept
14500,2008.0,100000.0,duplicates
29999,2015.0,146665.0,duplicates
6995,2013.0,144344.0,kept
2400,2006.0,271000.0,kept
24500,2013.0,121000.0,duplicates
1999,2011.0,150000.0,kept
21990,2018.0,4988.0,duplicates
11998,2015.0,86841.0,kept
39590,2019.0,21014.0,duplicates
20995,2008.0,129427.0,duplicates
7000,1973.0,85000.0,before 1980
9800,1987.0,277000.0,kept
16990,2017.0,17186.0,duplicates
13990,2008.0,219000.0,kept
7995,2006.0,131955.0,kept
13495,2015.0,43241.0,duplicates
7950,2012.0,156553.0,kept
2800,2002.0,203256.0,kept
5500,2007.0,155157.0,kept
21995,2008.0,97812.0,kept
32990,2017.0,10193.0,duplicates
3700,2003.0,163000.0,kept
13900,2013.0,78438.0,kept
2000,2002.0,130000.0,kept
12950,2013.0,96197.0,duplicates
2500,1999.0,130000.0,kept
17995,2011.0,140952.0,duplicates
9500,2014.0,69000.0,kept
2899,2000.0,163913.0,kept
33990,2018.0,21619.0,duplicates
19500,2014.0,99075.0,missing title
4250,2005.0,170374.0,kept
18533,2013.0,87443.0,duplicates
17995,2018.0,31000.0,duplicates
32998,2019.0,100158.0,duplicates
6000,1998.0,174777.0,kept
20590,2013.0,71987.0,duplicates
33500,2001.0,27294.0,kept
0,2019.0,40979.0,$0 price
23244,2020.0,10683.0,kept
22995,2017.0,76520.0,duplicates
36990,2015.0,51677.0,duplicates
2500,2011.0,200516.0,duplicates
0,2009.0,134937.0,$0 price
31590,2019.0,12656.0,kept
22999,2017.0,22179.0,duplicates
26590,2017.0,54177.0,duplicates
1900,2004.0,200000.0,kept
23990,2015.0,57304.0,duplicates
52000,2019.0,37693.0,duplicates
10988,2006.0,0.0,bad odometer
0,2012.0,86490.0,$0 price
10498,2003.0,132198.0,duplicates
0,2013.0,99423.0,$0 price
0,2017.0,106179.0,$0 price
5900,2010.0,133000.0,kept
14745,2015.0,96092.0,kept
9980,2011.0,100565.0,kept
0,2017.0,22626.0,$0 price
65961,2020.0,36531.0,duplicates
10499,2006.0,197518.0,kept
9500,2016.0,78300.0,kept
42990,2014.0,31973.0,kept
13999,2012.0,65012.0,kept
43590,2019.0,9703.0,duplicates
9999,2011.0,137000.0,kept
15800,2010.0,171000.0,kept
37990,2019.0,337.0,duplicates
38300,2020.0,7540.0,duplicates
5999,2012.0,118000.0,kept
5900,2014.0,100000.0,kept
10990,2013.0,81557.0,duplicates
13950,2016.0,145000.0,kept
7975,2013.0,139000.0,duplicates
23888,2017.0,104582.0,duplicates
52995,2018.0,53093.0,kept
18999,2019.0,4020.0,kept
7500,2013.0,77460.0,kept
15990,2012.0,77111.0,kept
11288,2012.0,83162.0,duplicates
3499,2001.0,238956.0,duplicates
4995,2012.0,124670.0,duplicates
3200,1997.0,130000.0,kept
4295,2009.0,90234.0,kept
32990,2011.0,45858.0,duplicates
6700,2015.0,79447.0,duplicates
0,2019.0,49880.0,$0 price
29590,2019.0,14535.0,duplicates
50000,1966.0,19566.0,before 1980
24999,2017.0,39526.0,duplicates
29999,2012.0,95000.0,kept
40990,2014.0,53263.0,duplicates
5250,2012.0,156000.0,duplicates
0,2016.0,0.0,$0 price
32990,2017.0,10193.0,duplicates
15998,2021.0,39.0,kept
5499,2009.0,159023.0,kept
49990,2015.0,41631.0,duplicates
13900,2007.0,175000.0,kept
35000,2018.0,43827.0,kept
6500,2004.0,197600.0,kept
24800,2008.0,209000.0,duplicates
43990,2019.0,1987.0,kept
10950,2009.0,191955.0,duplicates
8995,2015.0,91953.0,missing title
12472,2012.0,115084.0,kept
8999,2011.0,193066.0,kept
10900,2015.0,60576.0,missing title
8999,2010.0,143074.0,kept
7877,2016.0,108881.0,duplicates
4399,2009.0,176558.0,kept
6995,2006.0,158129.0,kept
23990,2016.0,40768.0,duplicates
20590,2017.0,36436.0,duplicates
32995,2017.0,65290.0,duplicates
6980,2006.0,132223.0,kept
7500,2010.0,92247.0,missing fuel
9999,2016.0,104061.0,kept
14995,2009.0,135888.0,duplicates
12994,2016.0,78637.0,missing title
29771,2015.0,61643.0,duplicates
888,2013.0,100000.0,fake price
5477,2007.0,171133.0,kept
6800,2010.0,118000.0,kept
35990,2016.0,18955.0,duplicates
8995,2006.0,122409.0,kept
18500,2015.0,170.0,kept
24750,2017.0,37869.0,kept
2750,2006.0,151926.0,kept
23590,2019.0,10477.0,kept
12995,2019.0,27000.0,kept
22995,,8177.0,before 1980
10850,2010.0,187799.0,kept
16990,2014.0,44473.0,duplicates
289,2021.0,10.0,fake price
0,2017.0,63635.0,$0 price
0,2019.0,35911.0,$0 price
7700,2013.0,97533.0,duplicates
18750,2005.0,161087.0,duplicates
23800,2016.0,87700.0,kept
17990,2012.0,93185.0,duplicates
25499,2016.0,92206.0,duplicates
4000,2006.0,138000.0,kept
16995,2007.0,107465.0,kept
275,2017.0,74950.0,fake price
51999,2018.0,64530.0,duplicates
0,2019.0,25626.0,$0 price
159,2016.0,126808.0,fake price
21980,2013.0,109972.0,kept
12911,2017.0,67395.0,kept
32990,2020.0,15588.0,unknown cylinders
25800,2015.0,60000.0,kept
6200,2013.0,112553.0,kept
26999,2008.0,97693.0,duplicates
19590,2018.0,24206.0,kept
46900,,3470.0,before 1980
22590,2013.0,14169.0,duplicates
3800,2006.0,201000.0,kept
11995,2018.0,160980.0,kept
14785,2013.0,96334.0,missing title
21900,2015.0,110938.0,duplicates
16999,2011.0,55885.0,kept
12995,2012.0,83000.0,kept
12991,2014.0,112301.0,missing title
15990,2016.0,34018.0,duplicates
3995,2010.0,224692.0,duplicates
0,1903.0,,$0 price
39590,2020.0,16388.0,duplicates
14498,2014.0,74056.0,duplicates
31995,2012.0,38177.0,duplicates
39990,2019.0,8573.0,duplicates
38500,2014.0,75863.0,kept
38980,2015.0,85747.0,duplicates
4250,2004.0,103000.0,kept
1250,2007.0,191839.0,kept
49040,2021.0,7.0,missing title
3500,2010.0,139000.0,kept
30590,2019.0,21246.0,duplicates
0,2021.0,165.0,$0 price
7995,2008.0,108868.0,duplicates
29895,2019.0,20654.0,kept
21590,2018.0,65208.0,kept
35990,2016.0,18955.0,duplicates
16800,2017.0,146573.0,kept
5995,2009.0,140000.0,duplicates
12991,2009.0,64896.0,duplicates
7500,2003.0,197000.0,kept
9988,2006.0,87879.0,duplicates
0,2017.0,45669.0,$0 price
13900,2013.0,107000.0,duplicates
10300,2013.0,139209.0,kept
2000,1999.0,216000.0,kept
16937,2011.0,27000.0,kept
16500,2013.0,72000.0,duplicates
4500,2004.0,162480.0,kept
4900,1999.0,420000.0,kept
28590,2017.0,31783.0,duplicates
36900,2010.0,63000.0,duplicates
0,,35564.0,$0 price
25990,2018.0,15759.0,duplicates
19500,2017.0,39700.0,kept
10300,2008.0,113000.0,kept
9988,2002.0,,bad odometer
32590,2018.0,39505.0,duplicates
35500,2017.0,135607.0,duplicates
3550,2007.0,102000.0,kept
33500,2000.0,28000.0,duplicates
4000,2007.0,175000.0,kept
6800,2003.0,151000.0,kept
37590,2015.0,61163.0,duplicates
41590,2020.0,29010.0,duplicates
2400,1998.0,197000.0,kept
5500,2004.0,195225.0,kept
20000,2005.0,169000.0,duplicates
99,2020.0,26502.0,fake price
5300,2006.0,92200.0,kept
34999,2020.0,6300.0,kept
2000,2001.0,120000.0,kept
14995,2014.0,153730.0,duplicates
3895,2007.0,126309.0,kept
35900,2012.0,163000.0,duplicates
6999,2012.0,106253.0,kept
13767,2016.0,89332.0,kept
15990,2016.0,29652.0,duplicates
3995,2003.0,158993.0,kept
38990,2018.0,36881.0,duplicates
1999,2007.0,138000.0,kept
20000,1973.0,61000.0,before 1980
3900,2011.0,140000.0,kept
21590,2019.0,10844.0,kept
7900,2016.0,77000.0,kept
35995,2016.0,114934.0,kept
8980,2011.0,114864.0,duplicates
12995,2010.0,52498.0,duplicates
6500,2005.0,130.0,kept
19998,2010.0,128572.0,duplicates
10500,2010.0,90082.0,kept
23999,2016.0,126500.0,kept
94470,2018.0,32293.0,kept
6495,2010.0,118000.0,kept
20988,2016.0,150148.0,duplicates
14490,2012.0,75654.0,kept
35990,2020.0,3531.0,kept
37500,1968.0,99999.0,before 1980
10233,2012.0,104644.0,duplicates
39590,2017.0,10496.0,duplicates
10996,2013.0,85374.0,kept
49950,2015.0,124119.0,kept
8495,2012.0,184230.0,duplicates
5500,1983.0,79000.0,kept
36990,2017.0,15443.0,duplicates
17995,2004.0,101067.0,kept
2995,2011.0,209000.0,kept
1,2013.0,1.0,fake price
28975,2014.0,126641.0,kept
16500,2019.0,25000.0,kept
36990,2018.0,42913.0,duplicates
2650,2006.0,135183.0,kept
0,2017.0,77584.0,$0 price
10500,2008.0,130233.0,kept
18000,1996.0,190000.0,kept
16000,2006.0,176000.0,kept
3500,1988.0,116000.0,kept
12995,2011.0,191000.0,kept
5700,2013.0,69000.0,kept
38991,2020.0,10554.0,duplicates
9995,2013.0,97148.0,kept
5500,2007.0,115000.0,kept
3995,2005.0,91184.0,kept
10988,2002.0,148244.0,kept
34990,2018.0,39650.0,duplicates
22590,2020.0,10667.0,kept
8995,2011.0,141555.0,kept
0,2017.0,5148.0,$0 price
161,1998.0,156046.0,fake price
2275,2005.0,130000.0,kept
24999,2014.0,79941.0,kept
7400,2008.0,220200.0,kept
28994,2018.0,46234.0,kept
18590,2009.0,69245.0,duplicates
5995,2005.0,149577.0,kept
6800,2001.0,154000.0,kept
5995,2008.0,88000.0,kept
23995,2010.0,69557.0,kept
23395,2018.0,31740.0,kept
15590,2011.0,100409.0,duplicates
21995,2016.0,53987.0,kept
24495,2012.0,50148.0,duplicates
6500,2009.0,109790.0,missing title
14000,2016.0,54197.0,kept
5900,2006.0,234000.0,kept
9998,2010.0,154817.0,duplicates
10980,2005.0,166212.0,duplicates
45950,2011.0,74185.0,kept
33590,2016.0,55383.0,duplicates
7975,2010.0,145309.0,kept
39991,2015.0,102109.0,duplicates
9850,2002.0,51608.0,kept
28500,2017.0,34000.0,kept
15999,2018.0,61416.0,duplicates
17990,2018.0,39559.0,duplicates
53980,2019.0,30000.0,kept
28590,2018.0,35036.0,duplicates
12995,2013.0,119000.0,duplicates
14995,2014.0,138415.0,kept
13990,2015.0,43408.0,kept
21590,2017.0,36926.0,duplicates
0,2016.0,29790.0,$0 price
14990,2007.0,172611.0,kept
1,2016.0,94282.0,fake price
25000,1976.0,6672.0,before 1980
35590,2015.0,40626.0,duplicates
28999,2016.0,59762.0,duplicates
38499,2019.0,37675.0,duplicates
7000,2014.0,124000.0,kept
29990,2018.0,13859.0,duplicates
7995,2008.0,216615.0,kept
16590,2015.0,39649.0,duplicates
7995,2013.0,140836.0,duplicates
15000,2010.0,92919.0,kept
4500,2011.0,120000.0,kept
10999,2009.0,126448.0,kept
6132,2010.0,168172.0,kept
40590,2016.0,11871.0,duplicates
2500,2000.0,171000.0,kept
7988,2008.0,,bad odometer
17795,2007.0,120234.0,duplicates
27990,2017.0,26355.0,duplicates
5980,2006.0,165000.0,kept
25990,2019.0,12302.0,duplicates
142,2012.0,135915.0,fake price
12995,2016.0,100122.0,kept
0,2020.0,27890.0,$0 price
0,2017.0,98801.0,$0 price
4995,2004.0,143013.0,kept
18864,2014.0,65744.0,missing title
14546,2013.0,84112.0,duplicates
6500,1995.0,113500.0,kept
0,2020.0,744.0,$0 price
40590,2020.0,357.0,duplicates
0,2013.0,99207.0,$0 price
16990,2008.0,147476.0,duplicates
6900,2011.0,79.0,bad odometer
29990,2017.0,22947.0,duplicates
0,2018.0,55107.0,$0 price
6300,2012.0,125000.0,kept
6500,2017.0,36010.0,kept
79900,2021.0,24.0,kept
3600,1983.0,150000.0,kept
14900,1997.0,66000.0,kept
0,2015.0,99460.0,$0 price
28300,2019.0,16000.0,kept
9995,2009.0,161386.0,duplicates
9788,2014.0,130746.0,duplicates
14995,2008.0,64685.0,duplicates
5995,2009.0,163000.0,kept
17995,2015.0,122085.0,kept
15000,2013.0,101000.0,kept
9999,2013.0,106631.0,kept
12500,2012.0,95544.0,kept
9500,2010.0,139000.0,kept
7500,2008.0,53000.0,kept
8400,2001.0,166650.0,kept
27000,2017.0,135831.0,duplicates
4250,1999.0,233000.0,kept
27590,2015.0,72076.0,duplicates
10995,2011.0,171865.0,duplicates
24998,2021.0,10.0,kept
16900,2002.0,91107.0,duplicates
23990,2017.0,20416.0,duplicates
700,2006.0,111000.0,duplicates
44990,2020.0,2175.0,duplicates
18950,2017.0,18000.0,kept
5500,2003.0,155120.0,kept
47590,2020.0,4034.0,duplicates
8000,2004.0,128604.0,kept
21990,2020.0,2515.0,duplicates
11998,2007.0,154742.0,duplicates
21500,2012.0,100611.0,duplicates
39999,2018.0,22521.0,kept
31990,2013.0,69373.0,duplicates
48950,2016.0,79659.0,duplicates
35800,2019.0,101928.0,duplicates
10300,2012.0,95000.0,kept
2100,2005.0,210719.0,duplicates
0,2013.0,106073.0,$0 price
16999,2013.0,94000.0,duplicates
23990,2017.0,11947.0,kept
25990,2014.0,15575.0,duplicates
15900,2011.0,171117.0,kept
20900,2012.0,65500.0,kept
18500,2013.0,80896.0,duplicates
59981,2019.0,28180.0,kept
8699,2011.0,93492.0,kept
6000,2004.0,230000.0,kept
25990,2019.0,30739.0,duplicates
15900,2007.0,130000.0,kept
9500,2003.0,127800.0,kept
9450,2013.0,79400.0,kept
11989,2014.0,89530.0,kept
25995,2013.0,58224.0,kept
6900,2008.0,154500.0,duplicates
41590,2020.0,29010.0,duplicates
9995,2010.0,104723.0,duplicates
3000,2002.0,150000.0,kept
8900,1992.0,160065.0,duplicates
0,2013.0,79293.0,$0 price
37999,2018.0,31703.0,duplicates
28590,2017.0,102.0,duplicates
0,2012.0,9999999.0,$0 price
29590,2017.0,70760.0,duplicates
21999,2013.0,232000.0,duplicates
5500,2003.0,109000.0,kept
12995,2020.0,7940.0,kept
3000,1988.0,66952.0,kept
197999,2015.0,33875.0,kept
4800,2008.0,144000.0,duplicates
15000,1957.0,10000000.0,before 1980
6495,2004.0,99250.0,duplicates
10995,2016.0,125408.0,kept
24300,2021.0,5900.0,kept
2995,2001.0,250000.0,kept
31990,2017.0,15498.0,duplicates
14926,2017.0,44399.0,kept
25590,2015.0,35290.0,duplicates
11995,2014.0,64218.0,kept
17499,2018.0,33594.0,kept
34999,2006.0,67100.0,kept
8800,2011.0,121000.0,kept
2500,2008.0,145000.0,kept
31990,2017.0,15498.0,duplicates
13896,2013.0,25317.0,kept
2600,2004.0,212500.0,duplicates
31998,2013.0,132402.0,duplicates
15000,2016.0,65000.0,kept
35590,2020.0,6185.0,duplicates
37000,2018.0,78175.0,kept
8999,2011.0,151104.0,duplicates
22590,2018.0,4604.0,duplicates
3600,2004.0,139730.0,missing title
66990,2017.0,16489.0,duplicates
15798,2016.0,60667.0,duplicates
21995,2011.0,133660.0,kept
19500,1988.0,49288.0,duplicates
23998,2019.0,24635.0,duplicates
0,2017.0,92503.0,$0 price
13000,2013.0,100543.0,kept
0,2007.0,117124.0,$0 price
15995,2011.0,99985.0,duplicates
5995,2011.0,60652.0,kept
0,2017.0,55356.0,$0 price
19590,2018.0,27581.0,duplicates
19995,2011.0,97000.0,kept
47194,2018.0,42304.0,duplicates
11695,2016.0,57416.0,duplicates
4500,1997.0,167000.0,kept
8900,2011.0,100000.0,kept
2800,2017.0,215000.0,kept
21900,2016.0,64569.0,duplicates
4600,2009.0,119000.0,duplicates
8200,2008.0,170396.0,kept
26990,2018.0,30386.0,duplicates
13500,2004.0,187000.0,duplicates
9000,2010.0,120000.0,kept
26990,2008.0,100921.0,duplicates
36590,2020.0,3137.0,duplicates
8000,2010.0,152000.0,kept
2395,2003.0,175000.0,kept
28392,2018.0,28037.0,duplicates
23500,2017.0,52000.0,kept
27990,2020.0,10688.0,duplicates
15995,2018.0,28420.0,kept
14800,2008.0,160000.0,kept
5000,2002.0,89243.0,duplicates
8999,2013.0,74576.0,kept
37553,2015.0,36767.0,duplicates
16990,2017.0,16810.0,duplicates
21590,2016.0,37793.0,duplicates
18000,2009.0,367245.0,kept
26990,2014.0,63129.0,duplicates
4995,2005.0,61000.0,kept
20995,2011.0,102785.0,kept
21500,2010.0,60634.0,kept
10750,2011.0,71000.0,kept
5000,2008.0,1153.0,kept
13990,2013.0,179526.0,kept
4800,2008.0,162000.0,kept
14900,2014.0,49000.0,kept
9000,2009.0,220000.0,kept
10000,2004.0,112000.0,kept
6889,2012.0,153553.0,missing title
8295,2013.0,137650.0,kept
6400,2006.0,180000.0,kept
3700,2005.0,190000.0,duplicates
25299,2014.0,83649.0,duplicates
39590,2018.0,34803.0,duplicates
49999,2016.0,181612.0,duplicates
1,2016.0,68376.0,fake price
9200,1979.0,50000.0,before 1980
31990,2010.0,47496.0,kept
59700,2016.0,2522.0,duplicates
18450,2018.0,80000.0,kept
33590,2014.0,55251.0,duplicates
65999,2020.0,6278.0,duplicates
21895,2013.0,94000.0,duplicates
23998,2014.0,98528.0,kept
25706,2018.0,33969.0,kept
14995,2017.0,38000.0,duplicates
11899,2011.0,191398.0,duplicates
2929,2005.0,245659.0,duplicates
5500,2009.0,187000.0,kept
32800,2004.0,86310.0,duplicates
0,2004.0,159390.0,$0 price
18988,2010.0,71734.0,duplicates
24990,2019.0,28068.0,kept
27500,2020.0,1091.0,kept
4500,1994.0,140000.0,kept
8990,2012.0,115091.0,kept
33899,2016.0,47193.0,duplicates
37590,2020.0,7762.0,duplicates
31990,2020.0,4108.0,duplicates
6499,2011.0,128133.0,kept
29999,2012.0,59188.0,duplicates
3195,2013.0,999999.0,bad odometer
0,2012.0,,$0 price
44995,2017.0,31059.0,kept
7596,2013.0,131533.0,kept
15995,2011.0,67496.0,kept
8900,2004.0,133800.0,kept
30000,1975.0,79988.0,before 1980
14700,2013.0,125600.0,kept
16590,2015.0,46490.0,duplicates
0,2007.0,,$0 price
44875,2020.0,5641.0,kept
12500,2014.0,242151.0,kept
7500,2013.0,151000.0,kept
44995,2017.0,29534.0,duplicates
18995,2016.0,86164.0,kept
54995,2017.0,128320.0,kept
0,2015.0,100000.0,$0 price
28990,2019.0,8256.0,kept
7499,2015.0,69307.0,kept
6995,2015.0,129766.0,duplicates
6995,2009.0,109454.0,kept
1000,2021.0,123456.0,fake price
30495,2017.0,99717.0,duplicates
11950,2012.0,82282.0,kept
35990,2020.0,1548.0,duplicates
28995,2014.0,143307.0,kept
33590,2020.0,15050.0,unknown cylinders
18995,2016.0,82145.0,kept
0,2012.0,33000.0,$0 price
23990,2014.0,89664.0,duplicates
24988,2020.0,22587.0,kept
11999,2008.0,136690.0,kept
1750,2005.0,132925.0,kept
0,2011.0,165733.0,$0 price
25990,2016.0,79393.0,duplicates
5950,2010.0,107000.0,kept
11995,2015.0,78824.0,kept
15000,2016.0,78428.0,kept
35990,2020.0,3928.0,duplicates
5500,1991.0,777.0,duplicates
11950,1964.0,88000.0,before 1980
18990,2016.0,68815.0,duplicates
7800,2015.0,114000.0,kept
0,2013.0,0.0,$0 price
19791,2013.0,83156.0,kept
21590,2016.0,71390.0,duplicates
3800,2005.0,154110.0,kept
10995,2011.0,127635.0,kept
3400,1997.0,108000.0,kept
8995,2004.0,105304.0,duplicates
6995,2009.0,176000.0,duplicates
45990,2020.0,3510.0,duplicates
7495,2013.0,126647.0,duplicates
7400,2009.0,117474.0,duplicates
54999,2019.0,20223.0,missing transmission
16990,2017.0,26566.0,duplicates
16500,2015.0,67860.0,duplicates
30590,2019.0,23645.0,duplicates
6395,2014.0,107886.0,kept
1299,1998.0,255289.0,missing fuel
14995,2015.0,72745.0,kept
16337,2009.0,149757.0,kept
0,2019.0,11996.0,$0 price
37590,2018.0,16482.0,duplicates
3990,1998.0,178329.0,duplicates
3900,2005.0,179300.0,kept
18995,2016.0,52135.0,kept
43999,2015.0,97454.0,duplicates
8999,2008.0,122146.0,duplicates
4500,1949.0,150000.0,before 1980
16250,2000.0,87695.0,kept
38885,2016.0,151913.0,duplicates
38590,2011.0,30237.0,duplicates
4600,2009.0,134000.0,kept
6700,2001.0,365483.0,kept
179988,2021.0,,bad odometer
41995,2018.0,23503.0,kept
3000,2004.0,215061.0,kept
33000,2013.0,114300.0,kept
50995,2015.0,100283.0,duplicates
34995,2019.0,23853.0,kept
28990,2013.0,45804.0,duplicates
1,2013.0,66035.0,fake price
44880,,37343.0,before 1980
0,2011.0,,$0 price
27995,2019.0,9032.0,kept
17900,2015.0,98749.0,kept
29995,2016.0,85200.0,kept
4250,2007.0,198100.0,kept
30990,2017.0,23545.0,duplicates
13999,2012.0,95000.0,duplicates
9500,2013.0,86130.0,duplicates
18295,2020.0,12886.0,missing fuel
5491,2006.0,222658.0,kept
36995,2018.0,30768.0,duplicates
13495,2009.0,101328.0,kept
6995,2006.0,185445.0,duplicates
52574,2020.0,14811.0,kept
0,2016.0,75313.0,$0 price
11977,2016.0,201657.0,kept
0,2015.0,98756.0,$0 price
12850,2011.0,70000.0,kept
0,2016.0,36383.0,$0 price
34590,2017.0,20097.0,duplicates
12750,2017.0,86760.0,kept
11750,2015.0,136400.0,duplicates
3000,2004.0,140000.0,kept
11200,2011.0,100588.0,duplicates
12250,2016.0,,bad odometer
12995,2015.0,45259.0,duplicates
35995,2013.0,138271.0,duplicates
33990,2020.0,9859.0,duplicates
7300,2010.0,99503.0,kept
0,2009.0,92783.0,$0 price
6497,2009.0,154000.0,duplicates
17841,2006.0,73156.0,duplicates
14498,2017.0,106607.0,kept
35605,2020.0,4588.0,kept
8799,2014.0,57625.0,kept
4499,2008.0,124000.0,kept
19999,2012.0,86696.0,duplicates
32990,2018.0,29979.0,duplicates
23500,2011.0,36000.0,kept
10900,2018.0,25476.0,kept
3900,2008.0,110000.0,duplicates
2500,2005.0,190000.0,kept
13999,2011.0,218489.0,kept
25992,2017.0,24382.0,kept
28900,2008.0,209182.0,duplicates
15990,2016.0,40668.0,duplicates
7999,2005.0,179971.0,duplicates
27990,2018.0,30791.0,duplicates
15500,2007.0,42842.0,kept
10900,2004.0,139000.0,kept
2500,2001.0,132000.0,kept
47950,1930.0,0.0,before 1980
4000,2002.0,101000.0,kept
6995,2010.0,145069.0,duplicates
5500,2009.0,145534.0,kept
0,2014.0,87340.0,$0 price
6995,2005.0,171000.0,duplicates
32990,2018.0,27726.0,duplicates
6800,2006.0,94500.0,kept
0,2011.0,208259.0,$0 price
27500,1972.0,90011.0,before 1980
11495,2016.0,92352.0,kept
39990,2020.0,5421.0,duplicates
35900,2013.0,120037.0,kept
28989,2017.0,70941.0,duplicates
0,2017.0,97385.0,$0 price
0,2012.0,107921.0,$0 price
10999,2015.0,61511.0,kept
0,2017.0,93578.0,$0 price
63000,2021.0,1800.0,kept
3700,2009.0,160000.0,kept
7999,2016.0,109848.0,duplicates
6988,2010.0,152513.0,kept
61995,2020.0,13962.0,duplicates
10295,2016.0,83553.0,kept
8275,2006.0,206000.0,kept
5995,2011.0,85000.0,missing fuel
75000,2020.0,15100.0,kept
4950,2005.0,155401.0,kept
10995,2013.0,126898.0,kept
1800,2004.0,143226.0,kept
2000,2001.0,250000.0,kept
10995,2013.0,105300.0,kept
6500,1998.0,120000.0,kept
0,2017.0,135292.0,$0 price
43990,2020.0,2212.0,duplicates
9500,2014.0,219581.0,duplicates
14988,2010.0,97453.0,kept
11995,2007.0,89471.0,kept
44590,2020.0,12293.0,duplicates
2500,2012.0,83250.0,duplicates
0,2013.0,182857.0,$0 price
36590,2018.0,29158.0,duplicates
0,2017.0,24925.0,$0 price
15990,2010.0,48055.0,duplicates
17500,2016.0,70686.0,duplicates
8495,2015.0,178269.0,duplicates
16590,2020.0,24060.0,duplicates
11500,2017.0,36000.0,kept
39871,2018.0,9992.0,duplicates
10999,2013.0,96644.0,kept
6250,2006.0,192000.0,kept
0,2011.0,222000.0,$0 price
13997,2010.0,192424.0,missing fuel
5000,2007.0,105000.0,kept
20995,2007.0,253727.0,kept
39980,2020.0,1216.0,duplicates
0,2018.0,44204.0,$0 price
3950,2002.0,331.0,kept
0,2017.0,45100.0,$0 price
0,2015.0,116653.0,$0 price
8500,2012.0,127151.0,duplicates
7000,1999.0,179369.0,kept
14975,2015.0,60439.0,kept
2000,2009.0,113142.0,kept
1,2017.0,96220.0,fake price
4900,2011.0,135135.0,kept
161,2015.0,70956.0,fake price
15590,2012.0,101143.0,duplicates
37990,2020.0,9800.0,duplicates
3250,2010.0,137000.0,kept
10500,2007.0,173000.0,kept
0,2017.0,34288.0,$0 price
2350,2001.0,89000.0,kept
9000,1949.0,72000.0,before 1980
18995,2012.0,145892.0,duplicates
2400,1992.0,145000.0,kept
12500,2012.0,65738.0,kept
21990,2013.0,77018.0,duplicates
3950,2008.0,190000.0,kept
0,2001.0,161477.0,$0 price
44995,2017.0,83270.0,duplicates
7499,2010.0,1.0,bad odometer
18498,2018.0,16402.0,duplicates
13995,2013.0,32101.0,duplicates
16590,2016.0,50736.0,duplicates
1000,2018.0,25857.0,kept
0,2017.0,40122.0,$0 price
15990,2017.0,48195.0,duplicates
36590,2019.0,10516.0,duplicates
39500,2020.0,6533.0,kept
0,2020.0,,$0 price
500,2013.0,100000.0,fake price
1065,2021.0,0.0,fake price
3499,2003.0,175000.0,kept
14900,2014.0,90000.0,kept
13457,2014.0,35819.0,duplicates
8970,2006.0,134362.0,duplicates
2900,2016.0,97809.0,duplicates
30990,2017.0,18342.0,duplicates
18985,2013.0,81628.0,duplicates
2300,1991.0,224220.0,duplicates
8500,2007.0,135000.0,kept
3500,2000.0,212000.0,kept
19499,2017.0,46686.0,duplicates
25990,2017.0,34231.0,duplicates
4999,2010.0,146391.0,kept
6900,2006.0,192808.0,kept
188,2013.0,107249.0,fake price
39999,2018.0,47866.0,duplicates
44990,2018.0,45000.0,kept
6990,2014.0,104466.0,kept
11500,2010.0,93296.0,kept
12988,2016.0,48078.0,duplicates
29990,2016.0,76703.0,kept
29499,2014.0,55254.0,duplicates
33940,2021.0,151.0,kept
9999,2010.0,141500.0,duplicates
7000,2011.0,91000.0,kept
37990,2019.0,13537.0,duplicates
4500,2005.0,223611.0,kept
8250,2008.0,134630.0,kept
8800,1999.0,174800.0,kept
41590,2018.0,25178.0,duplicates
45000,2015.0,66600.0,kept
4250,1963.0,89696.0,before 1980
36990,2015.0,51677.0,duplicates
6850,2008.0,101000.0,kept
24900,1929.0,12500.0,before 1980
14700,2016.0,9533.0,kept
29590,2018.0,28921.0,kept
11400,2017.0,27130.0,kept
10495,2013.0,92145.0,duplicates
31998,2013.0,132402.0,duplicates
34988,2012.0,1.0,bad odometer
8900,2010.0,192000.0,duplicates
27990,2020.0,10688.0,duplicates
28500,2015.0,49319.0,duplicates
16990,2014.0,64086.0,kept
0,2011.0,162617.0,$0 price
234,2014.0,87018.0,fake price
29000,2019.0,26145.0,duplicates
10,1978.0,30749.0,before 1980
24000,1986.0,1234.0,kept
3999,2001.0,234500.0,kept
18991,2018.0,49482.0,duplicates
35590,2011.0,16796.0,duplicates
7995,2014.0,138802.0,kept
14988,2016.0,68350.0,kept
12000,2006.0,230000.0,kept
1595,2003.0,195465.0,kept
3700,2002.0,260000.0,kept
17995,2005.0,149276.0,kept
36999,2015.0,84938.0,duplicates
25990,2019.0,16284.0,duplicates
58999,2018.0,24340.0,duplicates
18995,2016.0,117658.0,kept
6995,2012.0,138265.0,kept
200,2014.0,100000.0,fake price
11995,2008.0,167974.0,duplicates
34990,2017.0,135740.0,duplicates
24950,2015.0,152373.0,duplicates
317,2017.0,28310.0,fake price
15590,2016.0,32573.0,duplicates
8999,2013.0,162000.0,kept
2200,2002.0,220000.0,kept
18590,2014.0,49370.0,duplicates
10999,2011.0,194402.0,kept
39963,2015.0,82732.0,kept
0,2017.0,52335.0,$0 price
3000,2004.0,165000.0,kept
0,2018.0,3591.0,$0 price
1,2008.0,119783.0,fake price
25590,2018.0,8666.0,duplicates
1875,2004.0,290548.0,kept
0,2008.0,226206.0,$0 price
24950,2017.0,60136.0,kept
2995,1998.0,188111.0,kept
14999,2017.0,73138.0,kept
25905,2014.0,135846.0,kept
19990,2020.0,11103.0,duplicates
7995,2011.0,142000.0,kept
16998,2011.0,121747.0,duplicates
18590,2017.0,34723.0,duplicates
752,2014.0,7506.0,fake price
25990,2013.0,98879.0,duplicates
8995,2010.0,134179.0,kept
5990,2005.0,134000.0,kept
9900,2004.0,400100.0,kept
33990,2019.0,44000.0,duplicates
19749,2018.0,38251.0,duplicates
24500,2008.0,265220.0,duplicates
20910,2018.0,22682.0,kept
4300,1981.0,85000.0,kept
3150,2003.0,135000.0,kept
8995,2012.0,151000.0,kept
6995,2014.0,100000.0,kept
3000,2004.0,235000.0,kept
43999,2015.0,97454.0,duplicates
27990,2012.0,67245.0,duplicates
900,2007.0,70000.0,duplicates
32995,2018.0,24157.0,kept
72990,2013.0,52000.0,duplicates
39999,2015.0,92000.0,kept
15000,2017.0,79010.0,kept
4499,2011.0,142112.0,duplicates
32995,2018.0,48972.0,missing fuel
6500,2012.0,85500.0,kept
34990,2018.0,13992.0,duplicates
6500,2011.0,1.0,bad odometer
2500,2009.0,101663.0,duplicates
29990,2002.0,156730.0,duplicates
19299,2017.0,67095.0,kept
1300,2005.0,252000.0,kept
29590,2017.0,70760.0,duplicates
0,2004.0,118000.0,$0 price
0,2020.0,1746.0,$0 price
3900,2012.0,186718.0,kept
36990,2018.0,17466.0,duplicates
7500,2009.0,99000.0,duplicates
19988,2013.0,74002.0,duplicates
30990,2018.0,22821.0,duplicates
13995,2017.0,122808.0,kept
13995,2015.0,66800.0,kept
26990,2016.0,60693.0,kept
7000,2010.0,76000.0,kept
6500,2007.0,130.0,kept
11995,2007.0,89417.0,kept
10995,2013.0,80559.0,missing transmission
22500,2017.0,155000.0,kept
7990,2007.0,237000.0,kept
4500,2008.0,170000.0,kept
17995,2019.0,88569.0,missing fuel
14213,2017.0,99779.0,kept
26980,2014.0,118551.0,kept
35990,2018.0,19988.0,duplicates
2600,1998.0,125000.0,kept
31590,2018.0,22550.0,kept
12995,2012.0,140963.0,duplicates
19990,2017.0,6054.0,duplicates
0,2015.0,111041.0,$0 price
38590,2018.0,25585.0,duplicates
15995,2016.0,125776.0,duplicates
19995,2015.0,87000.0,kept
34990,2020.0,5189.0,duplicates
74997,2018.0,57269.0,kept
14995,2008.0,205033.0,duplicates
0,2017.0,75469.0,$0 price
42990,2017.0,50680.0,duplicates
1500,1979.0,100000.0,before 1980
30995,2017.0,64254.0,kept
6500,2005.0,159000.0,kept
32995,2008.0,92297.0,kept
2300,2003.0,166484.0,kept
4000,2012.0,190970.0,kept
3200,2008.0,190000.0,kept
13999,2015.0,72830.0,duplicates
29500,2014.0,148800.0,kept
10000,1960.0,100000.0,before 1980
47900,2019.0,97000.0,kept
28495,2014.0,102605.0,kept
33647,2015.0,153524.0,duplicates
145,2013.0,74498.0,fake price
3000,2008.0,151631.0,kept
13250,2007.0,72005.0,kept
33590,2019.0,33424.0,duplicates
1,1993.0,150000.0,fake price
15499,2014.0,215199.0,kept
39857,2012.0,61334.0,kept
11000,2000.0,10000.0,kept
8995,2017.0,44500.0,duplicates
12999,2008.0,53762.0,kept
12399,2016.0,64781.0,kept
42988,2014.0,95498.0,kept
2500,2014.0,100000.0,duplicates
14590,2012.0,80465.0,duplicates
10500,2018.0,25000.0,kept
19998,2014.0,83079.0,duplicates
26990,2017.0,41335.0,duplicates
29999,2015.0,129602.0,kept
9999,2010.0,93000.0,kept
16990,2016.0,57687.0,duplicates
7900,2016.0,61000.0,duplicates
15995,2012.0,114738.0,kept
24555,2013.0,104482.0,kept
0,1999.0,163000.0,$0 price
52990,2014.0,15886.0,duplicates
44282,2020.0,20661.0,kept
43998,2015.0,55768.0,kept
5200,2005.0,117313.0,kept
66499,2019.0,27497.0,duplicates
25997,2015.0,43563.0,duplicates
4500,2007.0,158000.0,kept
1500,2000.0,227000.0,kept
9761,2010.0,110199.0,kept
0,2009.0,1.0,$0 price
10150,2009.0,141125.0,kept
11900,2019.0,29826.0,duplicates
42000,1994.0,11000.0,kept
3800,2006.0,130000.0,kept
0,2013.0,72100.0,$0 price
1200,2000.0,178964.0,kept
26995,2014.0,176734.0,duplicates
6000,1965.0,5.0,before 1980
1675,2004.0,185056.0,kept
24995,2010.0,29681.0,duplicates
31500,2011.0,162014.0,kept
15950,2011.0,92751.0,duplicates
4495,2007.0,113984.0,kept
18590,2016.0,36784.0,kept
29990,2020.0,5248.0,kept
29590,2017.0,70760.0,duplicates
25888,2016.0,82368.0,kept
55410,2019.0,33914.0,duplicates
6999,2013.0,163831.0,kept
0,2020.0,19537.0,$0 price
7995,2014.0,87894.0,kept
25995,2015.0,91478.0,duplicates
5800,2005.0,137450.0,kept
35990,2018.0,40831.0,duplicates
24900,2013.0,113000.0,kept
4400,2014.0,135000.0,kept
0,2011.0,90000.0,$0 price
4750,2008.0,161000.0,kept
4200,2013.0,154000.0,kept
24960,2020.0,3221.0,duplicates
6600,2013.0,50000.0,kept
4988,2005.0,204142.0,duplicates
2595,2003.0,149055.0,duplicates
18995,2019.0,46637.0,kept
1109,2020.0,28967.0,kept
0,2011.0,94860.0,$0 price
11500,2011.0,187508.0,kept
18981,2010.0,56935.0,kept
5495,2009.0,144458.0,duplicates
4500,2008.0,179123.0,kept
4995,2007.0,94603.0,duplicates
500,1999.0,211000.0,kept
6999,2011.0,124000.0,kept
5899,2010.0,124000.0,kept
9495,2009.0,0.0,bad odometer
27867,2014.0,140000.0,kept
12995,2013.0,115919.0,kept
6488,2014.0,90000.0,duplicates
22990,2013.0,95486.0,kept
6500,2014.0,119900.0,kept
36988,2020.0,5252.0,duplicates
25998,2019.0,30001.0,duplicates
29995,2007.0,113000.0,kept
6500,2011.0,143000.0,kept
50995,2016.0,109646.0,kept
17981,2012.0,104160.0,kept
3499,2005.0,196121.0,kept
39800,2005.0,27741.0,duplicates
9900,2006.0,111000.0,kept
26991,2015.0,28145.0,duplicates
2000,2005.0,213596.0,duplicates
36590,2018.0,29158.0,duplicates
0,2018.0,49349.0,$0 price
6500,2001.0,200000.0,kept
13995,2013.0,98703.0,kept
15895,2017.0,54546.0,kept
6800,2009.0,85029.0,kept
10995,2008.0,179466.0,kept
51500,2020.0,6428.0,kept
15800,2017.0,191000.0,duplicates
0,2002.0,185818.0,$0 price
35495,2018.0,24579.0,kept
21995,2018.0,73805.0,kept
30500,2018.0,62794.0,kept
23990,2017.0,23688.0,kept
0,2017.0,,$0 price
35990,2020.0,11878.0,duplicates
4200,2004.0,270000.0,kept
54950,2019.0,28207.0,kept
8998,2003.0,71500.0,kept
27991,2014.0,103891.0,kept
7995,2012.0,107255.0,kept
11500,2003.0,201000.0,kept
23111,2013.0,184691.0,kept
4750,2007.0,150000.0,kept
41980,2017.0,75571.0,duplicates
11900,2015.0,104000.0,kept
46000,2015.0,160000.0,kept
5600,2008.0,144000.0,kept
12988,2011.0,98276.0,kept
14490,2015.0,105156.0,kept
24990,2019.0,29732.0,duplicates
22990,2013.0,67266.0,kept
23995,2018.0,26039.0,kept
11991,2006.0,150258.0,missing title
27990,2016.0,46057.0,duplicates
8400,1973.0,95000.0,before 1980
8200,2009.0,185018.0,kept
3995,2005.0,125211.0,kept
31980,2017.0,48015.0,duplicates
0,2014.0,0.0,$0 price
28590,2017.0,14711.0,duplicates
16590,2016.0,52019.0,kept
11000,2004.0,121560.0,kept
1990,1997.0,234227.0,duplicates
33590,2014.0,55251.0,duplicates
6500,1998.0,101000.0,kept
12900,2012.0,93895.0,duplicates
209,2013.0,129718.0,fake price
18990,2013.0,20448.0,duplicates
42990,2020.0,9424.0,duplicates
16990,2015.0,28400.0,kept
8995,2007.0,192500.0,duplicates
0,2015.0,98234.0,$0 price
14999,2014.0,66891.0,kept
30990,2017.0,41124.0,duplicates
15590,2016.0,32573.0,duplicates
15900,2014.0,116072.0,kept
27164,2017.0,93995.0,missing title
34069,2017.0,37323.0,duplicates
45999,2018.0,20186.0,missing transmission
36590,2018.0,5837.0,duplicates
20995,2013.0,99106.0,duplicates
0,2007.0,359002.0,$0 price
16995,2007.0,270683.0,kept
33190,2019.0,27465.0,kept
49300,2020.0,5000.0,kept
4700,2011.0,150000.0,kept
8992,2007.0,106623.0,kept
5950,2013.0,124776.0,kept
33957,2019.0,22906.0,kept
6999,2012.0,153000.0,kept
8990,2004.0,142.0,kept
0,2017.0,127731.0,$0 price
27395,2015.0,87506.0,duplicates
3000,1999.0,197000.0,kept
10000,1994.0,60720.0,kept
15995,2012.0,138361.0,kept
12500,1993.0,160000.0,kept
8000,2002.0,54000.0,kept
6997,2004.0,225471.0,kept
8995,2010.0,104000.0,duplicates
47990,2018.0,96075.0,kept
7999,2009.0,132332.0,kept
20000,1939.0,1800.0,before 1980
12800,2013.0,62000.0,kept
14500,1931.0,23000.0,before 1980
7995,2005.0,82994.0,kept
40590,2013.0,57384.0,duplicates
42995,2015.0,33291.0,kept
6750,2014.0,127000.0,duplicates
4495,2007.0,150090.0,kept
29888,2017.0,35649.0,kept
2899,2005.0,141223.0,kept
44952,2015.0,153445.0,duplicates
14897,2015.0,87544.0,kept
2550,2001.0,167000.0,kept
22590,2019.0,4657.0,duplicates
10500,2014.0,97750.0,kept
299,2011.0,175423.0,fake price
10990,2012.0,117839.0,duplicates
16900,2017.0,92000.0,kept
541,2011.0,62711.0,fake price
33885,2013.0,208295.0,duplicates
0,2015.0,69630.0,$0 price
18990,2014.0,102964.0,kept
8500,2002.0,190000.0,duplicates
8900,2008.0,142000.0,kept
11900,2016.0,6363.0,duplicates
27999,2012.0,0.0,bad odometer
351,2014.0,176961.0,fake price
2495,2006.0,200000.0,kept
7550,2010.0,111000.0,duplicates
3950,2009.0,207000.0,duplicates
7990,2013.0,92000.0,duplicates
7000,1996.0,193569.0,kept
19990,2013.0,24294.0,duplicates
197,2017.0,,fake price
7000,2012.0,152690.0,kept
9999,2013.0,152132.0,kept
7999,2005.0,170000.0,duplicates
35590,2013.0,24471.0,duplicates
1500,2018.0,35222.0,kept
0,2020.0,12850.0,$0 price
6965,2009.0,173163.0,kept
0,2019.0,35005.0,$0 price
0,2015.0,135661.0,$0 price
31993,2015.0,79167.0,kept
54999,2019.0,19595.0,kept
16321,2013.0,121670.0,missing title
61590,2019.0,3364.0,kept
1500,2009.0,152058.0,kept
34944,2015.0,91271.0,duplicates
29995,2016.0,79000.0,kept
0,2018.0,28646.0,$0 price
0,2018.0,66297.0,$0 price
33950,2018.0,37989.0,kept
34980,2020.0,32923.0,duplicates
52999,2018.0,30020.0,kept
1295,2000.0,195523.0,kept
23590,2017.0,21232.0,kept
4900,2016.0,66069.0,duplicates
5900,2002.0,180000.0,duplicates
5500,2001.0,69779.0,kept
36990,2018.0,23424.0,duplicates
5500,2005.0,158373.0,kept
12995,2014.0,116060.0,kept
4500,2010.0,121000.0,kept
39900,2012.0,164000.0,duplicates
27985,2012.0,381465.0,duplicates
3500,2008.0,144219.0,duplicates
462,2017.0,84606.0,fake price
15988,2013.0,111703.0,duplicates
26590,2018.0,19506.0,kept
14599,2017.0,17130.0,duplicates
6000,2013.0,150000.0,kept
5990,2001.0,116000.0,kept
0,2013.0,71972.0,$0 price
17990,2016.0,19987.0,duplicates
10550,2016.0,113448.0,duplicates
10988,2016.0,,bad odometer
5995,2015.0,202681.0,duplicates
29700,2016.0,70756.0,kept
5999,2007.0,111416.0,kept
19590,2017.0,18017.0,duplicates
8499,2007.0,127000.0,duplicates
73950,2021.0,2650.0,kept
15000,2011.0,75000.0,kept
27900,2015.0,107297.0,kept
16321,2016.0,74360.0,kept
5000,2015.0,119000.0,kept
48995,2016.0,98093.0,kept
30000,2013.0,27316.0,kept
10500,2003.0,190000.0,kept
0,2013.0,,$0 price
5400,2013.0,155000.0,duplicates
45990,2020.0,4157.0,duplicates
39590,2019.0,18456.0,duplicates
0,2017.0,135292.0,$0 price
28997,2007.0,94990.0,duplicates
0,2015.0,89950.0,$0 price
10500,2018.0,69000.0,kept
4300,2006.0,153550.0,kept
28900,2020.0,2207.0,duplicates
24900,2019.0,31871.0,kept
16995,2016.0,142943.0,kept
5995,2009.0,159711.0,duplicates
0,2015.0,50201.0,$0 price
4877,2002.0,110080.0,kept
17495,2019.0,43213.0,duplicates
12500,2014.0,69915.0,kept
12572,2013.0,120552.0,duplicates
6995,2013.0,123203.0,duplicates
25299,2019.0,25093.0,kept
9299,2013.0,87146.0,missing title
34999,2013.0,34398.0,kept
24900,2012.0,193000.0,duplicates
12000,2004.0,168000.0,kept
13500,2015.0,82777.0,duplicates
18590,2013.0,28493.0,duplicates
9785,2012.0,111727.0,kept
32999,2012.0,186676.0,duplicates
1,2015.0,100000.0,fake price
13990,2016.0,109122.0,duplicates
34590,2016.0,29499.0,duplicates
17495,2018.0,103088.0,kept
40990,2017.0,31843.0,duplicates
29990,2016.0,17302.0,duplicates
8990,2014.0,110051.0,kept
51325,2020.0,5503.0,duplicates
22950,2017.0,108355.0,duplicates
2700,2003.0,177000.0,duplicates
13173,2017.0,106730.0,missing title
9400,2013.0,,bad odometer
337,2018.0,59252.0,fake price
33995,2018.0,122390.0,duplicates
10000,2003.0,68550.0,kept
4450,2005.0,187477.0,duplicates
0,2019.0,52469.0,$0 price
28997,2017.0,145007.0,duplicates
31990,2013.0,55068.0,duplicates
15990,2016.0,34439.0,duplicates
1999,2003.0,0.0,bad odometer
4995,2007.0,144230.0,duplicates
4400,2003.0,193058.0,duplicates
5500,2010.0,208000.0,kept
25950,2016.0,57227.0,kept
15997,2012.0,144159.0,kept
4990,2002.0,173000.0,kept
27995,2017.0,111952.0,duplicates
0,2011.0,121360.0,$0 price
39990,2019.0,8373.0,duplicates
14590,2012.0,80465.0,duplicates
0,2018.0,36523.0,$0 price
38590,2015.0,24164.0,duplicates
4995,2005.0,201561.0,kept
11995,2015.0,29320.0,missing title
8995,2006.0,150435.0,duplicates
19965,2017.0,36624.0,kept
40990,2014.0,53263.0,duplicates
13992,2014.0,110187.0,kept
15499,2003.0,94950.0,kept
3595,2001.0,112750.0,kept
21590,2018.0,39173.0,kept
8000,2016.0,42356.0,kept
4999,2003.0,197000.0,kept
29968,2014.0,97561.0,duplicates
1500,2001.0,237000.0,kept
33883,2017.0,1.0,bad odometer
2200,1963.0,100000.0,before 1980
6500,2008.0,135656.0,kept
4500,2007.0,140000.0,kept
24900,2017.0,20000.0,kept
4990,2009.0,114200.0,kept
10995,2015.0,79000.0,kept
38990,2019.0,15520.0,duplicates
21990,2016.0,41251.0,duplicates
40698,2020.0,24520.0,kept
15590,2012.0,55110.0,duplicates
10999,2009.0,217586.0,kept
42995,2014.0,130630.0,duplicates
3499,2008.0,143915.0,kept
4000,2007.0,225000.0,kept
6900,2013.0,213577.0,duplicates
5200,2004.0,138400.0,kept
49500,2016.0,23621.0,kept
13500,2015.0,44000.0,kept
29595,2018.0,12705.0,kept
27990,2015.0,56080.0,duplicates
5800,2010.0,109000.0,kept
22999,2007.0,207000.0,duplicates
7950,2013.0,112000.0,kept
19990,2014.0,126092.0,duplicates
27500,2014.0,109000.0,kept
23977,2016.0,33309.0,duplicates
2600,2002.0,145000.0,kept
9999,2012.0,150000.0,kept
32990,2017.0,29322.0,duplicates
27590,2019.0,7080.0,duplicates
26995,2013.0,143722.0,kept
32985,2021.0,9.0,kept
33590,2018.0,37153.0,duplicates
11995,2018.0,68135.0,duplicates
26990,2016.0,75734.0,duplicates
15450,2013.0,106406.0,kept
39990,2019.0,15352.0,kept
23998,2018.0,48482.0,duplicates
4995,2010.0,141000.0,kept
8000,2012.0,125000.0,kept
10,1993.0,1111.0,fake price
17995,2014.0,224100.0,kept
37997,2016.0,56243.0,duplicates
4950,2000.0,115400.0,kept
20590,2013.0,57181.0,duplicates
25000,2009.0,82294.0,duplicates
7499,1999.0,178597.0,kept
5600,2007.0,126545.0,kept
2000,2013.0,70000.0,duplicates
12497,2012.0,150300.0,duplicates
1700,2012.0,1.0,bad odometer
35990,2018.0,8490.0,duplicates
1,1991.0,100000.0,fake price
145,2004.0,79985.0,fake price
35590,2018.0,19458.0,duplicates
13688,2005.0,44306.0,duplicates
3300,2002.0,153000.0,kept
0,2016.0,9000.0,$0 price
47995,2019.0,71047.0,kept
31999,2018.0,114857.0,kept
16975,2013.0,87388.0,kept
18900,2012.0,114000.0,kept
16800,2014.0,85000.0,kept
1500,2004.0,255190.0,kept
6250,2012.0,134000.0,kept
7495,2010.0,131817.0,kept
17990,2020.0,7389.0,duplicates
21990,2013.0,77018.0,duplicates
0,2015.0,50000.0,$0 price
13998,2017.0,81876.0,kept
34999,2018.0,41000.0,kept
26990,2016.0,14230.0,duplicates
66900,2021.0,13.0,missing title
10000,2006.0,1150000.0,bad odometer
30990,2019.0,7256.0,duplicates
35000,2017.0,60840.0,duplicates
33500,2013.0,60750.0,kept
12200,2017.0,42764.0,kept
14995,2018.0,73116.0,kept
8499,2010.0,105717.0,duplicates
16500,2005.0,178731.0,duplicates
5900,2012.0,157890.0,kept
48500,2016.0,109000.0,kept
17933,2020.0,3218.0,kept
47590,2020.0,31181.0,duplicates
8990,2015.0,127000.0,kept
5200,2007.0,178000.0,kept
1999,1998.0,291000.0,kept
36590,2019.0,17647.0,duplicates
0,2015.0,106195.0,$0 price
12000,1970.0,91000.0,before 1980
2500,1997.0,106000.0,kept
10995,2011.0,172169.0,kept
15500,2005.0,30000.0,kept
10995,2005.0,278627.0,kept
1500,2007.0,170000.0,kept
11499,2012.0,116700.0,duplicates
16495,2018.0,42549.0,kept
34999,2017.0,27525.0,duplicates
129,2016.0,60754.0,fake price
7550,2015.0,73269.0,duplicates
19998,2016.0,66328.0,duplicates
37590,2019.0,41725.0,duplicates
3800,2005.0,135000.0,kept
0,2016.0,69394.0,$0 price
14990,2019.0,7007.0,duplicates
2100,2002.0,260000.0,kept
8995,2002.0,143802.0,kept
12995,2010.0,136022.0,kept
4200,2003.0,253000.0,kept
13995,2009.0,35706.0,kept
3350,2004.0,151459.0,kept
19999,2015.0,94023.0,kept
10295,2016.0,130011.0,kept
8700,2012.0,131281.0,kept
35900,2018.0,9000.0,kept
7995,2008.0,232600.0,kept
405,2018.0,19771.0,fake price
19590,2012.0,48086.0,duplicates
3400,2006.0,164322.0,kept
21990,2019.0,12787.0,duplicates
2500,2000.0,246000.0,kept
4500,2008.0,80000.0,kept
13990,2013.0,109000.0,duplicates
21509,2017.0,45717.0,duplicates
35990,2020.0,1548.0,duplicates
4200,2014.0,117000.0,kept
26990,2017.0,40529.0,duplicates
17498,2015.0,91369.0,missing fuel
51025,2018.0,19711.0,kept
25590,2018.0,8666.0,duplicates
29950,2017.0,70541.0,duplicates
37999,2016.0,151913.0,duplicates
14990,2016.0,65203.0,duplicates
1500,2008.0,165000.0,kept
21590,2014.0,53462.0,duplicates
32990,2017.0,10193.0,duplicates
7000,2007.0,280000.0,kept
23562,2019.0,31043.0,kept
15111,2017.0,28003.0,kept
9995,2012.0,114785.0,kept
59999,2015.0,39500.0,kept
17590,2019.0,29736.0,duplicates
5500,2002.0,57000.0,kept
0,2015.0,55.0,$0 price
26590,2020.0,9954.0,duplicates
59990,2019.0,8930.0,duplicates
20590,2013.0,57181.0,duplicates
19999,2008.0,122304.0,kept
34999,2018.0,14167.0,duplicates
7400,2014.0,107179.0,duplicates
19997,2014.0,125004.0,kept
4500,1994.0,78000.0,kept
11000,2014.0,117472.0,kept
33590,2018.0,30814.0,duplicates
13995,2015.0,12260.0,kept
9690,2006.0,184595.0,duplicates
27590,2017.0,23596.0,duplicates
14999,2017.0,72036.0,duplicates
17800,2014.0,137000.0,kept
1500,2015.0,56876.0,duplicates
40000,1951.0,100.0,before 1980
52988,2017.0,61596.0,kept
4800,2008.0,149466.0,duplicates
12700,2018.0,74890.0,kept
18590,2020.0,11016.0,kept
9900,2010.0,139109.0,duplicates
14777,2018.0,86508.0,kept
21988,2005.0,7570.0,kept
0,2017.0,15796.0,$0 price
15000,2011.0,171052.0,kept
24990,2014.0,52396.0,duplicates
8995,2013.0,107517.0,kept
69999,2015.0,20000.0,kept
15995,2007.0,102979.0,duplicates
6990,2010.0,162853.0,kept
37590,2018.0,12608.0,duplicates
16995,2011.0,58636.0,kept
0,2020.0,2859.0,$0 price
0,2010.0,155000.0,$0 price
13777,2013.0,104339.0,duplicates
64995,2017.0,29979.0,duplicates
39990,2018.0,44054.0,duplicates
8995,2011.0,133063.0,duplicates
48590,2017.0,33133.0,duplicates
7595,2015.0,101421.0,duplicates
44990,2016.0,94498.0,duplicates
15999,2016.0,90873.0,missing fuel
20590,2020.0,3610.0,kept
40990,2018.0,54431.0,duplicates
22900,2014.0,53551.0,duplicates
7200,2004.0,86320.0,kept
20499,2016.0,125842.0,kept
39990,2018.0,15688.0,duplicates
9900,2010.0,113260.0,duplicates
32990,2019.0,35899.0,duplicates
6995,2005.0,205535.0,kept
10998,2016.0,73455.0,duplicates
10495,2015.0,142000.0,kept
32590,2018.0,29109.0,kept
7950,2009.0,130000.0,kept
14259,2019.0,24110.0,duplicates
37590,2015.0,61163.0,duplicates
5500,2006.0,237000.0,kept
6500,2002.0,139000.0,kept
12979,2014.0,94782.0,duplicates
17488,2018.0,53660.0,missing title
18550,2018.0,173000.0,kept
9995,2008.0,169501.0,duplicates
8499,2011.0,153837.0,kept
15995,2013.0,100809.0,kept
27296,2018.0,28510.0,kept
36590,2020.0,8977.0,duplicates
36261,2016.0,19984.0,duplicates
17995,2014.0,69910.0,duplicates
5998,2003.0,125000.0,kept
9499,2015.0,132698.0,kept
4000,2017.0,50705.0,duplicates
12750,2017.0,78609.0,kept
43999,2018.0,2262.0,duplicates
0,2015.0,61443.0,$0 price
2750,2008.0,232000.0,kept
0,2015.0,65692.0,$0 price
5800,2010.0,151000.0,kept
10999,2013.0,101048.0,missing title
7999,2003.0,184440.0,kept
0,2016.0,52396.0,$0 price
28590,2017.0,32918.0,kept
0,2018.0,46314.0,$0 price
5000,2014.0,147755.0,duplicates
21995,2017.0,91970.0,kept
8725,2015.0,127000.0,missing title
0,2014.0,133343.0,$0 price
0,2018.0,49772.0,$0 price
16590,2014.0,86919.0,duplicates
6600,2008.0,98000.0,kept
13500,2010.0,72119.0,kept
0,2016.0,51757.0,$0 price
20950,2017.0,67821.0,kept
28590,2017.0,29324.0,duplicates
6600,2006.0,151225.0,kept
3000,2003.0,150000.0,kept
0,2011.0,105720.0,$0 price
0,2016.0,62958.0,$0 price
5988,2011.0,122576.0,duplicates
5990,2011.0,158977.0,duplicates
6695,2011.0,100000.0,kept
18852,2017.0,89675.0,kept
3995,2007.0,126612.0,duplicates
7950,2007.0,122000.0,kept
14995,2011.0,141203.0,kept
15493,2010.0,136145.0,kept
499,2019.0,77000.0,fake price
29790,2018.0,37579.0,kept
8995,2006.0,84765.0,kept
8450,2009.0,67421.0,duplicates
350,2019.0,16961.0,fake price
16450,2017.0,87978.0,kept
19900,2016.0,85000.0,kept
39900,1969.0,24000.0,before 1980
26950,2017.0,27769.0,kept
27995,2010.0,122629.0,duplicates
21988,2012.0,120112.0,duplicates
8499,2013.0,73498.0,kept
4981,2009.0,149242.0,duplicates
31590,2017.0,30577.0,duplicates
6900,2010.0,183903.0,kept
1988,2005.0,145820.0,kept
0,2008.0,,$0 price
24950,2017.0,82066.0,kept
12995,2005.0,290000.0,kept
1500,2006.0,163820.0,duplicates
0,2009.0,110000.0,$0 price
17650,2004.0,92800.0,kept
18995,2015.0,145701.0,kept
30000,2015.0,135423.0,duplicates
17990,2015.0,66241.0,kept
21590,2012.0,100655.0,kept
32000,2017.0,40575.0,kept
44952,2016.0,28852.0,kept
39197,1948.0,0.0,before 1980
3400,2008.0,226002.0,kept
18980,2009.0,79009.0,duplicates
31500,1970.0,100.0,before 1980
29900,2016.0,82948.0,missing title
63892,2020.0,15311.0,kept
8995,2012.0,83417.0,kept
8997,2008.0,114746.0,kept
35900,2017.0,69988.0,kept
52990,2020.0,79.0,duplicates
7200,2009.0,80599.0,kept
35782,2020.0,11960.0,duplicates
5500,1991.0,777.0,kept
8888,2012.0,88265.0,kept
31895,2015.0,120520.0,kept
17995,2016.0,140000.0,duplicates
16950,2011.0,135803.0,kept
61995,2018.0,76151.0,duplicates
19900,2014.0,60300.0,kept
37998,2018.0,105691.0,duplicates
38590,2020.0,1372.0,duplicates
11995,2007.0,147000.0,duplicates
38990,2020.0,9665.0,duplicates
0,2014.0,111110.0,$0 price
7990,2010.0,118080.0,duplicates
14200,2014.0,82398.0,duplicates
4495,2008.0,150000.0,duplicates
11990,2007.0,140095.0,duplicates
29900,2014.0,114000.0,duplicates
45000,2018.0,52085.0,duplicates
0,2014.0,80000.0,$0 price
99,2017.0,53418.0,fake price
38590,2019.0,28086.0,duplicates
4950,2008.0,295000.0,kept
5999,2013.0,100074.0,duplicates
0,2016.0,38564.0,$0 price
13250,2002.0,178900.0,kept
7995,2012.0,99681.0,duplicates
3200,2004.0,145641.0,kept
24500,1940.0,6000.0,before 1980
18999,2012.0,90000.0,kept
27590,2020.0,1309.0,duplicates
13995,2008.0,165000.0,kept
28990,2018.0,16841.0,duplicates
35000,2015.0,32000.0,kept
43990,2017.0,24024.0,duplicates
2695,2003.0,152665.0,kept
22900,1973.0,46170.0,before 1980
5950,2008.0,2300002.0,bad odometer
6568,2004.0,237583.0,missing title
0,2018.0,24106.0,$0 price
67995,2019.0,14547.0,kept
14945,2013.0,124034.0,duplicates
19990,2015.0,60974.0,kept
7950,2010.0,144236.0,duplicates
6995,2007.0,144000.0,duplicates
15888,2016.0,85310.0,duplicates
45988,2016.0,53112.0,kept
22999,2017.0,22179.0,duplicates
33990,2015.0,18975.0,duplicates
37590,2019.0,8663.0,kept
1999,2019.0,28000.0,duplicates
5100,2000.0,127905.0,kept
6910,1998.0,83140.0,kept
5995,2006.0,137723.0,kept
36990,2017.0,95447.0,duplicates
6900,2011.0,117000.0,kept
1,2007.0,134850.0,fake price
47988,2016.0,104348.0,duplicates
29810,2021.0,7.0,missing title
8750,2009.0,83200.0,kept
284,2016.0,55431.0,fake price
35990,2018.0,22812.0,duplicates
23900,2013.0,,bad odometer
3300,2013.0,197000.0,kept
14998,2015.0,26803.0,duplicates
6800,1984.0,151300.0,kept
2200,2005.0,178690.0,kept
8995,2008.0,138000.0,kept
8995,2011.0,76746.0,missing title
39995,1999.0,15897.0,duplicates
38700,2018.0,13329.0,kept
3495,2004.0,194147.0,kept
35590,2011.0,8399.0,duplicates
46995,2017.0,128513.0,kept
39590,2017.0,10496.0,duplicates
46825,2020.0,16365.0,kept
7500,2004.0,104000.0,duplicates
13499,2015.0,48615.0,kept
10995,1999.0,182850.0,kept
0,2018.0,37714.0,$0 price
37590,2017.0,25846.0,duplicates
299,2011.0,158534.0,fake price
2950,2002.0,185000.0,kept
600,1991.0,147000.0,kept
25990,2017.0,74795.0,duplicates
27900,2011.0,85620.0,duplicates
6300,2003.0,128500.0,kept
7500,2011.0,42213.0,kept
34590,2019.0,26439.0,duplicates
12500,2014.0,149393.0,kept
14990,2019.0,82624.0,duplicates
8997,2011.0,111514.0,kept
6500,2007.0,130807.0,kept
45998,2016.0,179571.0,kept
1,2013.0,82000.0,fake price
31900,2015.0,48302.0,duplicates
12697,2014.0,99591.0,duplicates
11988,2015.0,142745.0,missing fuel
300,2004.0,112000.0,fake price
0,2015.0,87970.0,$0 price
14675,2017.0,47518.0,duplicates
35590,2018.0,30168.0,duplicates
19990,2020.0,11103.0,duplicates
53865,,73006.0,before 1980
10495,2011.0,83726.0,kept
16999,2014.0,55477.0,missing transmission
27942,2014.0,124519.0,duplicates
25990,2013.0,42045.0,duplicates
37590,2019.0,30356.0,duplicates
24995,2014.0,49530.0,kept
29997,2005.0,96564.0,duplicates
30089,2018.0,26730.0,kept
29900,2012.0,106800.0,duplicates
11998,2012.0,1.0,bad odometer
6995,2009.0,128226.0,duplicates
16,1986.0,350.0,fake price
9500,2010.0,73000.0,kept
26900,2013.0,129459.0,kept
5495,2013.0,154095.0,duplicates
17500,2019.0,14462.0,duplicates
3800,2005.0,122700.0,kept
6500,2008.0,124571.0,kept
31590,2016.0,33695.0,duplicates
20590,2013.0,77087.0,duplicates
5000,2003.0,165000.0,kept
20498,2016.0,,bad odometer
27988,2019.0,32949.0,kept
9995,2016.0,137317.0,duplicates
15995,2016.0,125776.0,duplicates
0,2012.0,114286.0,$0 price
25999,2019.0,27326.0,kept
39990,2019.0,8373.0,duplicates
15590,2018.0,20840.0,kept
3795,2009.0,118000.0,kept
5995,2006.0,185100.0,duplicates
13999,2013.0,84015.0,kept
16988,2017.0,89068.0,duplicates
34990,2015.0,100058.0,duplicates
20590,2016.0,52194.0,kept
16900,2014.0,35173.0,duplicates
10850,2014.0,82000.0,kept
18689,2017.0,60519.0,kept
42999,2017.0,155883.0,duplicates
12800,2010.0,100690.0,duplicates
6400,2006.0,182356.0,kept
56990,2016.0,96566.0,kept
41590,2020.0,29010.0,duplicates
0,2019.0,28891.0,$0 price
19000,2019.0,15800.0,kept
22995,2012.0,107921.0,kept
12500,1981.0,12000.0,kept
19990,2019.0,18806.0,kept
0,2019.0,16193.0,$0 price
5599,2012.0,65001.0,kept
3000,2006.0,191000.0,kept
49995,2016.0,96161.0,duplicates
24990,2017.0,30075.0,duplicates
23590,2018.0,19677.0,duplicates
12450,2013.0,120486.0,kept
11900,2013.0,33604.0,duplicates
18995,2012.0,138100.0,kept
6495,2016.0,39309.0,duplicates
0,2017.0,105624.0,$0 price
25990,2014.0,15575.0,duplicates
35590,2020.0,3984.0,kept
125000,1959.0,47000.0,before 1980
16990,2018.0,16930.0,kept
18995,2017.0,55046.0,kept
20755,2011.0,130926.0,duplicates
14787,2016.0,72122.0,kept
7500,2012.0,125000.0,kept
11800,2010.0,98000.0,kept
42900,2018.0,49410.0,kept
18995,2015.0,67000.0,duplicates
43599,2018.0,14275.0,duplicates
0,2013.0,114808.0,$0 price
29950,2012.0,107730.0,duplicates
29000,2017.0,13473.0,kept
0,2014.0,1195.0,$0 price
14995,2018.0,82455.0,kept
10500,2013.0,122000.0,kept
2750,2005.0,106891.0,kept
25990,2017.0,22820.0,duplicates
6999,2010.0,151220.0,duplicates
6500,1998.0,197000.0,kept
25997,2014.0,43252.0,duplicates
15900,2015.0,99076.0,kept
7497,2010.0,177563.0,duplicates
29590,2017.0,18583.0,duplicates
4485,2009.0,200000.0,kept
9490,2015.0,85000.0,kept
15995,2015.0,110427.0,kept
7998,2015.0,106780.0,duplicates
0,2008.0,115024.0,$0 price
22990,2010.0,171033.0,kept
0,2011.0,82652.0,$0 price
14881,2012.0,140455.0,kept
20999,2018.0,34463.0,duplicates
28900,2019.0,10512.0,kept
25500,2018.0,94318.0,kept
12900,1966.0,62000.0,before 1980
28495,2017.0,97833.0,duplicates
1500,2002.0,160000.0,kept
32999,2018.0,20314.0,duplicates
799,2011.0,180922.0,fake price
9497,2017.0,143780.0,kept
14000,1990.0,146672.0,kept
34995,2020.0,6000.0,kept
36995,2014.0,61792.0,missing title
32000,2014.0,37500.0,kept
19990,2020.0,11103.0,duplicates
36590,2019.0,14222.0,duplicates
27990,2018.0,30791.0,duplicates
3450,2005.0,185485.0,kept
13500,2007.0,150769.0,kept
1000,2008.0,133331.0,kept
29888,2017.0,76462.0,duplicates
12500,2008.0,199750.0,kept
33999,2015.0,66812.0,duplicates
4800,2002.0,300000.0,kept
16997,2015.0,90068.0,kept
65000,1969.0,56000.0,before 1980
38990,2019.0,5432.0,kept
0,2009.0,164920.0,$0 price
16489,2015.0,107711.0,kept
20983,2017.0,49852.0,kept
41990,2020.0,13894.0,duplicates
36590,2013.0,79156.0,duplicates
20988,2015.0,74081.0,kept
51997,2015.0,72249.0,duplicates
30990,2014.0,37573.0,duplicates
0,2013.0,54432.0,$0 price
1,2016.0,107159.0,fake price
9999,2013.0,128000.0,kept
494,2019.0,30975.0,fake price
28990,2019.0,8256.0,duplicates
0,2016.0,68019.0,$0 price
44995,2017.0,29534.0,duplicates
32990,2019.0,6897.0,duplicates
17990,2015.0,51482.0,duplicates
3900,1997.0,170000.0,kept
9999,2008.0,182264.0,duplicates
1950,2005.0,201222.0,kept
2250,2000.0,164500.0,kept
335,2019.0,4453.0,fake price
11000,1999.0,48000.0,kept
34896,2019.0,4105.0,duplicates
26998,2022.0,10.0,kept
12995,2016.0,20893.0,kept
24950,2000.0,49140.0,duplicates
8000,2001.0,300000.0,kept
5550,2009.0,211000.0,kept
32900,2018.0,16329.0,kept
6958,2011.0,193624.0,duplicates
11997,2013.0,106152.0,duplicates
0,2018.0,46317.0,$0 price
29995,2015.0,65372.0,duplicates
26500,2017.0,110293.0,kept
15989,2013.0,182857.0,missing fuel
17988,2018.0,67249.0,duplicates
18000,2009.0,325000.0,kept
38990,2019.0,11877.0,duplicates
5500,1999.0,200000.0,kept
16435,2013.0,68807.0,kept
12600,2012.0,79000.0,kept
38590,2018.0,9210.0,duplicates
17997,2017.0,60663.0,duplicates
25495,2017.0,42056.0,duplicates
31590,2014.0,74333.0,duplicates
25990,2017.0,74795.0,duplicates
13995,2012.0,121363.0,duplicates
17995,2008.0,68224.0,kept
39990,2018.0,15688.0,duplicates
14850,2012.0,100146.0,kept
18980,2013.0,100724.0,duplicates
47990,2020.0,30456.0,duplicates
20990,2020.0,2421.0,duplicates
4995,2011.0,127158.0,duplicates
7995,2005.0,160532.0,duplicates
0,2007.0,91564.0,$0 price
13995,2013.0,123621.0,kept
17900,2010.0,247000.0,kept
21995,2018.0,125714.0,duplicates
29590,2013.0,37888.0,duplicates
36590,2019.0,7619.0,duplicates
12590,2010.0,86677.0,duplicates
12995,2011.0,106000.0,kept
7800,2008.0,111215.0,kept
23990,2015.0,64278.0,duplicates
27590,2020.0,1309.0,duplicates
5500,2009.0,168000.0,kept
14990,2016.0,65203.0,duplicates
35590,2015.0,40626.0,duplicates
1,1970.0,2560.0,before 1980
5990,2007.0,129161.0,duplicates
16999,2010.0,100833.0,kept
12102,2013.0,122327.0,kept
8200,2015.0,62165.0,kept
49999,2012.0,25445.0,kept
253,2019.0,14976.0,fake price
22900,2018.0,59094.0,kept
6995,2012.0,234009.0,duplicates
294,2019.0,25743.0,fake price
19500,2016.0,90800.0,kept
14995,2014.0,127500.0,kept
4999,1997.0,179000.0,kept
22995,2016.0,43113.0,duplicates
15350,2015.0,53000.0,kept
23665,2021.0,9.0,kept
3395,2003.0,134950.0,kept
27990,2020.0,10688.0,duplicates
16990,2014.0,55000.0,duplicates
48838,2013.0,97437.0,duplicates
43990,2013.0,7803.0,duplicates
34990,2018.0,26285.0,duplicates
13333,2012.0,58385.0,duplicates
33888,2019.0,27303.0,duplicates
17590,2018.0,27636.0,kept
4995,2004.0,112.0,duplicates
65995,2017.0,46777.0,duplicates
34990,2020.0,5189.0,duplicates
0,2019.0,56058.0,$0 price
7710,2006.0,140.0,kept
0,2008.0,120000.0,$0 price
19590,2018.0,18155.0,duplicates
12488,2009.0,99835.0,kept
30990,2014.0,67344.0,duplicates
23561,2016.0,22223.0,duplicates
8995,2014.0,151854.0,kept
33590,2017.0,14556.0,duplicates
0,2013.0,126820.0,$0 price
8995,2013.0,131495.0,kept
16029,2016.0,131604.0,kept
34590,2015.0,35423.0,duplicates
29990,2008.0,60386.0,duplicates
7500,2012.0,91436.0,kept
9997,2014.0,94912.0,kept
3200,1998.0,195000.0,kept
61995,2017.0,111782.0,duplicates
0,2019.0,24210.0,$0 price
23018,2018.0,36947.0,duplicates
11988,2013.0,97025.0,kept
17995,2012.0,162875.0,kept
0,2015.0,99838.0,$0 price
7695,2008.0,132000.0,kept
25990,2014.0,61419.0,duplicates
5500,2005.0,137700.0,kept
27490,2006.0,96626.0,duplicates
5950,2007.0,132000.0,kept
34590,2020.0,2498.0,duplicates
28995,2015.0,145130.0,duplicates
1000,2005.0,157000.0,kept
27990,2011.0,66944.0,duplicates
22300,2017.0,113617.0,duplicates
9650,2000.0,2345.0,kept
29990,2016.0,17302.0,duplicates
6700,2012.0,148111.0,kept
4900,2010.0,124802.0,kept
10000,2008.0,183300.0,kept
4700,2002.0,150000.0,kept
9500,2016.0,62000.0,kept
18300,2013.0,73300.0,kept
19995,2014.0,81697.0,kept
15000,2008.0,209000.0,kept
15000,2011.0,164250.0,kept
16995,2013.0,37518.0,duplicates
39590,2020.0,6042.0,kept
27988,2006.0,48125.0,kept
33735,2019.0,7149.0,duplicates
13995,2014.0,88215.0,duplicates
8995,2011.0,73982.0,kept
17900,2013.0,145417.0,duplicates
4200,2009.0,211700.0,kept
8500,2014.0,135584.0,kept
4995,2009.0,139602.0,kept
50000,2019.0,10000.0,kept
6250,2010.0,164000.0,duplicates
5700,2008.0,,bad odometer
39990,2019.0,9802.0,duplicates
27991,2016.0,65669.0,duplicates
36990,2017.0,15443.0,duplicates
21998,2017.0,40103.0,duplicates
26900,2009.0,156178.0,duplicates
2499,2007.0,215794.0,kept
9500,2009.0,78000.0,kept
6500,1988.0,62000.0,kept
52990,2019.0,32119.0,duplicates
12995,2015.0,61710.0,duplicates
6255,2008.0,137800.0,duplicates
44985,2020.0,28668.0,duplicates
22995,2013.0,39092.0,duplicates
24995,2014.0,132837.0,kept
5900,2004.0,170000.0,kept
33590,2018.0,18274.0,kept
11988,2013.0,89730.0,duplicates
16000,2016.0,39540.0,kept
24990,2018.0,45464.0,duplicates
5000,2016.0,114000.0,kept
33990,2018.0,26023.0,duplicates
2700,2001.0,189455.0,kept
52995,2017.0,55682.0,duplicates
10999,2002.0,150000.0,duplicates
554,2018.0,24093.0,fake price
9000,2014.0,64761.0,kept
37000,2020.0,26752.0,duplicates
63999,2020.0,10269.0,duplicates
27995,2016.0,47700.0,duplicates
3985,2009.0,160000.0,kept
32990,2018.0,29979.0,duplicates
6995,2016.0,294975.0,kept
44590,2020.0,1147.0,kept
32590,2020.0,4171.0,duplicates
7290,2008.0,134000.0,kept
34900,2011.0,163724.0,duplicates
19900,2013.0,182000.0,kept
15990,2016.0,40668.0,duplicates
2400,2004.0,170000.0,kept
4500,2003.0,168000.0,kept
19500,2019.0,26000.0,kept
29990,2018.0,15923.0,duplicates
21800,2018.0,143603.0,duplicates
55990,2015.0,207548.0,duplicates
78995,2019.0,61965.0,kept
14500,2015.0,183938.0,duplicates
3300,2003.0,223000.0,kept
8975,2012.0,93305.0,kept
14750,1996.0,73723.0,kept
13988,2017.0,69879.0,kept
5300,2013.0,76000.0,kept
28997,2012.0,125369.0,duplicates
38995,2018.0,26882.0,duplicates
6500,2009.0,115000.0,kept
32490,2015.0,43876.0,kept
17970,2012.0,66003.0,kept
17590,2018.0,23724.0,kept
5795,2008.0,155919.0,kept
9995,2013.0,114414.0,duplicates
1800,2016.0,92000.0,kept
14350,2016.0,72176.0,kept
34999,2017.0,83764.0,kept
0,2018.0,52773.0,$0 price
0,2015.0,64667.0,$0 price
12995,2014.0,99258.0,duplicates
21989,2013.0,143101.0,duplicates
2800,2003.0,130000.0,kept
6500,2006.0,189200.0,kept
41998,2019.0,46751.0,duplicates
14980,2015.0,66752.0,kept
0,2015.0,0.0,$0 price
17480,2011.0,152662.0,kept
19900,2015.0,94599.0,duplicates
24629,2020.0,5.0,kept
31500,2019.0,31724.0,duplicates
9995,2009.0,100112.0,kept
6000,2013.0,94000.0,kept
7000,1964.0,14900.0,before 1980
898,2020.0,16681.0,fake price
21998,2019.0,13494.0,duplicates
5995,2006.0,117909.0,kept
9895,2012.0,75892.0,duplicates
30999,2018.0,34102.0,missing transmission
31990,2017.0,31496.0,duplicates
1500,2000.0,239000.0,kept
21767,2013.0,112357.0,kept
26500,2013.0,144502.0,kept
18988,2019.0,48206.0,kept
10990,2013.0,81557.0,duplicates
6995,2009.0,165733.0,duplicates
10995,2011.0,114575.0,duplicates
6995,2001.0,208581.0,kept
0,2018.0,39798.0,$0 price
19990,2017.0,53950.0,duplicates
0,2017.0,96186.0,$0 price
8499,2015.0,124000.0,duplicates
10995,2016.0,87019.0,kept
43900,2016.0,23600.0,kept
15000,2012.0,170099.0,kept
2000,2000.0,192640.0,kept
20995,2016.0,75107.0,duplicates
30999,2018.0,30140.0,kept
39245,2018.0,26592.0,missing title
36999,2021.0,622.0,kept
34995,2013.0,49748.0,duplicates
10895,2012.0,128004.0,duplicates
10497,2010.0,99876.0,duplicates
4999,2004.0,120199.0,kept
22500,2002.0,98368.0,duplicates
52999,2021.0,6057.0,kept
3500,2003.0,134003.0,kept
13900,2011.0,,bad odometer
7995,2010.0,128000.0,kept
99,2017.0,42130.0,fake price
46585,2017.0,18997.0,kept
53999,2015.0,74818.0,duplicates
318,2012.0,145050.0,fake price
45995,2020.0,10311.0,duplicates
17995,2015.0,131811.0,kept
13999,2012.0,46200.0,kept
30590,2019.0,21246.0,duplicates
0,2018.0,61744.0,$0 price
14995,2017.0,44849.0,kept
34990,2020.0,3181.0,duplicates
12400,2017.0,27674.0,duplicates
27998,2017.0,,bad odometer
14500,2003.0,105000.0,kept
21998,2019.0,14939.0,duplicates
18999,2016.0,176373.0,duplicates
0,2015.0,137987.0,$0 price
42995,2019.0,19444.0,kept
17990,2012.0,93185.0,duplicates
36999,2011.0,143936.0,duplicates
24995,2017.0,66246.0,duplicates
16999,2001.0,34925.0,duplicates
24989,2020.0,2684.0,kept
8500,2002.0,216365.0,duplicates
6700,2009.0,195000.0,kept
7995,2014.0,155560.0,duplicates
9500,2004.0,96000.0,kept
29977,2017.0,13363.0,kept
36590,2019.0,23057.0,duplicates
16999,2004.0,217794.0,duplicates
7300,1994.0,42000.0,kept
26990,2020.0,8625.0,duplicates
0,2015.0,116653.0,$0 price
15990,2017.0,48195.0,duplicates
31999,2016.0,93371.0,kept
18500,2016.0,77397.0,duplicates
0,2013.0,0.0,$0 price
12990,2012.0,71196.0,kept
27998,2022.0,10.0,kept
129900,2021.0,175.0,duplicates
20000,1940.0,24212.0,before 1980
10999,2011.0,90719.0,duplicates
0,2016.0,183968.0,$0 price
4995,2009.0,119700.0,kept
13995,2010.0,91413.0,duplicates
41900,2012.0,114000.0,duplicates
10995,2013.0,127435.0,duplicates
7000,2010.0,148500.0,kept
0,2018.0,41123.0,$0 price
4500,2001.0,187283.0,kept
4500,2006.0,206780.0,kept
5500,2007.0,98000.0,kept
7995,2012.0,107255.0,duplicates
3950,2011.0,0.0,bad odometer
0,2013.0,180885.0,$0 price
33590,2019.0,26933.0,kept
4995,2007.0,127000.0,duplicates
2500,2003.0,88525.0,kept
17990,2018.0,11340.0,duplicates
13999,2016.0,27000.0,kept
13900,2009.0,194300.0,kept
29590,2017.0,58243.0,duplicates
23998,2015.0,,bad odometer
5757,2012.0,125110.0,duplicates
19590,2013.0,83600.0,duplicates
31990,2013.0,69373.0,duplicates
22990,2016.0,17515.0,kept
5500,2005.0,160581.0,kept
4800,2006.0,173000.0,kept
36988,2015.0,1.0,bad odometer
28995,2018.0,48611.0,duplicates
0,2015.0,106195.0,$0 price
29990,2017.0,30145.0,kept
27999,2012.0,89938.0,kept
10950,2010.0,120427.0,duplicates
33590,2014.0,55251.0,duplicates
7995,2006.0,148500.0,kept
14700,2014.0,80903.0,kept
8997,2011.0,164000.0,duplicates
0,2015.0,112231.0,$0 price
13977,2014.0,88650.0,kept
5995,1999.0,116523.0,kept
36590,2019.0,14222.0,duplicates
64998,2020.0,7819.0,kept
4899,2010.0,135641.0,kept
0,2015.0,78807.0,$0 price
22499,2014.0,64484.0,kept
9995,2016.0,52993.0,duplicates
26900,2011.0,153000.0,kept
47888,2020.0,21169.0,kept
37977,2018.0,55260.0,duplicates
27590,2018.0,24559.0,kept
7950,2014.0,162412.0,kept
6995,2006.0,122199.0,duplicates
0,2017.0,129755.0,$0 price
5500,1986.0,80000.0,kept
11667,2016.0,104056.0,missing title
29999,2017.0,46364.0,duplicates
12800,2009.0,177613.0,duplicates
7877,2009.0,122369.0,kept
31590,2019.0,12102.0,duplicates
8000,2008.0,92000.0,kept
27900,2014.0,66013.0,duplicates
2500,2013.0,106168.0,kept
22000,2005.0,156000.0,kept
27990,2020.0,10688.0,duplicates
27995,2012.0,69750.0,kept
26990,2015.0,26977.0,duplicates
6295,2010.0,105593.0,kept
16988,2015.0,78587.0,kept
0,2016.0,107802.0,$0 price
14900,2016.0,72123.0,duplicates
43990,2020.0,1944.0,duplicates
7500,1996.0,179000.0,kept
3500,2007.0,88094.0,duplicates
13880,2011.0,135998.0,kept
175,2019.0,500.0,fake price
14500,1979.0,99999.0,before 1980
10650,2011.0,68500.0,kept
7500,2004.0,89.0,bad odometer
30590,2019.0,23645.0,duplicates
0,2013.0,65.0,$0 price
5990,2011.0,117788.0,duplicates
15590,2016.0,32573.0,duplicates
6499,2013.0,130000.0,duplicates
8400,2011.0,186441.0,kept
38990,2020.0,9434.0,duplicates
16995,2012.0,140337.0,duplicates
20321,2013.0,127001.0,kept
29998,2014.0,203998.0,missing transmission
16750,2014.0,45860.0,kept
37990,2016.0,12193.0,duplicates
7995,2012.0,81234.0,kept
31590,2020.0,2195.0,duplicates
49995,2015.0,35952.0,kept
11500,2005.0,130618.0,kept
17600,2019.0,10085.0,kept
8800,1996.0,290490.0,kept
39990,2018.0,44054.0,duplicates
23500,2018.0,46275.0,duplicates
22988,2016.0,9262.0,kept
38615,2021.0,1.0,duplicates
8980,2011.0,99929.0,duplicates
15773,2018.0,26598.0,kept
47977,2018.0,68269.0,kept
25700,2013.0,106200.0,kept
9000,2015.0,71100.0,kept
10995,2013.0,106000.0,kept
14000,2006.0,122000.0,kept
34900,2015.0,78871.0,kept
1500,2006.0,92000.0,kept
40990,2017.0,31843.0,duplicates
31495,2018.0,106601.0,duplicates
28995,2019.0,13963.0,duplicates
6500,2011.0,109000.0,duplicates
26999,2013.0,113427.0,kept
39195,2020.0,22500.0,kept
26990,2018.0,18794.0,kept
20595,2011.0,92660.0,kept
23999,2013.0,116570.0,kept
23997,2017.0,28580.0,duplicates
8199,2007.0,186000.0,kept
14995,2005.0,172404.0,missing title
8000,1996.0,240400.0,kept
10990,2016.0,80436.0,kept
24995,2017.0,62450.0,kept
8900,2011.0,234000.0,duplicates
13900,2015.0,61671.0,kept
40590,2018.0,64491.0,duplicates
39990,2020.0,3841.0,kept
27590,2018.0,32088.0,duplicates
388,2002.0,150000.0,fake price
6895,2011.0,115818.0,duplicates
19500,2012.0,53000.0,kept
5000,1993.0,134742.0,kept
23998,2020.0,6820.0,duplicates
5995,1999.0,151053.0,duplicates
9595,2013.0,161527.0,duplicates
500,2000.0,10000000.0,bad odometer
22500,2014.0,38454.0,kept
16950,2007.0,112799.0,duplicates
23990,2015.0,57304.0,duplicates
4500,1978.0,100.0,before 1980
51975,2019.0,59311.0,kept
23995,2018.0,43323.0,duplicates
24988,2018.0,50814.0,kept
5995,2008.0,129814.0,kept
11980,2003.0,165395.0,kept
8995,2013.0,108703.0,duplicates
8499,2011.0,105811.0,missing title
38590,2017.0,26539.0,duplicates
24975,2003.0,46529.0,missing transmission
29590,2018.0,26910.0,duplicates
6999,2009.0,123464.0,kept
32995,2014.0,106000.0,duplicates
4995,2001.0,182879.0,kept
17900,2012.0,138069.0,kept
39600,1987.0,79387.0,kept
8000,2006.0,147538.0,duplicates
4500,2005.0,222000.0,kept
18837,2016.0,59411.0,kept
9500,2012.0,84815.0,missing title
4922,2005.0,135503.0,kept
27590,2019.0,14448.0,duplicates
5495,2005.0,120650.0,duplicates
29990,2000.0,116225.0,duplicates
34590,2019.0,12240.0,duplicates
16590,2015.0,44013.0,duplicates
14999,2015.0,75416.0,duplicates
8846,2009.0,109500.0,kept
19990,2012.0,66069.0,kept
30999,2016.0,46523.0,kept
4970,2010.0,153328.0,kept
0,2012.0,159000.0,$0 price
17900,2014.0,42000.0,kept
5800,2009.0,108.0,kept
20988,2019.0,50877.0,kept
6995,2013.0,166638.0,kept
8500,2008.0,222425.0,kept
20900,2013.0,111053.0,kept
26990,2017.0,41335.0,duplicates
5999,2006.0,162000.0,kept
7000,2007.0,164000.0,kept
0,2018.0,55107.0,$0 price
21990,2019.0,16493.0,duplicates
0,2015.0,27437.0,$0 price
5800,2012.0,122000.0,kept
2500,2000.0,131000.0,kept
0,2003.0,68039.0,$0 price
27938,2014.0,123084.0,kept
22495,2013.0,,bad odometer
21998,2017.0,56321.0,kept
0,2015.0,85299.0,$0 price
3488,2012.0,210712.0,kept
4500,1999.0,46000.0,kept
26988,2016.0,11466.0,duplicates
26400,2016.0,99000.0,kept
0,2013.0,111871.0,$0 price
18500,1963.0,88000.0,before 1980
51999,2019.0,33270.0,kept
8500,2011.0,179388.0,kept
12995,2012.0,153839.0,missing fuel
30857,2015.0,98957.0,duplicates
17995,2014.0,1000.0,kept
33989,2011.0,87488.0,kept
14817,2016.0,69740.0,kept
7950,2007.0,140782.0,duplicates
13999,2013.0,157431.0,kept
4500,2007.0,213000.0,duplicates
14995,2014.0,92402.0,missing title
35900,2015.0,65918.0,duplicates
57950,2018.0,24222.0,kept
1,2017.0,34873.0,fake price
28450,2007.0,154125.0,kept
7999,2009.0,116195.0,kept
0,2011.0,126581.0,$0 price
9800,2016.0,82235.0,kept
36995,2012.0,127999.0,duplicates
19499,2017.0,112763.0,kept
6499,2012.0,151780.0,duplicates
59900,2020.0,20122.0,duplicates
36995,2018.0,139748.0,duplicates
25999,2008.0,117575.0,duplicates
1,2018.0,23885.0,fake price
46995,2016.0,25928.0,missing title
22999,2010.0,90000.0,kept
300,2010.0,100000.0,fake price
9350,2008.0,121463.0,kept
33999,2017.0,82100.0,duplicates
800,1998.0,0.0,bad odometer
400,2004.0,162000.0,fake price
7699,2004.0,158000.0,kept
36990,2016.0,23190.0,duplicates
35999,2017.0,91736.0,duplicates
25990,2013.0,98879.0,duplicates
21495,2017.0,40541.0,kept
29900,2018.0,22447.0,duplicates
12488,2016.0,95307.0,kept
20998,2017.0,35839.0,kept
10000,2016.0,99728.0,duplicates
2000,1956.0,80000.0,before 1980
27500,2005.0,28200.0,kept
18990,2014.0,65120.0,kept
5495,2007.0,146198.0,duplicates
38500,2016.0,79247.0,duplicates
2999,2003.0,254000.0,kept
9999,2015.0,117231.0,kept
20000,1951.0,5000.0,before 1980
18900,2012.0,84000.0,duplicates
20995,2011.0,79015.0,kept
13888,2017.0,73772.0,kept
0,1995.0,155758.0,$0 price
38590,2018.0,46081.0,duplicates
3695,2006.0,125000.0,kept
11995,2003.0,191354.0,kept
7995,2007.0,44135.0,kept
32988,2015.0,78000.0,duplicates
27995,2012.0,69750.0,duplicates
50995,2018.0,39544.0,kept
25000,1978.0,2282.0,before 1980
0,2013.0,,$0 price
355,2013.0,104447.0,fake price
9995,2003.0,64094.0,kept
7999,2012.0,184900.0,kept
24999,2010.0,157524.0,duplicates
27788,2015.0,45010.0,kept
8997,2011.0,164000.0,kept
23500,2013.0,121800.0,kept
29995,2018.0,27000.0,kept
10950,2015.0,196283.0,kept
25000,2018.0,28742.0,kept
5995,2013.0,95579.0,kept
27881,2018.0,25329.0,kept
71999,2020.0,21502.0,kept
14995,2013.0,153703.0,duplicates
2900,2003.0,249235.0,duplicates
6100,2009.0,140000.0,kept
4995,2007.0,154000.0,kept
16800,2012.0,,bad odometer
10997,2010.0,134250.0,kept
3500,1984.0,57000.0,kept
31990,2016.0,34729.0,duplicates
28590,2017.0,102.0,duplicates
17990,2014.0,31374.0,duplicates
13901,2012.0,70948.0,duplicates
10295,2008.0,140536.0,kept
29990,2016.0,19374.0,kept
12995,2016.0,69161.0,kept
59985,2018.0,19774.0,duplicates
15000,2014.0,80000.0,kept
72999,2020.0,16370.0,kept
6755,2006.0,101900.0,kept
10995,2009.0,162959.0,duplicates
23990,2018.0,33495.0,duplicates
44000,2020.0,8118.0,missing transmission
5700,2009.0,128000.0,kept
39990,2020.0,2044.0,duplicates
33590,2018.0,25544.0,kept
13500,2015.0,68000.0,kept
30000,2018.0,57000.0,duplicates
26590,2017.0,47267.0,duplicates
5960,2008.0,149909.0,kept
2900,2008.0,109054.0,kept
6000,2004.0,183545.0,kept
40990,2014.0,53263.0,duplicates
6700,2000.0,174000.0,kept
35998,2018.0,30719.0,kept
6995,2013.0,91758.0,kept
12500,2011.0,90332.0,kept
28500,2017.0,48000.0,kept
37998,2018.0,49103.0,duplicates
0,2017.0,39424.0,$0 price
12895,2015.0,76590.0,duplicates
7500,2011.0,130786.0,duplicates
6900,2012.0,,bad odometer
28999,2017.0,18702.0,duplicates
30590,2019.0,21246.0,kept
11900,2012.0,103937.0,kept
0,2013.0,74939.0,$0 price
40000,2015.0,23232.0,kept
5000,2005.0,181238.0,kept
22900,2016.0,72000.0,duplicates
31990,2016.0,17546.0,kept
0,2018.0,27843.0,$0 price
7900,2011.0,144000.0,duplicates
38995,2012.0,127999.0,duplicates
500,2012.0,60000.0,fake price
3000,2017.0,50357.0,duplicates
0,2017.0,98067.0,$0 price
88000,1999.0,83000.0,kept
28990,2018.0,34507.0,duplicates
11495,2012.0,141465.0,duplicates
25990,2017.0,29170.0,duplicates
0,2018.0,31523.0,$0 price
35990,2018.0,26988.0,kept
0,2018.0,82189.0,$0 price
26990,2015.0,29072.0,duplicates
11995,2015.0,123194.0,duplicates
29688,2016.0,132659.0,kept
6995,2013.0,126386.0,duplicates
0,2018.0,58717.0,$0 price
9995,2009.0,86406.0,duplicates
14998,2010.0,75374.0,kept
4295,2012.0,180450.0,kept
13999,2018.0,34130.0,kept
25995,2018.0,16408.0,missing title
19505,2005.0,165004.0,duplicates
43990,2013.0,28094.0,kept
31590,2020.0,2195.0,duplicates
19590,2014.0,18521.0,duplicates
43988,2021.0,2995.0,kept
14211,2009.0,112847.0,duplicates
7500,2007.0,163900.0,kept
32990,2015.0,20832.0,duplicates
19442,2018.0,104624.0,duplicates
35590,2019.0,8208.0,kept
21720,2021.0,6.0,kept
3750,1999.0,150000.0,kept
1250,1998.0,227000.0,kept
18995,2012.0,69155.0,kept
31590,2018.0,56472.0,duplicates
257,2019.0,16929.0,fake price
24950,1994.0,126430.0,duplicates
2750,2000.0,200000.0,kept
15301,2013.0,32359.0,duplicates
1500,1995.0,182000.0,kept
0,2018.0,35324.0,$0 price
16800,2017.0,74394.0,duplicates
33990,2016.0,12398.0,duplicates
416,2018.0,21819.0,fake price
15995,2013.0,98983.0,duplicates
34990,2019.0,32605.0,duplicates
17995,2016.0,86439.0,kept
13995,2011.0,147445.0,kept
16500,2014.0,109127.0,kept
0,2017.0,64995.0,$0 price
5400,2010.0,104000.0,kept
37590,2018.0,17745.0,duplicates
11500,2015.0,63000.0,kept
23980,2011.0,95002.0,kept
6995,2007.0,137000.0,kept
500,2016.0,123000.0,fake price
2800,2008.0,210476.0,kept
4800,2006.0,116000.0,kept
5500,2008.0,106000.0,kept
6000,2012.0,94315.0,duplicates
28590,2018.0,13669.0,duplicates
18990,2015.0,35314.0,kept
143,2008.0,193346.0,fake price
21900,2014.0,95400.0,kept
6500,2011.0,117856.0,missing title
2500,2002.0,116000.0,kept
24995,2015.0,128473.0,kept
0,2018.0,14138.0,$0 price
35995,2016.0,102540.0,kept
13995,2008.0,83649.0,kept
0,2014.0,47287.0,$0 price
20590,2015.0,55448.0,duplicates
4999,2002.0,233000.0,kept
8500,2008.0,198000.0,kept
17500,2015.0,156731.0,duplicates
29590,2017.0,70760.0,duplicates
22500,2016.0,126300.0,kept
5500,2002.0,256485.0,kept
17495,2016.0,62147.0,kept
34695,2018.0,57117.0,duplicates
459,2018.0,73057.0,fake price
42900,2019.0,23279.0,kept
11950,2011.0,105140.0,kept
0,2016.0,142743.0,$0 price
0,2018.0,23982.0,$0 price
32995,2018.0,37867.0,duplicates
6200,2011.0,185000.0,kept
26990,2019.0,39685.0,duplicates
20900,2013.0,103744.0,kept
24995,2018.0,26432.0,kept
19590,2013.0,72857.0,duplicates
3999,2008.0,166000.0,kept
22590,2013.0,14169.0,duplicates
21990,2018.0,6862.0,kept
23500,2018.0,60447.0,kept
17590,2011.0,74177.0,duplicates
13900,2018.0,5900.0,kept
35590,2011.0,16796.0,duplicates
39590,2020.0,728.0,duplicates
47590,2020.0,6774.0,kept
37590,2019.0,30356.0,duplicates
21590,2020.0,25862.0,duplicates
12100,1972.0,110790.0,before 1980
5999,2006.0,138000.0,kept
21990,2018.0,7233.0,duplicates
19888,2018.0,17980.0,kept
13900,1999.0,199000.0,kept
39999,2019.0,13346.0,kept
30250,2017.0,45500.0,kept
21,2004.0,40732.0,fake price
3995,2005.0,112922.0,duplicates
24995,1966.0,91603.0,before 1980
3500,1997.0,96000.0,kept
29990,2016.0,19374.0,duplicates
35590,2020.0,1454.0,duplicates
150,2014.0,94328.0,fake price
24500,2011.0,109935.0,duplicates
47990,2020.0,29827.0,duplicates
9850,2012.0,87000.0,kept
7000,2001.0,27000.0,kept
32995,2018.0,30902.0,missing fuel
0,2017.0,,$0 price
36990,2018.0,5933.0,duplicates
8999,2012.0,168206.0,kept
11428,2009.0,130226.0,kept
24490,2018.0,24441.0,kept
11011,2013.0,105880.0,duplicates
3999,2002.0,105000.0,duplicates
7900,2013.0,140000.0,kept
25999,2017.0,38374.0,duplicates
5900,2011.0,1.0,bad odometer
12500,1998.0,65359.0,kept
0,2014.0,0.0,$0 price
27990,2012.0,68696.0,duplicates
14599,2015.0,89870.0,duplicates
30500,2013.0,129000.0,kept
7800,1999.0,196000.0,kept
24998,2017.0,81871.0,duplicates
27500,2021.0,1239.0,kept
7550,2015.0,65575.0,kept
5900,1992.0,80000.0,kept
21590,2018.0,28006.0,kept
8998,2012.0,120932.0,kept
12551,2014.0,63712.0,kept
30590,2020.0,10740.0,duplicates
13900,2015.0,27910.0,kept
39990,2020.0,8820.0,kept
9,1992.0,100000.0,fake price
24590,2016.0,66313.0,duplicates
6990,2010.0,147001.0,duplicates
38990,2019.0,15512.0,duplicates
7900,2010.0,157887.0,duplicates
12500,2011.0,42895.0,duplicates
14995,2010.0,119908.0,kept
36995,2013.0,133863.0,kept
26590,2019.0,36921.0,kept
432,2018.0,23638.0,fake price
0,1997.0,216148.0,$0 price
6980,2014.0,127544.0,duplicates
4000,2007.0,161000.0,kept
173,2013.0,102127.0,fake price
14591,2013.0,120987.0,duplicates
31990,2013.0,69373.0,duplicates
0,2010.0,148837.0,$0 price
14995,2013.0,93010.0,duplicates
28995,2015.0,147457.0,duplicates
43547,2019.0,61595.0,duplicates
31995,2016.0,106875.0,duplicates
26750,2006.0,50456.0,duplicates
2750,2000.0,199000.0,kept
15480,2017.0,33946.0,kept
13998,2016.0,117803.0,duplicates
37980,2017.0,43481.0,duplicates
34750,2000.0,44059.0,kept
25900,2007.0,61000.0,kept
99,2017.0,59327.0,fake price
22079,2018.0,36297.0,kept
1000,2010.0,230000.0,kept
20590,2013.0,77087.0,duplicates
16500,2000.0,72000.0,kept
8997,2011.0,164000.0,duplicates
0,2013.0,32771.0,$0 price
4995,2010.0,96000.0,duplicates
29977,2000.0,14274.0,kept
15999,2017.0,60900.0,kept
3500,1987.0,65000.0,kept
2300,2000.0,135000.0,kept
36999,2014.0,64077.0,kept
37590,2012.0,41066.0,duplicates
38590,2019.0,14906.0,duplicates
19999,2016.0,102296.0,kept
2000,1987.0,161000.0,kept
16000,2018.0,27000.0,kept
40000,2014.0,174000.0,kept
17990,2015.0,28680.0,duplicates
38995,2014.0,206341.0,duplicates
3950,2004.0,120000.0,kept
6995,2015.0,111000.0,kept
32590,2017.0,44305.0,duplicates
28777,2016.0,96660.0,duplicates
22590,2013.0,46242.0,kept
14495,2013.0,134248.0,kept
9995,2010.0,211000.0,kept
12995,2012.0,130000.0,kept
2000,2009.0,175000.0,kept
3500,1971.0,45160.0,before 1980
5000,2009.0,170973.0,kept
19500,2016.0,54000.0,kept
11998,2015.0,0.0,bad odometer
0,2012.0,109288.0,$0 price
27995,2011.0,237000.0,duplicates
25960,2018.0,61988.0,duplicates
15590,2016.0,7076.0,duplicates
6500,2007.0,89443.0,duplicates
11450,2017.0,73304.0,duplicates
0,2008.0,202862.0,$0 price
838,2017.0,94364.0,fake price
15000,1974.0,50000.0,before 1980
19988,2019.0,19980.0,kept
7500,2006.0,75082.0,duplicates
19990,2020.0,11103.0,duplicates
30200,2008.0,120000.0,kept
9500,2006.0,127000.0,kept
4695,2010.0,140000.0,kept
7999,2007.0,132867.0,kept
4995,2009.0,161249.0,kept
0,2017.0,120521.0,$0 price
0,2007.0,109331.0,$0 price
5980,2005.0,198000.0,duplicates
22450,2012.0,33728.0,duplicates
3400,2001.0,155000.0,kept
38990,2019.0,6000.0,duplicates
5999,2008.0,147000.0,kept
14995,2010.0,125837.0,duplicates
6495,2012.0,78488.0,kept
2900,2003.0,120000.0,kept
23500,2005.0,301250.0,kept
0,2015.0,13694.0,$0 price
9000,1959.0,84000.0,before 1980
28590,2017.0,102.0,duplicates
5999,2005.0,141247.0,duplicates
8350,2011.0,124912.0,kept
20590,2020.0,8512.0,kept
4977,2006.0,171534.0,kept
20990,2019.0,18975.0,duplicates
6885,2010.0,156000.0,kept
10477,2013.0,75843.0,missing title
24990,2016.0,39979.0,duplicates
25990,2019.0,28.0,bad odometer
5,2002.0,217000.0,fake price
2700,2006.0,191002.0,duplicates
23995,2013.0,96572.0,duplicates
16995,2006.0,136000.0,duplicates
4500,2002.0,217391.0,kept
29952,2018.0,28303.0,kept
31500,2010.0,171889.0,duplicates
29998,1995.0,100.0,duplicates
9495,2008.0,119601.0,duplicates
1000,2010.0,0.0,bad odometer
12000,1936.0,90000.0,before 1980
40305,2016.0,98796.0,kept
8800,2008.0,141000.0,kept
3900,2002.0,89502.0,kept
9995,2000.0,96090.0,kept
8500,2016.0,13253.0,kept
9200,2014.0,133000.0,kept
0,2016.0,97450.0,$0 price
29990,2017.0,22947.0,duplicates
6900,2005.0,110.0,kept
1500,2003.0,1.0,bad odometer
0,2016.0,62013.0,$0 price
124988,2019.0,22700.0,kept
32500,2014.0,583000.0,bad odometer
8997,2001.0,108121.0,duplicates
25995,2011.0,102657.0,duplicates
9990,2016.0,136070.0,kept
5300,2009.0,171000.0,kept
0,2009.0,92783.0,$0 price
25990,2011.0,105371.0,duplicates
4000,2001.0,259143.0,kept
8995,2005.0,137347.0,kept
4150,2011.0,105000.0,kept
8999,2011.0,126973.0,kept
3700,2012.0,115000.0,kept
20590,2019.0,6163.0,duplicates
10680,2015.0,67448.0,kept
43590,2017.0,28475.0,duplicates
14990,2016.0,65203.0,duplicates
18000,1970.0,24000.0,before 1980
11921,2011.0,118850.0,kept
16900,2002.0,91107.0,duplicates
13995,2010.0,87054.0,kept
8999,2009.0,110326.0,kept
9995,2010.0,152162.0,kept
2500,2008.0,161000.0,duplicates
26990,2020.0,8625.0,duplicates
20995,2019.0,33973.0,kept
36990,2018.0,23321.0,kept
9999,2009.0,99000.0,kept
9995,2013.0,109007.0,duplicates
5995,2012.0,196234.0,kept
11995,2012.0,125687.0,duplicates
10900,2008.0,201967.0,kept
22995,2009.0,48720.0,kept
0,2019.0,41447.0,$0 price
13988,2013.0,152055.0,duplicates
20900,2014.0,143033.0,kept
17999,2017.0,41891.0,kept
13950,2017.0,28709.0,duplicates
6995,2011.0,145208.0,missing transmission
7995,2010.0,137777.0,kept
25990,2019.0,25067.0,duplicates
0,2012.0,35376.0,$0 price
12500,2012.0,161256.0,kept
5995,2008.0,104792.0,duplicates
269,2017.0,64975.0,fake price
5831,2004.0,222884.0,missing title
5290,2007.0,79160.0,kept
199,2017.0,21737.0,fake price
26500,2003.0,12740.0,kept
24990,2019.0,6380.0,duplicates
24500,1960.0,14300.0,before 1980
12990,2008.0,160964.0,duplicates
45995,2016.0,80748.0,kept
26000,1999.0,32000.0,kept
30992,2018.0,30136.0,kept
13726,2016.0,102425.0,kept
240,2008.0,71244.0,fake price
8450,2012.0,64000.0,kept
4500,2003.0,139000.0,kept
5000,2004.0,92000.0,kept
10700,2013.0,123855.0,missing title
16590,2020.0,24060.0,duplicates
12500,2018.0,20500.0,kept
12995,2006.0,131172.0,kept
3965,2010.0,129000.0,kept
23590,2017.0,35144.0,duplicates
21995,2017.0,53483.0,kept
15976,2017.0,34330.0,missing title
10995,2011.0,145741.0,kept
25400,2019.0,24032.0,kept
4500,2010.0,197000.0,kept
11950,2011.0,72747.0,duplicates
15900,2017.0,80000.0,kept
15285,2010.0,181801.0,kept
9985,2005.0,153895.0,kept
14995,2017.0,39000.0,kept
15200,2011.0,149000.0,missing title
10295,2012.0,107246.0,kept
78900,,1109.0,before 1980
32000,2020.0,28926.0,duplicates
0,2018.0,27550.0,$0 price
12000,2011.0,83000.0,kept
4295,2004.0,0.0,bad odometer
27995,2018.0,70767.0,kept
4495,2009.0,122949.0,duplicates
15500,2007.0,290000.0,kept
16500,2011.0,97300.0,kept
9700,2011.0,123375.0,missing title
0,2011.0,0.0,$0 price
7999,2013.0,146790.0,kept
40000,2007.0,31000.0,kept
3100,2004.0,171000.0,kept
23990,2015.0,57304.0,duplicates
25900,2013.0,210000.0,kept
16888,2014.0,89121.0,kept
0,2016.0,99845.0,$0 price
31995,2016.0,94184.0,duplicates
3300,2005.0,89000.0,kept
41995,2016.0,59000.0,duplicates
28590,2018.0,19326.0,duplicates
8900,1970.0,108000.0,before 1980
13500,2013.0,43571.0,kept
26337,2013.0,78584.0,kept
3500,2003.0,207321.0,kept
4500,2003.0,218000.0,kept
0,2016.0,45712.0,$0 price
24995,2012.0,166850.0,duplicates
22900,2016.0,78000.0,duplicates
5500,2008.0,187467.0,kept
42345,2020.0,28510.0,kept
11998,2016.0,28987.0,missing title
14000,2014.0,124000.0,kept
18000,1970.0,88600.0,before 1980
19000,2012.0,165746.0,duplicates
283,2018.0,28506.0,fake price
0,2018.0,39376.0,$0 price
17995,2019.0,22784.0,kept
0,2008.0,58846.0,$0 price
28750,2016.0,48575.0,kept
16990,2016.0,17631.0,duplicates
4000,2008.0,130000.0,kept
39995,2018.0,30120.0,duplicates
6000,1994.0,164000.0,kept
19990,2016.0,39044.0,duplicates
13450,2018.0,42000.0,kept
42900,2016.0,10237.0,kept
23990,2019.0,7281.0,duplicates
8500,2014.0,122616.0,missing fuel
4300,2011.0,228000.0,kept
47599,2016.0,128987.0,kept
14000,2013.0,190000.0,kept
12999,2014.0,63186.0,kept
5500,2009.0,160000.0,kept
261,2018.0,29749.0,fake price
13999,2010.0,112841.0,kept
13500,2008.0,144312.0,duplicates
8995,2015.0,88798.0,duplicates
45590,2018.0,5277.0,kept
13999,2013.0,55016.0,duplicates
0,2020.0,9451.0,$0 price
12595,2015.0,119496.0,kept
16000,1994.0,147000.0,kept
14995,2011.0,158291.0,duplicates
39590,2020.0,1419.0,duplicates
22000,2018.0,22000.0,kept
21000,2013.0,114765.0,kept
9900,2005.0,247000.0,duplicates
22990,2012.0,37725.0,duplicates
14500,2012.0,838930.0,bad odometer
25995,2012.0,38255.0,kept
15000,1996.0,94000.0,kept
0,2020.0,24147.0,$0 price
23995,2017.0,54849.0,duplicates
39000,2015.0,81000.0,kept
3650,2005.0,100000.0,kept
21998,2012.0,171248.0,kept
6499,2009.0,101049.0,kept
21899,2016.0,39275.0,missing title
386,2016.0,115399.0,fake price
400,1999.0,2.0,fake price
12800,2010.0,112954.0,kept
12500,1989.0,135000.0,kept
12000,2008.0,102586.0,duplicates
46800,2020.0,31119.0,kept
3500,2000.0,230500.0,kept
21990,2013.0,77018.0,duplicates
3750,2008.0,94246.0,kept
22999,2006.0,80435.0,kept
33900,2016.0,111000.0,duplicates
12995,2018.0,56127.0,kept
13488,2012.0,103747.0,kept
0,2018.0,35293.0,$0 price
23977,2010.0,114998.0,duplicates
2500,2007.0,260000.0,kept
29590,2015.0,41031.0,duplicates
5650,2010.0,182448.0,kept
5000,1996.0,100000.0,kept
3900,1992.0,220200.0,kept
80000,2006.0,90000.0,kept
16590,2015.0,39649.0,duplicates
6000,2010.0,150066.0,kept
24990,2013.0,70559.0,duplicates
9500,2005.0,137215.0,kept
9483,2013.0,124611.0,kept
163,2017.0,42693.0,fake price
19990,2017.0,103782.0,missing title
12999,2004.0,149269.0,kept
0,2019.0,66403.0,$0 price
7195,2011.0,73631.0,kept
10995,2016.0,116157.0,kept
0,2011.0,222000.0,$0 price
17318,2018.0,43216.0,duplicates
9500,1993.0,130000.0,kept
5500,2004.0,175000.0,kept
28990,2019.0,33076.0,kept
3000,2008.0,182012.0,kept
3350,1996.0,86000.0,kept
3000,2013.0,81001.0,kept
13995,2015.0,54607.0,kept
8495,2011.0,133000.0,kept
15300,2013.0,103500.0,kept
7995,2012.0,123000.0,duplicates
13995,2012.0,105000.0,kept
5995,2008.0,159021.0,kept
8383,2006.0,41153.0,kept
7990,2010.0,166656.0,kept
7995,2011.0,182065.0,duplicates
1500,2006.0,112000.0,kept
9500,2013.0,112447.0,kept
2995,2000.0,101000.0,kept
24990,2018.0,28946.0,duplicates
10495,2012.0,152188.0,kept
41990,2020.0,8104.0,duplicates
17990,2018.0,22649.0,duplicates
4950,2008.0,201101.0,kept
4500,2001.0,269000.0,kept
25988,2012.0,68259.0,duplicates
0,2017.0,80077.0,$0 price
18695,2012.0,102939.0,kept
2999,2001.0,1.0,bad odometer
37590,2018.0,22213.0,kept
0,1999.0,163000.0,$0 price
16500,2014.0,87000.0,kept
11500,2013.0,55000.0,kept
19995,2015.0,34973.0,kept
34995,2017.0,108650.0,duplicates
13297,2013.0,100061.0,duplicates
20998,2017.0,35839.0,duplicates
7999,2005.0,70832.0,kept
39990,2016.0,65368.0,duplicates
80,2004.0,94000.0,fake price
1700,2001.0,201000.0,kept
29995,2015.0,121260.0,kept
12498,2010.0,139481.0,missing fuel
12409,2014.0,92902.0,kept
26995,2017.0,106244.0,kept
12500,2010.0,163060.0,kept
32590,2015.0,15111.0,duplicates
2000,2004.0,181000.0,kept
15900,2016.0,65217.0,duplicates
29985,2015.0,104957.0,kept
20900,2016.0,68298.0,kept
17900,2011.0,145000.0,duplicates
29988,2018.0,11949.0,kept
14590,2012.0,80465.0,duplicates
6000,1985.0,87830.0,kept
4000,2013.0,110757.0,duplicates
6500,2013.0,143000.0,kept
1,2017.0,60453.0,fake price
39000,2019.0,12980.0,kept
20000,1952.0,72400.0,before 1980
0,2019.0,49000.0,$0 price
7950,2007.0,208000.0,kept
29995,2012.0,118754.0,missing transmission
4300,2010.0,501.0,kept
17500,2000.0,100000.0,kept
8488,2012.0,87932.0,kept
16965,1999.0,,bad odometer
5950,2014.0,89000.0,duplicates
0,2015.0,125029.0,$0 price
16495,2011.0,999.0,kept
14900,2013.0,144791.0,kept
28991,2020.0,25367.0,kept
11495,2012.0,92754.0,kept
12995,2011.0,156777.0,duplicates
0,2017.0,106328.0,$0 price
6999,1995.0,224000.0,kept
15995,2014.0,83116.0,duplicates
18900,2014.0,55147.0,kept
58995,2020.0,30109.0,duplicates
21288,2011.0,163436.0,duplicates
24990,2015.0,61261.0,duplicates
44990,2020.0,40440.0,kept
12800,2014.0,14100.0,kept
7495,2007.0,85420.0,kept
68999,2019.0,26816.0,duplicates
2495,2008.0,163000.0,kept
2800,2008.0,173000.0,kept
36988,2019.0,36590.0,duplicates
19995,2019.0,10123.0,kept
8995,2011.0,114009.0,kept
10850,1993.0,62700.0,kept
26895,2019.0,13994.0,kept
0,2014.0,40805.0,$0 price
12988,2000.0,244720.0,kept
22750,2010.0,17000.0,duplicates
5177,2009.0,146000.0,kept
6850,2009.0,197058.0,duplicates
30990,2017.0,29544.0,kept
29990,2015.0,49600.0,kept
6900,2008.0,179850.0,kept
14355,2014.0,72968.0,duplicates
11500,2012.0,95920.0,duplicates
7995,2008.0,108844.0,missing title
19637,2018.0,30543.0,duplicates
29999,2016.0,118202.0,kept
6299,2011.0,154408.0,kept
4999,2007.0,91246.0,kept
6995,2012.0,137715.0,kept
10499,2006.0,197518.0,duplicates
9950,2013.0,202259.0,kept
33500,2019.0,27034.0,kept
72999,2018.0,31890.0,kept
6850,2002.0,215234.0,duplicates
10800,2009.0,191950.0,kept
5800,2005.0,178059.0,kept
9975,2010.0,118000.0,kept
0,2006.0,88219.0,$0 price
16590,2012.0,80007.0,duplicates
1900,2006.0,,bad odometer
199,2017.0,18139.0,fake price
13499,2015.0,57589.0,kept
3999,2004.0,125069.0,duplicates
3000,2005.0,170000.0,kept
27980,2014.0,55600.0,kept
16499,2016.0,75811.0,kept
9995,2015.0,148000.0,duplicates
3999,2002.0,219874.0,kept
57095,2020.0,12139.0,kept
199,2017.0,20839.0,fake price
6500,2009.0,137203.0,kept
0,2020.0,942.0,$0 price
5495,2010.0,158977.0,kept
6900,2006.0,127000.0,kept
7900,2007.0,197046.0,duplicates
28990,2020.0,21.0,duplicates
32000,2017.0,43000.0,kept
40917,2017.0,47235.0,duplicates
0,2014.0,91609.0,$0 price
4500,2003.0,162049.0,kept
7999,2006.0,104825.0,kept
26995,2017.0,124217.0,duplicates
17339,2013.0,100390.0,kept
14500,2004.0,117000.0,kept
8788,2001.0,166107.0,duplicates
31990,2017.0,891.0,duplicates
40990,2019.0,12046.0,duplicates
22990,2013.0,47398.0,duplicates
17960,2016.0,69800.0,kept
0,2013.0,,$0 price
15990,2007.0,169041.0,missing fuel
6997,2007.0,148934.0,duplicates
44997,2018.0,25053.0,duplicates
7895,2011.0,85000.0,kept
26988,2017.0,40056.0,missing title
6988,2012.0,,bad odometer
5999,2010.0,137957.0,kept
13488,2008.0,137222.0,missing transmission
2800,2005.0,209371.0,kept
5900,2005.0,138000.0,kept
3500,2008.0,220000.0,kept
10800,2012.0,77000.0,kept
40998,2017.0,70435.0,duplicates
20999,2017.0,29958.0,duplicates
12995,2015.0,58265.0,kept
16983,2018.0,23299.0,kept
0,2018.0,40809.0,$0 price
17900,2011.0,120000.0,kept
11000,2004.0,147000.0,kept
8500,2006.0,97920.0,duplicates
38990,2019.0,11877.0,duplicates
62999,2015.0,67662.0,kept
9495,2010.0,143426.0,duplicates
6999,2011.0,153230.0,kept
42995,2016.0,65676.0,duplicates
45870,2017.0,1.0,bad odometer
31590,2020.0,16279.0,duplicates
0,2016.0,83203.0,$0 price
500,2014.0,102000.0,fake price
21800,2018.0,143603.0,duplicates
25990,2019.0,12302.0,duplicates
20995,2008.0,129427.0,duplicates
43590,2020.0,12012.0,duplicates
13500,2015.0,119037.0,duplicates
8500,2011.0,140000.0,kept
20597,2020.0,7555.0,kept
23995,2015.0,159055.0,kept
0,2021.0,2367.0,$0 price
15897,2018.0,65950.0,duplicates
0,2007.0,0.0,$0 price
1200,1993.0,50000.0,kept
33990,2018.0,13670.0,duplicates
27000,1947.0,4800.0,before 1980
23590,2012.0,33872.0,duplicates
12495,2013.0,119443.0,kept
22900,2008.0,115651.0,duplicates
37900,2018.0,23000.0,duplicates
38990,2020.0,14028.0,duplicates
49500,2015.0,627069.0,bad odometer
32500,2005.0,165865.0,duplicates
22900,2014.0,53551.0,duplicates
34990,2019.0,16505.0,duplicates
23995,2018.0,19324.0,duplicates
27990,2014.0,17805.0,duplicates
32590,2017.0,34303.0,duplicates
29990,2014.0,26129.0,duplicates
24399,2014.0,89968.0,duplicates
25990,2018.0,26778.0,duplicates
24990,2018.0,34454.0,duplicates
11000,2007.0,165336.0,kept
33590,2016.0,39775.0,duplicates
28800,2003.0,134526.0,duplicates
66995,2018.0,0.0,bad odometer
8250,2011.0,141277.0,kept
38990,2019.0,11877.0,duplicates
16995,2006.0,103227.0,missing transmission
4200,1999.0,153434.0,kept
38990,2019.0,6000.0,duplicates
14188,2015.0,121114.0,kept
52490,2017.0,110784.0,kept
4790,2009.0,128000.0,kept
24990,2012.0,26460.0,duplicates
10500,2015.0,71712.0,kept
7500,2009.0,153450.0,kept
4800,2000.0,139800.0,kept
14980,2018.0,17298.0,kept
19450,2013.0,132713.0,kept
6995,2009.0,128717.0,duplicates
24500,2008.0,265220.0,duplicates
21998,2014.0,67674.0,kept
17948,2017.0,31000.0,kept
5000,1977.0,100000.0,before 1980
23995,2017.0,54849.0,duplicates
25999,2012.0,177005.0,kept
15999,2014.0,36000.0,duplicates
7995,2007.0,297720.0,kept
38886,2015.0,167092.0,duplicates
24990,2018.0,12928.0,duplicates
19990,2013.0,24294.0,duplicates
35995,2016.0,195500.0,kept
10743,2010.0,81302.0,duplicates
13000,2000.0,246000.0,kept
11500,2003.0,365124.0,kept
54700,2018.0,57778.0,missing fuel
45000,2019.0,32000.0,kept
15900,2017.0,82673.0,kept
6500,2015.0,119499.0,kept
24995,2010.0,81165.0,duplicates
14000,2015.0,42000.0,kept
26590,2020.0,9954.0,duplicates
554,2015.0,73615.0,fake price
12990,2014.0,81350.0,duplicates
18588,2017.0,22628.0,kept
29990,2018.0,15923.0,duplicates
0,2020.0,39495.0,$0 price
29846,2016.0,54584.0,kept
2999,2005.0,250000.0,kept
33894,2020.0,24423.0,kept
12695,2015.0,118416.0,kept
22880,,29003.0,before 1980
0,2019.0,28039.0,$0 price
37990,2016.0,22870.0,duplicates
29777,2018.0,34040.0,duplicates
18900,2014.0,0.0,bad odometer
36974,2019.0,65771.0,kept
1000,2010.0,123456.0,duplicates
17990,2018.0,43608.0,kept
2999,2010.0,200000.0,kept
4950,2014.0,98000.0,duplicates
4981,2009.0,149242.0,duplicates
0,2016.0,98075.0,$0 price
17995,2013.0,139463.0,kept
44999,2018.0,34378.0,kept
0,2018.0,32558.0,$0 price
25999,,47647.0,before 1980
18950,2015.0,100750.0,kept
19990,2017.0,29254.0,duplicates
19995,2011.0,115876.0,duplicates
23990,2013.0,147418.0,kept
15991,2010.0,136656.0,kept
9500,1989.0,100000.0,kept
18500,2013.0,119432.0,kept
35590,2011.0,16796.0,duplicates
5995,2008.0,150550.0,duplicates
3150,2005.0,180361.0,kept
48888,2019.0,7951.0,duplicates
11600,2011.0,133411.0,duplicates
0,2016.0,22959.0,$0 price
19990,2016.0,39044.0,duplicates
31990,2016.0,55795.0,kept
3995,2006.0,103000.0,kept
264,2017.0,102399.0,fake price
28990,2017.0,49355.0,duplicates
16999,2004.0,135224.0,duplicates
13490,2014.0,89998.0,kept
52880,2021.0,9713.0,duplicates
0,2013.0,65494.0,$0 price
15990,2015.0,49215.0,kept
12875,2013.0,129000.0,kept
3100,2006.0,202000.0,kept
7000,1983.0,100000.0,kept
7495,2010.0,146500.0,kept
22995,2016.0,130000.0,duplicates
8500,2014.0,45000.0,kept
3500,2006.0,160000.0,kept
13995,2008.0,133000.0,kept
3500,2001.0,194000.0,kept
23995,2015.0,128350.0,kept
10800,1996.0,270000.0,kept
26909,2011.0,97584.0,duplicates
12825,2016.0,130412.0,missing title
6285,2008.0,133921.0,duplicates
15000,2007.0,55000.0,kept
39000,2019.0,22000.0,kept
16497,2012.0,173551.0,kept
10499,2016.0,48428.0,kept
2500,1998.0,190000.0,kept
9498,2009.0,174088.0,kept
0,2018.0,15729.0,$0 price
17590,2017.0,37117.0,duplicates
0,2008.0,131000.0,$0 price
12999,2016.0,56000.0,kept
29996,2017.0,40952.0,kept
7900,2010.0,157887.0,duplicates
14999,2015.0,160000.0,kept
26900,2015.0,100300.0,duplicates
18000,2001.0,94000.0,kept
14990,2012.0,98231.0,kept
0,2006.0,,$0 price
3900,1994.0,178459.0,kept
21999,2002.0,72915.0,duplicates
65999,2018.0,29587.0,duplicates
16590,2020.0,24060.0,kept
26990,2017.0,171514.0,duplicates
5891,2013.0,41958.0,kept
32999,2017.0,14325.0,duplicates
28988,2017.0,45760.0,missing title
17900,2020.0,3875.0,duplicates
7800,2017.0,7300.0,kept
0,2017.0,90434.0,$0 price
51995,2017.0,77982.0,kept
36590,2019.0,7619.0,duplicates
7997,2011.0,166000.0,duplicates
0,2013.0,85270.0,$0 price
4450,2009.0,101000.0,kept
13995,2013.0,139662.0,kept
5499,2006.0,155000.0,kept
7300,2006.0,115000.0,kept
33990,2012.0,88107.0,duplicates
800,1995.0,325000.0,kept
4495,2008.0,153184.0,kept
29990,2017.0,14113.0,duplicates
18990,2020.0,11491.0,duplicates
10450,2011.0,138755.0,kept
0,2017.0,74636.0,$0 price
30900,2014.0,31270.0,kept
24999,2014.0,79941.0,duplicates
39999,2016.0,111637.0,duplicates
3699,2004.0,162185.0,duplicates
4995,2005.0,174682.0,kept
0,2007.0,170908.0,$0 price
6999,2013.0,141743.0,duplicates
8995,2013.0,47852.0,duplicates
3000,2006.0,112800.0,kept
7500,2012.0,138333.0,duplicates
2495,2012.0,116806.0,kept
9600,2006.0,91000.0,duplicates
0,2014.0,198622.0,$0 price
36990,2017.0,17326.0,duplicates
4995,2009.0,213545.0,duplicates
42900,2017.0,123750.0,missing fuel
15995,2016.0,56429.0,kept
13500,2015.0,34000.0,kept
28998,2016.0,,bad odometer
6500,2008.0,176800.0,kept
39403,2018.0,50746.0,missing fuel
10984,2011.0,78647.0,duplicates
25990,2018.0,12767.0,duplicates
6500,2009.0,149000.0,kept
6400,2007.0,140125.0,kept
6900,2008.0,126000.0,kept
35995,2011.0,116599.0,kept
10500,2013.0,103000.0,kept
9000,2011.0,108000.0,kept
0,2019.0,39536.0,$0 price
14211,2009.0,112847.0,duplicates
28995,2017.0,95400.0,kept
8500,2016.0,109000.0,kept
0,2017.0,52335.0,$0 price
25990,2019.0,70640.0,duplicates
32983,2016.0,70523.0,kept
9995,2009.0,196755.0,kept
20990,2013.0,39759.0,duplicates
24995,2012.0,109870.0,kept
14991,2011.0,159531.0,kept
28990,2017.0,26288.0,duplicates
18990,2016.0,22592.0,kept
4495,2005.0,175930.0,kept
3900,2004.0,179000.0,kept
9995,2013.0,90600.0,kept
23950,2017.0,135831.0,duplicates
14885,2013.0,100984.0,kept
16999,2014.0,108820.0,duplicates
3200,2006.0,178762.0,kept
23500,2017.0,75311.0,duplicates
17950,2011.0,94206.0,duplicates
0,2013.0,,$0 price
18200,2017.0,50000.0,kept
10750,1999.0,60000.0,kept
900,1996.0,176000.0,kept
38990,2013.0,134000.0,duplicates
18941,2017.0,65921.0,missing title
129,2017.0,221785.0,fake price
26948,2016.0,127338.0,kept
3800,2002.0,227000.0,kept
28590,2019.0,10230.0,duplicates
6995,2011.0,154000.0,kept
28988,2016.0,69947.0,duplicates
15998,2014.0,71604.0,duplicates
17000,2015.0,90457.0,kept
4995,2007.0,175966.0,duplicates
6995,2010.0,78000.0,kept
18900,2009.0,62000.0,duplicates
26750,2019.0,20342.0,kept
5995,2013.0,88223.0,kept
27590,2016.0,40762.0,duplicates
7500,2014.0,123000.0,kept
36990,2018.0,5933.0,duplicates
7600,2006.0,120000.0,kept
9995,2004.0,208486.0,kept
26995,2017.0,41527.0,kept
5900,2010.0,0.0,bad odometer
34999,2018.0,14402.0,duplicates
27990,2014.0,17805.0,duplicates
2600,2014.0,79694.0,kept
31990,2014.0,63615.0,kept
11999,2013.0,111653.0,kept
17988,2016.0,57012.0,duplicates
7800,2008.0,205000.0,kept
31590,2019.0,12102.0,duplicates
18350,2012.0,112698.0,kept
10500,2015.0,79500.0,kept
2799,2000.0,186000.0,duplicates
4900,2011.0,154000.0,kept
24999,2005.0,26000.0,duplicates
2500,2010.0,220680.0,kept
5990,2008.0,164165.0,duplicates
24995,2014.0,50908.0,kept
3995,2001.0,180530.0,kept
100,2017.0,66341.0,fake price
9995,2013.0,127012.0,duplicates
35590,2018.0,19458.0,duplicates
6995,2011.0,155811.0,duplicates
9500,2010.0,105000.0,kept
18900,2017.0,121517.0,duplicates
15350,2002.0,37993.0,kept
16999,2017.0,63554.0,kept
101,2004.0,140210.0,fake price
23995,2009.0,182184.0,duplicates
9950,2013.0,110000.0,kept
42000,2019.0,73120.0,duplicates
0,2017.0,80000.0,$0 price
0,2018.0,56956.0,$0 price
122,2010.0,101992.0,fake price
49990,2013.0,98689.0,duplicates
21888,2015.0,100811.0,duplicates
33590,2019.0,7670.0,kept
455,2018.0,18334.0,fake price
12995,2013.0,34290.0,missing title
18488,2012.0,169629.0,kept
9650,2015.0,94447.0,kept
11995,,67751.0,before 1980
5500,2008.0,131000.0,kept
5500,2005.0,220000.0,kept
50895,2016.0,6104.0,duplicates
35990,2016.0,161669.0,duplicates
9500,1949.0,1.0,before 1980
30000,1967.0,130000.0,before 1980
5500,2011.0,218617.0,kept
49999,2016.0,181612.0,duplicates
39590,2017.0,10496.0,duplicates
2995,2004.0,166497.0,kept
29995,2015.0,68000.0,kept
38590,2019.0,28556.0,duplicates
45995,2015.0,117527.0,duplicates
71950,2017.0,32546.0,kept
15590,2014.0,35326.0,duplicates
25000,2008.0,1.0,bad odometer
21572,2018.0,42416.0,kept
35590,2020.0,5261.0,duplicates
32500,2015.0,76000.0,kept
17950,2011.0,138805.0,kept
21500,1986.0,104320.0,duplicates
23932,2019.0,32454.0,kept
23998,2019.0,24635.0,duplicates
10900,2008.0,139326.0,kept
5000,1980.0,59542.0,kept
19900,2004.0,230289.0,kept
23590,2020.0,2630.0,duplicates
0,2012.0,73447.0,$0 price
5900,2004.0,97847.0,kept
43995,2016.0,71458.0,kept
57995,2018.0,13192.0,duplicates
19599,2018.0,33015.0,kept
28000,2006.0,135000.0,kept
0,2017.0,89247.0,$0 price
0,2017.0,0.0,$0 price
17995,2017.0,46000.0,kept
8500,1986.0,100000.0,kept
7500,2007.0,182000.0,kept
25900,2012.0,117737.0,kept
15999,2015.0,81000.0,kept
25990,2019.0,12302.0,duplicates
16399,2011.0,1000.0,kept
26999,2016.0,98142.0,duplicates
3995,2006.0,151000.0,kept
5500,1950.0,99999.0,before 1980
38590,2020.0,875.0,unknown cylinders
11977,2017.0,134855.0,duplicates
23000,1972.0,75860.0,before 1980
24990,2020.0,11741.0,duplicates
17000,2004.0,130572.0,kept
0,2014.0,,$0 price
13556,2016.0,86805.0,kept
2900,2009.0,165422.0,kept
0,2017.0,34913.0,$0 price
10990,2011.0,166075.0,duplicates
28900,2015.0,97644.0,kept
20250,2014.0,200011.0,duplicates
6899,2012.0,132000.0,duplicates
11990,2012.0,73363.0,kept
406,2014.0,86596.0,fake price
10900,2014.0,110000.0,duplicates
0,2017.0,45000.0,$0 price
15998,2017.0,45683.0,kept
15998,2010.0,167847.0,kept
25990,2018.0,22834.0,duplicates
8500,2006.0,106324.0,kept
9450,1985.0,175000.0,kept
29990,2019.0,9459.0,duplicates
7495,2012.0,137000.0,duplicates
15887,2017.0,11180.0,missing fuel
33590,2020.0,30457.0,duplicates
15990,2016.0,29652.0,duplicates
26990,2016.0,24374.0,duplicates
24999,2016.0,17000.0,kept
12950,2011.0,140370.0,kept
2500,1949.0,42000.0,before 1980
18500,2015.0,81855.0,kept
1495,2006.0,246302.0,kept
13900,2011.0,152829.0,kept
53999,2015.0,125074.0,duplicates
16997,2015.0,103417.0,kept
30990,2016.0,49775.0,duplicates
348,2017.0,63640.0,fake price
34371,2014.0,71507.0,kept
27990,2020.0,7209.0,duplicates
18898,2018.0,34721.0,kept
0,2018.0,58874.0,$0 price
0,2015.0,52174.0,$0 price
0,2021.0,4192.0,$0 price
6995,2005.0,181398.0,kept
2500,2003.0,200000.0,kept
25955,2018.0,28534.0,kept
15000,2007.0,350000.0,duplicates
5995,2009.0,157206.0,duplicates
18950,2010.0,67000.0,kept
99,2020.0,36498.0,fake price
10500,2013.0,33990.0,kept
37990,2016.0,22870.0,duplicates
28995,2016.0,38766.0,kept
419,2020.0,13642.0,fake price
32985,2012.0,82660.0,kept
15990,2013.0,104806.0,kept
14990,2015.0,77726.0,duplicates
23995,2014.0,118000.0,kept
13900,2013.0,28273.0,duplicates
800,1990.0,97789.0,kept
24999,2019.0,20706.0,duplicates
15995,2014.0,160000.0,duplicates
10500,2014.0,93120.0,duplicates
5500,2004.0,251000.0,kept
5250,2010.0,205573.0,kept
8950,2008.0,85827.0,duplicates
9497,2011.0,96134.0,duplicates
35735,2020.0,21572.0,duplicates
11995,2012.0,114000.0,duplicates
34999,2016.0,79074.0,duplicates
9150,2006.0,129520.0,kept
9995,2012.0,110369.0,missing fuel
6995,2006.0,126929.0,kept
7500,2015.0,70000.0,kept
18790,2014.0,47010.0,duplicates
11995,2016.0,21944.0,missing fuel
9655,2014.0,90755.0,kept
27999,2013.0,134888.0,duplicates
37499,2018.0,25068.0,kept
9950,2005.0,138275.0,kept
25990,1999.0,141631.0,duplicates
22896,2007.0,0.0,bad odometer
15990,2016.0,40668.0,duplicates
47100,2015.0,47600.0,kept
0,2019.0,31868.0,$0 price
3500,1997.0,170000.0,kept
26590,2018.0,11540.0,kept
32999,2006.0,121000.0,kept
3983,2008.0,180000.0,kept
7488,2007.0,127365.0,kept
26990,2019.0,39685.0,duplicates
5495,2010.0,202813.0,duplicates
7400,2009.0,170000.0,kept
13885,2016.0,50362.0,kept
5500,2005.0,92000.0,duplicates
500,2011.0,100000.0,fake price
1950,1998.0,135891.0,kept
35000,2001.0,123200.0,duplicates
11495,2007.0,158177.0,duplicates
29900,2019.0,36015.0,missing title
11995,2016.0,52587.0,duplicates
25990,2019.0,21480.0,duplicates
8000,2009.0,116000.0,kept
59999,2019.0,30282.0,duplicates
2500,2005.0,153000.0,kept
12995,2013.0,116000.0,duplicates
39999,2015.0,198199.0,kept
0,2012.0,134282.0,$0 price
0,2017.0,79929.0,$0 price
19505,2005.0,165004.0,duplicates
19964,2019.0,19091.0,duplicates
7495,2010.0,118619.0,kept
5990,2002.0,180844.0,kept
3900,2002.0,93231.0,kept
22000,2005.0,106843.0,kept
12000,2014.0,46000.0,kept
15495,2011.0,78000.0,kept
0,2014.0,67966.0,$0 price
15155,2011.0,129601.0,duplicates
3900,2008.0,126000.0,kept
34990,2017.0,30559.0,duplicates
24990,2012.0,26460.0,duplicates
18895,2015.0,59319.0,duplicates
14800,2007.0,169177.0,kept
4900,2010.0,98000.0,kept
15990,2006.0,84995.0,duplicates
17888,2007.0,122582.0,kept
7995,2015.0,55878.0,kept
10990,2003.0,132500.0,duplicates
25000,2008.0,155000.0,kept
11995,2014.0,153000.0,duplicates
9514,2017.0,87037.0,duplicates
16978,2016.0,40000.0,kept
38950,2017.0,65703.0,duplicates
7000,2004.0,308000.0,kept
14997,2011.0,170888.0,kept
11700,2005.0,100999.0,kept
4200,2009.0,130230.0,kept
3750,2009.0,182000.0,kept
8950,2006.0,135294.0,duplicates
7991,2011.0,146908.0,duplicates
35000,2015.0,159000.0,kept
12000,2004.0,70500.0,kept
24995,2012.0,52377.0,duplicates
12995,2004.0,113017.0,kept
14900,2019.0,73244.0,kept
12500,2013.0,82000.0,duplicates
0,2017.0,25060.0,$0 price
18999,2011.0,201622.0,duplicates
8995,2011.0,117760.0,kept
17995,2011.0,162726.0,kept
12345,1970.0,1000.0,before 1980
18990,2016.0,99816.0,duplicates
0,2011.0,134166.0,$0 price
8990,2013.0,59072.0,duplicates
11000,2012.0,152000.0,duplicates
7700,2011.0,171000.0,kept
13700,2017.0,81000.0,kept
29500,2019.0,5330.0,kept
27985,2017.0,41311.0,duplicates
0,2018.0,75708.0,$0 price
2988,2010.0,206864.0,kept
5695,2008.0,87633.0,kept
11550,2014.0,103170.0,missing title
30772,2019.0,15960.0,kept
2200,2007.0,172000.0,kept
0,2019.0,30536.0,$0 price
14860,2016.0,88925.0,kept
20337,2014.0,101519.0,kept
0,1995.0,101967.0,$0 price
32590,2020.0,20015.0,duplicates
3100,2001.0,105700.0,kept
37499,2016.0,67868.0,missing fuel
1200,1964.0,555555.0,before 1980
16950,2014.0,115815.0,duplicates
16988,2013.0,170004.0,duplicates
10995,2014.0,74027.0,duplicates
16000,1983.0,35000.0,kept
15000,2007.0,235000.0,kept
8275,2014.0,107860.0,kept
33900,2013.0,180000.0,duplicates
3999,2005.0,222000.0,kept
20995,2016.0,92620.0,duplicates
3500,2008.0,158667.0,kept
35530,2018.0,22323.0,duplicates
8988,2005.0,45483.0,duplicates
24500,2020.0,12114.0,duplicates
42999,2015.0,156490.0,kept
19900,2007.0,138000.0,kept
26590,2019.0,24517.0,kept
3100,2006.0,150000.0,kept
9999,2012.0,108124.0,kept
43995,2014.0,192762.0,duplicates
45500,2018.0,32715.0,duplicates
10995,2011.0,78478.0,kept
45995,2016.0,51712.0,kept
4800,2005.0,187000.0,kept
3000,1997.0,141000.0,kept
0,2013.0,176953.0,$0 price
27590,2020.0,1309.0,duplicates
35653,2015.0,72185.0,duplicates
58960,2017.0,45948.0,kept
21995,2016.0,40847.0,duplicates
2700,2005.0,250000.0,kept
4500,2007.0,125145.0,kept
23900,2016.0,187975.0,duplicates
38498,2020.0,15734.0,duplicates
5900,2012.0,154000.0,kept
11795,2012.0,122916.0,duplicates
16590,2014.0,86919.0,duplicates
7500,2005.0,71000.0,kept
16850,2013.0,102921.0,duplicates
6000,2002.0,109000.0,kept
34999,2014.0,96288.0,kept
52995,2018.0,53093.0,duplicates
6999,2003.0,98000.0,kept
12000,2012.0,80920.0,kept
22990,2017.0,30334.0,duplicates
7877,2016.0,108881.0,duplicates
59900,2020.0,2.0,missing title
23998,2019.0,13120.0,duplicates
19900,2011.0,84651.0,kept
20999,2017.0,32282.0,kept
35990,2018.0,80000.0,kept
10200,2013.0,109000.0,kept
23631,2015.0,71504.0,duplicates
6495,2013.0,167000.0,kept
4500,2011.0,174000.0,kept
6990,2012.0,73398.0,kept
36995,2012.0,127999.0,duplicates
5480,2013.0,121954.0,missing title
9500,2014.0,200607.0,duplicates
0,2019.0,53589.0,$0 price
10000,2011.0,136000.0,kept
4250,2007.0,122405.0,kept
0,2019.0,14538.0,$0 price
38900,2007.0,39111.0,kept
0,2019.0,34939.0,$0 price
84900,2015.0,7225.0,kept
6995,2009.0,136783.0,duplicates
0,2019.0,8790.0,$0 price
2150,1998.0,170000.0,kept
1495,2006.0,112000.0,duplicates
30990,2019.0,13652.0,kept
9999,2003.0,178125.0,kept
16000,2008.0,300000.0,duplicates
734,2020.0,22139.0,fake price
11977,2014.0,180455.0,kept
20995,2012.0,111796.0,kept
24995,2012.0,166850.0,duplicates
30590,2018.0,18057.0,duplicates
5495,2014.0,109621.0,kept
11299,2017.0,103480.0,kept
31795,2019.0,51553.0,duplicates
58670,2016.0,16407.0,duplicates
5400,2009.0,700000.0,bad odometer
9995,2015.0,91039.0,duplicates
6990,2009.0,128500.0,duplicates
3200,2003.0,156000.0,kept
6900,2005.0,228000.0,kept
1200,1994.0,197000.0,kept
20000,2013.0,140253.0,kept
16590,2013.0,20989.0,duplicates
14990,2016.0,35415.0,duplicates
31990,2018.0,46183.0,duplicates
26999,2014.0,78502.0,duplicates
700,2007.0,205000.0,duplicates
5900,2004.0,126000.0,kept
16900,1987.0,180000.0,kept
21995,2015.0,118260.0,duplicates
3200,2001.0,134000.0,kept
23990,2015.0,53388.0,duplicates
223,2018.0,65140.0,fake price
25000,1983.0,1.0,bad odometer
7495,2011.0,172301.0,kept
13923,2014.0,80262.0,missing fuel
23990,2001.0,151122.0,duplicates
4950,2002.0,118000.0,kept
0,2017.0,31302.0,$0 price
15990,2010.0,48055.0,duplicates
9995,2007.0,154722.0,duplicates
27990,2019.0,9067.0,duplicates
46995,2017.0,46000.0,kept
5500,2004.0,191000.0,kept
13995,2009.0,139610.0,kept
6999,2004.0,124737.0,kept
15590,2016.0,53066.0,duplicates
5500,1999.0,298000.0,kept
4495,2008.0,132309.0,kept
32990,2017.0,29114.0,duplicates
0,2020.0,4189.0,$0 price
27900,2017.0,118010.0,missing fuel
21990,2019.0,16834.0,duplicates
4995,2014.0,138755.0,kept
15249,2016.0,70214.0,kept
22590,2011.0,64742.0,duplicates
17990,2015.0,86457.0,kept
0,2018.0,16798.0,$0 price
0,2016.0,116571.0,$0 price
30850,2017.0,44550.0,duplicates
11990,2014.0,109604.0,duplicates
29990,2016.0,17302.0,duplicates
49998,2013.0,122615.0,duplicates
18999,2013.0,99349.0,duplicates
63900,2018.0,70394.0,kept
1600,2005.0,199126.0,kept
16487,2011.0,105316.0,missing title
18800,1978.0,9999.0,before 1980
14590,2015.0,23872.0,duplicates
4950,2006.0,221095.0,kept
17495,2010.0,118367.0,duplicates
2500,2009.0,218000.0,kept
5000,2010.0,130658.0,kept
11900,2014.0,67622.0,kept
7980,2009.0,,bad odometer
20998,2017.0,77823.0,duplicates
36999,2013.0,96700.0,duplicates
10900,2015.0,127700.0,kept
15995,2017.0,63335.0,duplicates
20991,2019.0,18894.0,kept
2950,2007.0,188526.0,kept
31990,2020.0,4108.0,duplicates
25000,1972.0,21349.0,before 1980
6700,2008.0,193065.0,kept
0,2017.0,64606.0,$0 price
15495,2013.0,100000.0,kept
0,2005.0,182764.0,$0 price
0,2014.0,101402.0,$0 price
36950,2013.0,116716.0,kept
35885,2013.0,186605.0,duplicates
0,2019.0,13990.0,$0 price
24918,2018.0,18029.0,kept
0,2004.0,67005.0,$0 price
3800,2000.0,137000.0,kept
332,2017.0,60138.0,fake price
6900,2011.0,189000.0,kept
124,2006.0,120611.0,fake price
77900,,22432.0,before 1980
32990,2016.0,42344.0,duplicates
258,2019.0,7332.0,fake price
38590,2018.0,21379.0,duplicates
3100,2003.0,170000.0,kept
8998,2010.0,117568.0,duplicates
9295,2014.0,107681.0,kept
6500,2003.0,159000.0,kept
37590,2020.0,3939.0,duplicates
0,2018.0,25801.0,$0 price
13700,2010.0,151793.0,kept
332,2018.0,28219.0,fake price
4000,1972.0,85000.0,before 1980
0,2014.0,83334.0,$0 price
3350,2005.0,299999.0,kept
0,2014.0,81731.0,$0 price
12500,1972.0,58000.0,before 1980
18991,2015.0,67501.0,kept
6500,2012.0,190000.0,kept
4500,2003.0,262810.0,kept
10995,2011.0,100892.0,duplicates
16995,2013.0,140000.0,duplicates
25990,2017.0,94677.0,duplicates
30990,2018.0,41466.0,kept
0,2009.0,173183.0,$0 price
54995,2014.0,71127.0,duplicates
33995,2015.0,78055.0,duplicates
14900,2017.0,10800.0,kept
6199,2009.0,110000.0,kept
15999,2014.0,105162.0,duplicates
42590,2019.0,10247.0,duplicates
0,2015.0,80878.0,$0 price
500,1990.0,225000.0,kept
4900,2007.0,,bad odometer
9990,2012.0,173180.0,kept
6900,2003.0,47900.0,kept
5700,2008.0,151000.0,kept
0,2017.0,18875.0,$0 price
5950,2007.0,176903.0,kept
0,2018.0,33000.0,$0 price
2200,1967.0,99999.0,before 1980
6750,1999.0,64000.0,kept
8995,2012.0,121428.0,kept
23997,2017.0,28580.0,kept
32900,2015.0,20070.0,duplicates
9995,2002.0,197997.0,kept
13800,2010.0,99149.0,kept
1800,2004.0,330111.0,duplicates
46995,2019.0,135.0,kept
18000,2008.0,130000.0,kept
14791,2018.0,39949.0,kept
900,1998.0,100000.0,kept
14995,2014.0,112336.0,duplicates
15995,2016.0,8000.0,kept
34500,2007.0,97000.0,duplicates
0,2013.0,105263.0,$0 price
18500,2014.0,133000.0,kept
35990,2020.0,3330.0,duplicates
22990,2006.0,124012.0,kept
3000,2009.0,118819.0,kept
6900,2012.0,153461.0,duplicates
257,2013.0,58876.0,fake price
14499,2014.0,152726.0,duplicates
2500,2003.0,212000.0,kept
6988,2016.0,,bad odometer
16900,2015.0,121000.0,kept
15500,2016.0,55000.0,kept
62000,2019.0,43500.0,kept
3500,2010.0,151071.0,kept
999,2015.0,42000.0,fake price
0,2013.0,56195.0,$0 price
29995,2016.0,64741.0,duplicates
6499,2013.0,130000.0,duplicates
34000,2018.0,16988.0,duplicates
35990,2014.0,42213.0,duplicates
12995,2015.0,92724.0,kept
19590,2018.0,27714.0,kept
23488,2015.0,57863.0,kept
3495,2005.0,148456.0,duplicates
30000,2013.0,40700.0,kept
3995,2010.0,195900.0,kept
3300,2011.0,1.0,bad odometer
5999,2007.0,62000.0,duplicates
4500,2006.0,197222.0,duplicates
18500,2003.0,74000.0,kept
17000,2015.0,87000.0,kept
6600,2007.0,142000.0,kept
25999,2007.0,263491.0,kept
21990,2011.0,32652.0,duplicates
12999,2017.0,51810.0,duplicates
6495,2009.0,200878.0,duplicates
23590,2017.0,25343.0,duplicates
33590,2020.0,786.0,duplicates
32477,2015.0,126042.0,duplicates
5495,2010.0,152296.0,kept
8500,2009.0,124455.0,kept
370,2016.0,61148.0,fake price
1150,2000.0,110000.0,kept
7500,2007.0,88500.0,kept
2750,2002.0,255376.0,kept
15988,2017.0,100865.0,kept
49990,2018.0,22118.0,duplicates
0,2014.0,126888.0,$0 price
39590,2020.0,19160.0,duplicates
13969,2016.0,75434.0,kept
6500,2012.0,150000.0,kept
8500,2002.0,133000.0,kept
19991,2017.0,50970.0,kept
34500,2017.0,30875.0,kept
13491,2016.0,50495.0,kept
24995,2009.0,131986.0,duplicates
3950,2010.0,186.0,kept
8995,2006.0,168006.0,kept
25488,2018.0,28464.0,kept
47999,2018.0,4145.0,kept
6495,2010.0,128140.0,duplicates
10990,2008.0,91049.0,kept
18999,2015.0,69154.0,duplicates
11599,2019.0,26000.0,kept
39995,2019.0,13078.0,kept
16998,2016.0,51119.0,kept
31500,2018.0,96800.0,kept
8900,2013.0,89000.0,kept
0,2006.0,75000.0,$0 price
21990,2018.0,7233.0,duplicates
25900,2015.0,34358.0,duplicates
7500,2006.0,228000.0,kept
23990,2018.0,49760.0,duplicates
19990,2016.0,24859.0,kept
36990,2018.0,42913.0,duplicates
15999,2009.0,121130.0,kept
12995,2008.0,132741.0,kept
0,2018.0,24347.0,$0 price
7999,2010.0,99274.0,kept
15000,2008.0,76160.0,kept
24900,2017.0,100407.0,duplicates
16731,2015.0,57939.0,kept
0,2018.0,99425.0,$0 price
16000,2000.0,38600.0,kept
46999,2016.0,140233.0,duplicates
22995,2019.0,14000.0,kept
33590,2018.0,23776.0,duplicates
21995,2015.0,65450.0,duplicates
5200,2010.0,131000.0,kept
15590,2013.0,74793.0,kept
34990,2018.0,18650.0,duplicates
12500,2002.0,129847.0,duplicates
7900,2004.0,187222.0,duplicates
99,2017.0,39978.0,fake price
8950,1998.0,92060.0,duplicates
3000,1976.0,46968.0,before 1980
17750,2017.0,31000.0,kept
55990,2015.0,207548.0,duplicates
8500,2017.0,92000.0,missing fuel
27995,2015.0,53122.0,kept
12900,2015.0,105458.0,kept
14590,2012.0,60329.0,kept
15999,2013.0,89000.0,kept
0,2017.0,129488.0,$0 price
23990,2016.0,48409.0,duplicates
6450,2006.0,138316.0,kept
33980,2015.0,77480.0,kept
2499,2001.0,174913.0,kept
36590,2020.0,5768.0,duplicates
15985,2015.0,118378.0,duplicates
600,2004.0,165000.0,duplicates
0,2016.0,56964.0,$0 price
10000,2016.0,99728.0,duplicates
13000,2002.0,69800.0,duplicates
0,2014.0,0.0,$0 price
21997,2014.0,88301.0,kept
155000,2020.0,250.0,kept
4000,2002.0,200000.0,duplicates
4600,2010.0,182000.0,kept
600,2020.0,12345.0,fake price
17495,2010.0,145151.0,duplicates
11500,2001.0,195000.0,kept
21952,2018.0,31923.0,kept
28999,1955.0,1232.0,before 1980
0,2017.0,89465.0,$0 price
6999,2014.0,96826.0,duplicates
15995,2006.0,188000.0,kept
7995,2013.0,94165.0,kept
4250,2007.0,139000.0,kept
30000,2007.0,123000.0,duplicates
9500,2006.0,155000.0,kept
1700,1994.0,235701.0,kept
6400,2007.0,129987.0,kept
2500,1988.0,240000.0,kept
36995,2017.0,58959.0,duplicates
8675,2011.0,125508.0,kept
6995,2005.0,153975.0,kept
25990,2017.0,22820.0,duplicates
13983,2015.0,70425.0,kept
17990,2010.0,73602.0,duplicates
4300,2004.0,73000.0,kept
1200,2003.0,234638.0,kept
19990,2008.0,107040.0,duplicates
2800,1948.0,100000.0,before 1980
5900,2009.0,112000.0,duplicates
15000,2016.0,137615.0,kept
29900,2012.0,106800.0,kept
27341,2013.0,99768.0,kept
6900,2011.0,79450.0,kept
10995,2008.0,165239.0,duplicates
0,2003.0,312722.0,$0 price
19500,2003.0,214000.0,kept
28590,2017.0,37218.0,duplicates
32900,2019.0,16524.0,duplicates
11000,2006.0,49000.0,kept
519,2015.0,33779.0,fake price
37990,2019.0,9650.0,duplicates
36990,2018.0,5933.0,duplicates
44900,2018.0,20825.0,kept
1900,1984.0,9000000.0,bad odometer
19250,2014.0,73422.0,duplicates
13495,2015.0,105269.0,kept
3000,2006.0,133000.0,kept
6495,2010.0,128140.0,duplicates
2300,2015.0,19956.0,kept
17993,2014.0,84546.0,kept
31990,2018.0,19179.0,duplicates
27500,2011.0,96169.0,kept
23332,2018.0,20005.0,kept
35590,2020.0,14628.0,duplicates
10995,2010.0,208898.0,kept
0,2013.0,97925.0,$0 price
17590,2017.0,41606.0,duplicates
19995,2011.0,115876.0,kept
35990,2019.0,9508.0,duplicates
59999,2015.0,39500.0,duplicates
27590,2018.0,11260.0,duplicates
6300,2008.0,59000.0,kept
24990,2017.0,42421.0,duplicates
27000,2014.0,110000.0,kept
9950,2016.0,78000.0,kept
550,1987.0,765432.0,bad odometer
25992,2021.0,1100.0,duplicates
8480,2010.0,105401.0,kept
0,2019.0,16340.0,$0 price
13988,2018.0,38000.0,duplicates
59988,2020.0,14096.0,kept
4200,2008.0,168520.0,kept
4200,2009.0,161216.0,kept
49998,2013.0,122615.0,duplicates
21590,2015.0,24056.0,duplicates
4500,2010.0,155000.0,kept
34999,1989.0,141525.0,duplicates
30990,2017.0,43039.0,duplicates
536,2014.0,100153.0,fake price
451,2017.0,42962.0,fake price
11995,2012.0,153820.0,duplicates
8995,2013.0,81885.0,duplicates
15994,2011.0,71603.0,kept
23850,2017.0,126451.0,kept
4500,2013.0,100000.0,kept
32291,2016.0,60000.0,kept
3700,1997.0,195410.0,kept
23499,2012.0,63882.0,kept
29998,2018.0,2993.0,kept
15590,2012.0,59617.0,duplicates
31990,2017.0,25026.0,duplicates
15897,2018.0,65950.0,kept
5995,2005.0,120000.0,kept
12995,2017.0,115053.0,duplicates
0,2018.0,30000.0,$0 price
34981,2020.0,36784.0,duplicates
21500,2014.0,56286.0,duplicates
7995,2015.0,128000.0,kept
0,2020.0,4575.0,$0 price
43995,2017.0,55458.0,kept
25988,2019.0,,bad odometer
65,2012.0,165000.0,fake price
21900,1972.0,61355.0,before 1980
0,2008.0,104512.0,$0 price
26990,2017.0,31573.0,duplicates
28590,2018.0,22898.0,duplicates
3995,2002.0,155812.0,kept
35000,2009.0,619000.0,bad odometer
3000,2007.0,146000.0,kept
2000,2003.0,189000.0,kept
11999,2016.0,55644.0,kept
4400,1999.0,200000.0,kept
17300,2019.0,3611.0,kept
231,2017.0,43279.0,fake price
39995,2015.0,85805.0,duplicates
5500,2005.0,130000.0,kept
24500,2018.0,24790.0,kept
7595,2011.0,157000.0,kept
33900,2018.0,38841.0,duplicates
1900,2005.0,178000.0,kept
11950,2015.0,72342.0,duplicates
4800,2009.0,181000.0,kept
36990,2019.0,14508.0,duplicates
10900,1964.0,78000.0,before 1980
24850,2020.0,12417.0,kept
29990,2012.0,43182.0,duplicates
11100,2015.0,85000.0,kept
38990,2017.0,54805.0,kept
5900,1998.0,161000.0,kept
16590,2018.0,22248.0,duplicates
14977,2016.0,42257.0,duplicates
37599,2017.0,51135.0,kept
28995,2012.0,78135.0,kept
990,2021.0,0.0,fake price
19990,2016.0,39044.0,duplicates
21497,2013.0,93010.0,duplicates
24900,2016.0,122238.0,duplicates
0,2018.0,56590.0,$0 price
22990,2018.0,47829.0,duplicates
27500,2011.0,92000.0,kept
14998,2015.0,90273.0,kept
29999,2012.0,52144.0,kept
3590,2001.0,137819.0,kept
39995,2015.0,83423.0,duplicates
21995,2014.0,167352.0,duplicates
16950,2013.0,63625.0,kept
16988,2015.0,163390.0,kept
27590,2018.0,20845.0,duplicates
30000,2018.0,17080.0,kept
5450,2008.0,128042.0,duplicates
21900,2009.0,100851.0,duplicates
34950,2018.0,27824.0,duplicates
0,2011.0,141520.0,$0 price
16900,2014.0,220100.0,kept
7200,2007.0,56000.0,kept
15900,2017.0,63372.0,duplicates
25980,2013.0,64783.0,duplicates
3900,2011.0,160000.0,kept
8499,2007.0,124876.0,kept
33000,2016.0,104500.0,kept
21998,2017.0,40103.0,duplicates
25995,2004.0,162980.0,kept
37991,2019.0,25740.0,duplicates
1700,2002.0,81000.0,kept
0,2020.0,58977.0,$0 price
7995,2007.0,119615.0,kept
10995,2010.0,220100.0,kept
30900,2015.0,113000.0,duplicates
0,2004.0,0.0,$0 price
42998,2016.0,,bad odometer
12971,2011.0,87615.0,duplicates
11980,2013.0,171151.0,duplicates
14995,2008.0,130000.0,duplicates
11488,2008.0,89082.0,duplicates
28039,2021.0,4.0,kept
73500,2020.0,25004.0,duplicates
30995,2016.0,32961.0,kept
6900,2012.0,30685.0,duplicates
2550,2004.0,224105.0,kept
3950,2001.0,246000.0,kept
8995,2014.0,110465.0,kept
12500,2015.0,69186.0,kept
33590,2014.0,55251.0,duplicates
10995,2016.0,98255.0,kept
18590,2020.0,27505.0,kept
6900,2007.0,204114.0,duplicates
49995,2014.0,61170.0,duplicates
28900,2014.0,85138.0,missing fuel
27990,2011.0,123622.0,duplicates
16990,2014.0,64086.0,duplicates
1,2019.0,140000.0,fake price
21999,2016.0,35525.0,kept
13995,2010.0,139079.0,kept
110000,2001.0,18750.0,kept
3895,2011.0,106000.0,duplicates
14900,2013.0,122319.0,duplicates
0,2019.0,64951.0,$0 price
25990,2019.0,12302.0,duplicates
1500,1979.0,50000.0,before 1980
12500,2018.0,18000.0,kept
0,2018.0,15354.0,$0 price
23590,2016.0,32320.0,duplicates
21590,2016.0,37793.0,duplicates
2250,1997.0,144000.0,kept
0,2020.0,0.0,$0 price
2800,2005.0,172000.0,kept
8990,2013.0,101981.0,kept
21988,2013.0,164281.0,duplicates
35990,2014.0,42213.0,duplicates
12998,2015.0,67112.0,kept
12981,2009.0,65453.0,kept
32987,2018.0,3456.0,duplicates
36590,2020.0,3592.0,duplicates
163,2016.0,95526.0,fake price
12995,2011.0,116000.0,kept
15990,2015.0,53000.0,duplicates
2395,1997.0,149000.0,kept
25000,2007.0,94000.0,kept
25921,2015.0,135801.0,duplicates
4500,2008.0,120.0,kept
7995,2011.0,97095.0,kept
6995,2010.0,134000.0,duplicates
40000,2016.0,13655.0,kept
0,2013.0,127396.0,$0 price
12900,2014.0,111800.0,duplicates
0,2015.0,89950.0,$0 price
22730,2003.0,91833.0,kept
4000,2004.0,147000.0,kept
29990,2014.0,26129.0,duplicates
9995,1998.0,147064.0,kept
18990,2015.0,19479.0,duplicates
38919,2018.0,28306.0,kept
5500,2013.0,158000.0,duplicates
25734,2013.0,98300.0,missing fuel
9995,2004.0,134467.0,kept
1500,2010.0,115000.0,kept
195,2013.0,106441.0,fake price
25590,2018.0,8666.0,duplicates
3500,1979.0,87000.0,before 1980
7997,2006.0,71598.0,duplicates
2500,2002.0,240000.0,kept
27990,2014.0,145257.0,duplicates
9995,2011.0,117985.0,kept
21225,2015.0,93500.0,kept
25590,2015.0,35290.0,duplicates
20900,2005.0,155000.0,kept
25990,2014.0,15575.0,duplicates
3500,2005.0,259002.0,duplicates
38999,2019.0,32494.0,kept
4500,2009.0,89000.0,kept
5000,1993.0,153275.0,kept
7495,2015.0,154215.0,duplicates
33990,2018.0,37647.0,duplicates
53988,2018.0,55575.0,kept
9995,2013.0,97011.0,kept
10900,1997.0,249000.0,kept
36990,2015.0,51677.0,duplicates
19653,2017.0,39118.0,duplicates
5951,2010.0,122171.0,duplicates
34000,2018.0,79000.0,kept
13990,2010.0,87506.0,duplicates
0,2011.0,86086.0,$0 price
10900,2007.0,196639.0,duplicates
33911,2020.0,2889.0,kept
29999,2016.0,78379.0,duplicates
38990,2020.0,14028.0,duplicates
9800,2008.0,312000.0,duplicates
38900,2017.0,73000.0,duplicates
5500,2003.0,120000.0,kept
50995,2016.0,79630.0,duplicates
15988,2013.0,58244.0,missing transmission
56981,2020.0,13078.0,kept
4500,2005.0,151000.0,kept
39998,2018.0,23707.0,duplicates
0,2016.0,0.0,$0 price
0,2019.0,29744.0,$0 price
8395,2012.0,128390.0,duplicates
0,2012.0,500.0,$0 price
5200,2007.0,184740.0,duplicates
31990,2018.0,19179.0,duplicates
25990,2017.0,22820.0,duplicates
10695,1979.0,107700.0,before 1980
26990,2020.0,13863.0,kept
0,2014.0,19394.0,$0 price
22990,2017.0,37557.0,duplicates
7995,2005.0,101641.0,kept
6995,2008.0,153577.0,kept
283,2013.0,100867.0,fake price
29990,2020.0,31657.0,duplicates
22795,2014.0,72768.0,kept
14995,2017.0,76211.0,duplicates
0,2014.0,100.0,$0 price
13800,2008.0,115777.0,kept
65995,2017.0,50501.0,duplicates
0,2015.0,80740.0,$0 price
23998,2019.0,26703.0,kept
19977,2017.0,23348.0,duplicates
60000,2016.0,35711.0,kept
16774,2017.0,74050.0,kept
7995,2011.0,98216.0,duplicates
3500,1996.0,67000.0,kept
18989,2014.0,117257.0,duplicates
12995,2008.0,84128.0,kept
0,2020.0,5937.0,$0 price
21999,2014.0,64091.0,duplicates
279,2018.0,54747.0,fake price
9795,2013.0,99515.0,kept
7350,2008.0,132020.0,kept
19994,2011.0,129200.0,kept
48995,2018.0,115000.0,kept
0,2016.0,50728.0,$0 price
6388,2013.0,139176.0,kept
41590,2019.0,14072.0,duplicates
2800,2007.0,200.0,kept
0,2015.0,105907.0,$0 price
24994,2017.0,30279.0,duplicates
19985,2015.0,68712.0,kept
9900,2016.0,165258.0,kept
14900,2010.0,82000.0,kept
39999,2014.0,140794.0,duplicates
40590,2018.0,43652.0,duplicates
478,2016.0,43894.0,fake price
24900,2015.0,48578.0,kept
0,2016.0,17329.0,$0 price
46495,2017.0,58297.0,duplicates
32000,2014.0,19175.0,kept
31990,2017.0,35921.0,duplicates
19990,2017.0,6054.0,duplicates
18590,2017.0,30223.0,duplicates
450,1988.0,220000.0,fake price
5995,2012.0,55771.0,kept
45000,2020.0,6638.0,kept
5990,2015.0,113000.0,kept
16590,2009.0,55930.0,duplicates
8675,2014.0,146000.0,duplicates
7999,2008.0,126960.0,duplicates
32995,2018.0,37867.0,duplicates
11988,2016.0,74522.0,kept
23483,2015.0,71504.0,duplicates
7995,2016.0,97000.0,kept
22991,2016.0,47672.0,duplicates
66900,2021.0,5.0,missing title
6800,2010.0,109000.0,kept
57341,2019.0,39356.0,duplicates
0,2019.0,23206.0,$0 price
8490,2001.0,170010.0,kept
13432,2015.0,70425.0,kept
1200,1995.0,207000.0,duplicates
326,2010.0,45465.0,fake price
9990,2010.0,89934.0,duplicates
13500,2011.0,48500.0,kept
10999,2014.0,138000.0,kept
8995,2011.0,107780.0,duplicates
0,2015.0,140570.0,$0 price
14990,2011.0,78399.0,kept
3800,2004.0,200000.0,kept
0,2016.0,92412.0,$0 price
0,2016.0,114562.0,$0 price
25000,2010.0,240000.0,kept
26590,2017.0,13836.0,duplicates
7500,2014.0,123142.0,kept
22998,2017.0,60235.0,duplicates
33990,2018.0,30570.0,duplicates
34990,2018.0,37509.0,duplicates
39990,2018.0,44054.0,duplicates
6300,2005.0,180060.0,kept
26630,2020.0,20429.0,duplicates
11999,2013.0,84470.0,duplicates
33400,2017.0,69000.0,kept
77995,2019.0,18531.0,duplicates
37995,2019.0,41509.0,kept
1500,1980.0,126000.0,kept
16500,2013.0,95000.0,kept
4995,1998.0,227565.0,kept
28990,2017.0,49355.0,duplicates
8000,2006.0,86000.0,kept
2850,2003.0,285000.0,kept
31990,2020.0,4582.0,duplicates
7975,2006.0,149183.0,kept
29590,2017.0,31153.0,duplicates
31595,2018.0,36623.0,kept
21849,2016.0,38976.0,kept
6997,2008.0,92842.0,kept
24990,2014.0,117851.0,duplicates
18500,2001.0,68449.0,duplicates
8900,2010.0,173000.0,kept
6999,2002.0,151533.0,duplicates
45668,2018.0,37157.0,duplicates
0,2015.0,73462.0,$0 price
8299,2014.0,140114.0,kept
24995,2015.0,84091.0,kept
14914,2009.0,168483.0,kept
5495,2010.0,128175.0,duplicates
14995,2009.0,197757.0,duplicates
5900,2011.0,120769.0,duplicates
5800,2009.0,170000.0,kept
0,2013.0,130456.0,$0 price
24900,2001.0,72970.0,duplicates
28500,2005.0,163000.0,kept
32995,2015.0,58745.0,duplicates
34995,2016.0,97349.0,kept
28990,2014.0,24783.0,kept
37990,2018.0,22869.0,duplicates
22900,2014.0,53551.0,duplicates
16995,2012.0,120951.0,kept
30590,2017.0,24238.0,duplicates
2600,2001.0,102000.0,kept
0,2016.0,91414.0,$0 price
0,2017.0,23573.0,$0 price
3250,2005.0,175000.0,kept
4900,2007.0,99000.0,kept
0,2008.0,333950.0,$0 price
19995,2017.0,37556.0,kept
29590,2015.0,43874.0,duplicates
15590,2016.0,7076.0,duplicates
13900,2014.0,88000.0,kept
15953,2009.0,67586.0,missing title
27000,2005.0,152129.0,duplicates
57000,2017.0,54999.0,duplicates
14900,2011.0,222830.0,kept
18000,2017.0,38000.0,kept
7900,2013.0,37000.0,kept
41999,2015.0,126000.0,duplicates
18995,2013.0,154075.0,kept
29990,2019.0,27908.0,duplicates
3000,2005.0,81000.0,kept
21775,2019.0,24302.0,duplicates
14995,2013.0,65000.0,kept
2500,2004.0,143500.0,kept
5995,2013.0,135271.0,duplicates
26500,2009.0,76950.0,kept
37990,2019.0,337.0,duplicates
9999,1999.0,90879.0,kept
5500,2006.0,58000.0,kept
37888,2004.0,27968.0,kept
20000,1973.0,120000.0,before 1980
13900,2018.0,11345.0,kept
6950,2012.0,159723.0,duplicates
0,2016.0,87329.0,$0 price
35800,2018.0,24765.0,kept
36990,2020.0,4139.0,kept
0,2013.0,108634.0,$0 price
16995,2015.0,77565.0,kept
4750,2005.0,271966.0,kept
15590,2011.0,85116.0,duplicates
4995,2007.0,90000.0,kept
500,2018.0,500.0,fake price
0,2014.0,112404.0,$0 price
17483,2016.0,64714.0,duplicates
16995,2013.0,87392.0,kept
32990,2013.0,62588.0,duplicates
9500,2009.0,126529.0,kept
16990,2018.0,10205.0,duplicates
116,2008.0,149694.0,fake price
3500,2009.0,118000.0,kept
500,2011.0,80125.0,fake price
177,2012.0,70169.0,fake price
261,2020.0,4797.0,fake price
17500,2012.0,102246.0,duplicates
25995,2015.0,151681.0,missing fuel
12899,2015.0,113828.0,duplicates
4500,1995.0,190225.0,kept
0,2019.0,22344.0,$0 price
19691,2015.0,70452.0,kept
4975,2011.0,139000.0,kept
42995,2011.0,119452.0,duplicates
9400,2004.0,130000.0,duplicates
10950,2011.0,117822.0,duplicates
26149,2017.0,44895.0,duplicates
5900,2013.0,155000.0,kept
0,2012.0,90044.0,$0 price
19996,2019.0,9370.0,duplicates
9500,1985.0,99999.0,kept
5995,2006.0,151000.0,duplicates
21590,2019.0,7898.0,duplicates
8999,2011.0,115817.0,duplicates
19468,2018.0,52735.0,kept
10000,1999.0,180000.0,kept
18883,2016.0,99000.0,kept
60000,2003.0,148057.0,kept
5495,2003.0,203067.0,duplicates
9900,2005.0,291137.0,kept
23400,2014.0,101188.0,duplicates
4999,2006.0,100370.0,kept
28888,2018.0,26583.0,missing title
9500,2012.0,150758.0,missing title
3200,2007.0,158043.0,kept
27495,,35346.0,before 1980
36590,2019.0,17647.0,duplicates
0,2016.0,86191.0,$0 price
4700,2014.0,84000.0,kept
47995,2011.0,73148.0,kept
25990,2013.0,98879.0,duplicates
0,2015.0,114000.0,$0 price
21998,1979.0,54450.0,before 1980
31980,2019.0,13135.0,kept
28590,2020.0,24253.0,duplicates
39990,2020.0,7469.0,duplicates
6999,2007.0,99000.0,kept
23495,2015.0,146795.0,duplicates
28995,2018.0,24588.0,kept
39162,2018.0,32493.0,kept
44900,2015.0,167405.0,duplicates
7995,2008.0,118526.0,duplicates
23999,2014.0,177473.0,kept
4700,2010.0,119000.0,kept
0,2014.0,0.0,$0 price
7995,2010.0,152030.0,duplicates
24499,2013.0,95128.0,duplicates
7800,2010.0,147380.0,kept
13800,2013.0,117582.0,kept
38990,2020.0,19067.0,duplicates
6700,2009.0,100823.0,duplicates
8999,2013.0,100571.0,kept
8995,2013.0,126000.0,kept
8495,2010.0,135000.0,kept
3999,2008.0,111000.0,duplicates
64900,2020.0,157.0,missing title
15500,2010.0,96908.0,kept
20250,1996.0,17435.0,kept
65999,2018.0,29587.0,duplicates
19898,2015.0,58190.0,kept
4900,2005.0,164873.0,kept
4200,2007.0,133241.0,kept
5400,2011.0,136922.0,kept
1300,2000.0,142000.0,kept
6000,2003.0,389000.0,kept
4999,2007.0,198164.0,kept
216,2015.0,55506.0,fake price
16000,2013.0,98215.0,duplicates
17980,2005.0,132718.0,kept
19990,2013.0,41512.0,duplicates
29990,2012.0,40321.0,duplicates
2650,2014.0,160000.0,kept
7450,2008.0,171000.0,kept
10995,2013.0,101000.0,kept
17000,2019.0,34075.0,duplicates
36590,2018.0,19139.0,duplicates
11995,2016.0,131000.0,duplicates
31431,2018.0,36047.0,missing title
73180,2017.0,85210.0,duplicates
16997,2016.0,43000.0,duplicates
33888,2013.0,67915.0,kept
9900,2013.0,96903.0,duplicates
5995,2015.0,59000.0,kept
4000,1963.0,8888.0,before 1980
61000,2019.0,30000.0,kept
4850,2005.0,170000.0,kept
16995,2011.0,82816.0,kept
18495,2010.0,81079.0,kept
13995,2011.0,176103.0,kept
6495,2011.0,170700.0,kept
11999,2008.0,146341.0,kept
10500,1978.0,0.0,before 1980
55477,2018.0,60607.0,duplicates
3750,2005.0,192633.0,kept
0,2019.0,28349.0,$0 price
5200,2006.0,59710.0,kept
48999,2012.0,83595.0,kept
17500,1976.0,10000.0,before 1980
6999,2004.0,275939.0,duplicates
11500,1997.0,359986.0,kept
2500,2000.0,176000.0,kept
2500,2004.0,115732.0,kept
12000,2011.0,67000.0,kept
25590,2015.0,35290.0,duplicates
12990,2013.0,109003.0,kept
29590,2017.0,15530.0,duplicates
3450,2012.0,148620.0,kept
248,2018.0,76168.0,fake price
9000,2015.0,98948.0,kept
23195,2020.0,36854.0,kept
32990,2019.0,6897.0,duplicates
0,2021.0,10.0,$0 price
16590,2016.0,39763.0,duplicates
3000,2014.0,96000.0,kept
7999,1981.0,97010.0,duplicates
24990,2017.0,40338.0,duplicates
3999,2009.0,198780.0,duplicates
3950,2010.0,124000.0,kept
25990,2019.0,12302.0,duplicates
17900,2015.0,163000.0,kept
4500,2000.0,88076.0,kept
3995,1999.0,49000.0,kept
10200,2011.0,158000.0,kept
27620,2020.0,7939.0,kept
15498,2020.0,45421.0,kept
37999,2020.0,33179.0,kept
14000,2005.0,139000.0,kept
29888,2018.0,24550.0,kept
29986,2019.0,30505.0,kept
26590,2017.0,34159.0,duplicates
24900,2017.0,0.0,bad odometer
20990,2018.0,61066.0,duplicates
0,2015.0,67357.0,$0 price
11380,2012.0,171324.0,kept
39999,2018.0,27428.0,kept
31988,2017.0,52405.0,duplicates
2700,2002.0,199400.0,kept
21378,2017.0,29996.0,missing fuel
5500,2005.0,130000.0,kept
9500,1963.0,90440.0,before 1980
34595,2018.0,106085.0,kept
30997,2016.0,45162.0,duplicates
12300,2014.0,286000.0,kept
33800,2018.0,40000.0,kept
7450,2010.0,745555.0,bad odometer
0,2013.0,150435.0,$0 price
0,2008.0,93586.0,$0 price
15900,2013.0,129214.0,kept
5900,2005.0,178875.0,kept
9899,2016.0,63661.0,kept
14975,2014.0,99990.0,kept
21400,2003.0,24156.0,kept
48000,2013.0,300000.0,duplicates
7650,2011.0,141350.0,kept
1595,2017.0,64000.0,kept
8995,2006.0,62928.0,kept
502,2014.0,54358.0,fake price
6995,2007.0,1.0,bad odometer
0,2018.0,22112.0,$0 price
6995,2005.0,141839.0,kept
495,2013.0,122308.0,fake price
21590,2017.0,14934.0,duplicates
74800,2020.0,27224.0,duplicates
0,2012.0,185832.0,$0 price
14995,2003.0,100266.0,duplicates
2900,2004.0,156850.0,kept
55000,2002.0,61275.0,kept
20507,2014.0,76479.0,kept
21590,2019.0,20974.0,kept
4995,2008.0,105407.0,kept
12430,2011.0,74296.0,kept
7995,2011.0,103031.0,kept
17999,2016.0,55564.0,missing title
190,2015.0,86000.0,fake price
0,2018.0,64720.0,$0 price
36590,2020.0,9350.0,duplicates
28995,2018.0,93667.0,kept
32388,2017.0,63428.0,duplicates
7500,1999.0,115000.0,kept
11000,2013.0,98996.0,duplicates
25990,2019.0,25067.0,duplicates
14000,2009.0,134000.0,kept
2900,1999.0,209963.0,kept
23000,2015.0,81000.0,kept
15569,2018.0,40513.0,kept
4500,2010.0,171000.0,kept
7988,2006.0,230179.0,kept
24991,2019.0,8007.0,kept
14995,2004.0,238960.0,missing fuel
99,2018.0,54683.0,fake price
34990,2018.0,35965.0,duplicates
14998,2012.0,119492.0,kept
6000,1976.0,131000.0,before 1980
4500,2001.0,150000.0,kept
49995,2019.0,40807.0,kept
0,2017.0,70230.0,$0 price
2499,1999.0,137057.0,kept
23590,2016.0,31460.0,duplicates
28990,2015.0,108093.0,duplicates
15995,2017.0,27959.0,kept
12900,2011.0,120251.0,kept
39590,2020.0,11725.0,duplicates
40990,2014.0,53263.0,duplicates
28900,2017.0,84315.0,missing title
31590,2017.0,28185.0,duplicates
4999,2006.0,200000.0,duplicates
12000,2007.0,93000.0,kept
32590,2015.0,15111.0,duplicates
35590,2018.0,28162.0,duplicates
0,2011.0,117536.0,$0 price
14259,2019.0,24110.0,duplicates
9000,2004.0,300.0,kept
21995,2017.0,88947.0,duplicates
28900,2017.0,103616.0,kept
11800,2012.0,72000.0,kept
20000,1986.0,70510.0,kept
51995,2018.0,19920.0,kept
44998,2018.0,,bad odometer
35995,2015.0,83756.0,duplicates
47990,2018.0,81575.0,kept
34999,2015.0,87801.0,duplicates
16988,2017.0,70000.0,missing title
6995,2003.0,171382.0,duplicates
31700,2018.0,29567.0,duplicates
4000,2002.0,241000.0,kept
20990,2016.0,41070.0,duplicates
29999,2013.0,1.0,bad odometer
4500,2006.0,101012.0,duplicates
0,2015.0,95882.0,$0 price
12500,2013.0,124300.0,kept
99991,2016.0,34529.0,kept
4999,2008.0,169723.0,kept
19990,2018.0,49037.0,duplicates
21995,2014.0,139175.0,kept
71999,2019.0,29723.0,duplicates
37990,2019.0,29229.0,duplicates
9950,2016.0,68000.0,duplicates
13990,2011.0,93883.0,duplicates
0,2014.0,186567.0,$0 price
26688,2015.0,77404.0,kept
5600,2012.0,124000.0,kept
9100,2013.0,130560.0,kept
0,2011.0,,$0 price
15999,2013.0,65620.0,kept
30590,2017.0,17022.0,duplicates
32590,2017.0,25627.0,duplicates
6985,2010.0,157172.0,kept
7895,2001.0,201000.0,duplicates
7500,2002.0,306900.0,kept
23999,2016.0,43030.0,duplicates
4400,2009.0,132150.0,kept
19999,2018.0,43464.0,kept
31990,2017.0,15498.0,duplicates
6995,2003.0,170284.0,duplicates
9990,1986.0,97779.0,kept
36590,2018.0,15813.0,duplicates
38990,2018.0,19957.0,duplicates
5695,2014.0,109984.0,kept
33900,2020.0,4658.0,duplicates
17927,2012.0,67085.0,duplicates
24950,2015.0,136377.0,duplicates
34988,2016.0,43510.0,kept
12900,2014.0,137000.0,kept
22988,2016.0,40130.0,duplicates
13950,2014.0,112087.0,duplicates
16500,2017.0,47307.0,duplicates
3800,1990.0,220000.0,kept
5800,1975.0,163000.0,before 1980
32990,2020.0,21204.0,duplicates
1000,2006.0,229000.0,kept
46350,2016.0,50000.0,kept
0,2015.0,115259.0,$0 price
5950,1951.0,42000.0,before 1980
36990,2019.0,5128.0,duplicates
4995,2007.0,164171.0,duplicates
38900,2020.0,42400.0,kept
30990,2014.0,67344.0,duplicates
33990,2020.0,5329.0,duplicates
6295,2010.0,87000.0,duplicates
52592,2019.0,13731.0,kept
23499,2017.0,44730.0,kept
9700,2011.0,92000.0,kept
28590,2010.0,16903.0,duplicates
44999,2017.0,29581.0,duplicates
11000,2014.0,117472.0,duplicates
22888,2014.0,129417.0,kept
13999,2011.0,218489.0,duplicates
38590,2019.0,7896.0,duplicates
35498,,22362.0,before 1980
3750,2010.0,194000.0,kept
17500,2017.0,71627.0,missing title
0,2016.0,114831.0,$0 price
0,2018.0,32869.0,$0 price
24988,2013.0,105550.0,duplicates
32990,2017.0,10193.0,duplicates
42990,2010.0,87307.0,duplicates
8998,2015.0,54443.0,duplicates
0,2017.0,76555.0,$0 price
24850,2015.0,114500.0,kept
48567,2021.0,1.0,kept
3500,2008.0,144219.0,duplicates
0,2015.0,117477.0,$0 price
33590,2019.0,17037.0,duplicates
36990,2017.0,15443.0,duplicates
20995,2018.0,38004.0,kept
31990,2020.0,2408.0,duplicates
26500,2014.0,139847.0,kept
8495,2016.0,95831.0,kept
23707,2017.0,22264.0,missing fuel
26990,2014.0,63129.0,duplicates
12588,2013.0,97545.0,kept
10999,2013.0,101048.0,missing title
14000,1987.0,1.0,bad odometer
23161,2019.0,27125.0,duplicates
2500,1987.0,128536.0,kept
385,2018.0,43430.0,fake price
11995,2011.0,85559.0,duplicates
56750,2021.0,10.0,kept
22990,2016.0,13642.0,duplicates
61988,2015.0,66311.0,kept
5200,2006.0,150000.0,kept
1,2014.0,53811.0,fake price
24990,2018.0,19099.0,duplicates
399,2016.0,42000.0,fake price
24590,2018.0,33036.0,duplicates
34995,2018.0,27488.0,duplicates
15590,2016.0,10974.0,duplicates
32990,2017.0,10193.0,duplicates
13000,2016.0,45000.0,kept
0,2014.0,58349.0,$0 price
33990,2017.0,36171.0,kept
31998,2019.0,76301.0,duplicates
4750,2004.0,174000.0,kept
25990,2017.0,29170.0,duplicates
3500,2002.0,174000.0,kept
24990,2014.0,30031.0,kept
21000,2013.0,39000.0,kept
34250,1934.0,8713.0,before 1980
31888,2015.0,70264.0,duplicates
7972,2014.0,95365.0,kept
25990,2020.0,8004.0,kept
9900,1998.0,134000.0,kept
13990,2015.0,67000.0,duplicates
37990,2020.0,6873.0,unknown cylinders
888,2012.0,100000.0,fake price
28488,2018.0,47861.0,kept
0,2015.0,61443.0,$0 price
24977,2015.0,97050.0,duplicates
32000,1963.0,24000.0,before 1980
21998,2018.0,31980.0,kept
0,2018.0,28902.0,$0 price
0,2018.0,96227.0,$0 price
38000,2019.0,17300.0,kept
38900,2015.0,119000.0,kept
25590,2018.0,31943.0,duplicates
25500,2019.0,23290.0,kept
8950,1998.0,92060.0,duplicates
0,2008.0,,$0 price
13971,2017.0,85198.0,missing title
24996,2014.0,139070.0,kept
43900,2009.0,117000.0,duplicates
5500,2007.0,167000.0,kept
250,2011.0,100000.0,fake price
0,2007.0,,$0 price
19991,2017.0,36774.0,duplicates
45990,2014.0,87320.0,duplicates
9995,2001.0,49016.0,duplicates
32990,2019.0,3896.0,duplicates
29990,2019.0,21462.0,duplicates
25990,2017.0,33211.0,kept
15995,2013.0,108059.0,kept
26500,2016.0,40000.0,kept
0,2013.0,40000.0,$0 price
39700,2017.0,31220.0,duplicates
38295,2017.0,39282.0,missing fuel
12997,2008.0,115932.0,kept
11700,2007.0,226578.0,kept
52999,2018.0,26301.0,duplicates
1,2018.0,51900.0,fake price
25990,2014.0,15575.0,duplicates
31590,2020.0,3936.0,unknown cylinders
4200,2003.0,149000.0,kept
4295,2005.0,0.0,bad odometer
4000,2005.0,221000.0,kept
7995,2010.0,207891.0,kept
0,2017.0,81247.0,$0 price
17995,2017.0,75728.0,kept
17990,2011.0,61300.0,duplicates
15490,2013.0,112824.0,kept
19500,2008.0,217598.0,kept
7970,2012.0,158559.0,duplicates
43800,2016.0,94625.0,kept
0,2014.0,95497.0,$0 price
20995,2018.0,30504.0,duplicates
35990,2018.0,28498.0,duplicates
24590,2017.0,36731.0,duplicates
31590,2019.0,12102.0,duplicates
31990,2018.0,19179.0,duplicates
33990,2015.0,18975.0,kept
28990,2019.0,17214.0,kept
1,2014.0,100000.0,fake price
2000,2007.0,95000.0,duplicates
3100,2005.0,145853.0,kept
229500,2018.0,7910.0,fake price
0,2015.0,130501.0,$0 price
31894,2018.0,31833.0,kept
10981,2018.0,117164.0,duplicates
29590,2017.0,70760.0,duplicates
20900,2017.0,147124.0,duplicates
26995,2018.0,65732.0,kept
32995,2012.0,119120.0,kept
25959,2017.0,5914.0,kept
12900,2014.0,187561.0,duplicates
19495,2015.0,43010.0,kept
14988,2018.0,96324.0,kept
37614,2016.0,72125.0,duplicates
38990,2017.0,20676.0,duplicates
5995,2007.0,166012.0,kept
499,2015.0,86487.0,fake price
46429,2018.0,30260.0,kept
45988,2015.0,80307.0,kept
18990,2013.0,97133.0,duplicates
38995,2017.0,99615.0,kept
39590,2017.0,10496.0,duplicates
17838,2011.0,146615.0,kept
14995,2018.0,103489.0,kept
39950,1978.0,49343.0,before 1980
5995,2012.0,93000.0,kept
14495,2015.0,101184.0,kept
375,2012.0,9999.0,fake price
42500,2016.0,70000.0,duplicates
27800,1999.0,91210.0,duplicates
0,2008.0,196512.0,$0 price
37,2019.0,1.0,fake price
7995,2014.0,121091.0,kept
38750,2016.0,100256.0,kept
7500,2002.0,49000.0,kept
11995,2011.0,118285.0,duplicates
3500,2003.0,155439.0,kept
13500,2013.0,64122.0,kept
10995,2012.0,194588.0,duplicates
40990,2018.0,27605.0,duplicates
37998,2017.0,65700.0,duplicates
45000,2019.0,33000.0,kept
0,2017.0,28099.0,$0 price
8900,1967.0,79139.0,before 1980
25590,2020.0,1113.0,duplicates
7895,2012.0,103.0,kept
32995,2017.0,120235.0,duplicates
36990,2018.0,46298.0,duplicates
37990,2018.0,49822.0,duplicates
26990,2018.0,26101.0,duplicates
8995,2014.0,88544.0,kept
0,2017.0,61080.0,$0 price
19000,2015.0,70049.0,duplicates
4999,2007.0,142672.0,kept
199,2017.0,21347.0,fake price
11988,2006.0,126460.0,duplicates
5000,2017.0,53880.0,kept
38495,2018.0,88053.0,duplicates
19995,2016.0,110320.0,kept
33590,2014.0,57923.0,duplicates
0,2011.0,119334.0,$0 price
42590,2020.0,818.0,kept
2795,2003.0,147055.0,duplicates
58995,2017.0,99470.0,duplicates
30990,2017.0,18342.0,duplicates
3500,1954.0,100000.0,before 1980
0,2015.0,90023.0,$0 price
3750,2009.0,159654.0,kept
5500,1999.0,184557.0,kept
12000,2012.0,23000.0,kept
64000,2002.0,49000.0,kept
57112,2020.0,98880.0,duplicates
3500,2007.0,176510.0,kept
10999,2012.0,130000.0,kept
9500,1997.0,98093.0,kept
9999,2013.0,61027.0,kept
16900,2014.0,40309.0,duplicates
13599,2019.0,57043.0,kept
2000,1991.0,242224.0,kept
9900,2006.0,154206.0,duplicates
2500,2004.0,164554.0,kept
500,2002.0,310000.0,kept
5995,2014.0,74636.0,kept
7998,2007.0,147444.0,duplicates
1850,2005.0,180000.0,kept
8999,1986.0,161773.0,kept
39498,2018.0,42951.0,duplicates
7975,2008.0,147000.0,duplicates
5495,1973.0,80000.0,before 1980
26990,2020.0,25494.0,duplicates
33519,2019.0,49270.0,missing title
7995,2006.0,116003.0,kept
1,2018.0,28775.0,fake price
8995,2010.0,94000.0,duplicates
6500,1951.0,0.0,before 1980
0,2015.0,,$0 price
21999,2001.0,60800.0,kept
29990,2015.0,129482.0,duplicates
34995,2017.0,88438.0,duplicates
31590,2018.0,21415.0,duplicates
3500,2011.0,162400.0,kept
23998,2021.0,10.0,kept
5900,2015.0,111179.0,kept
7000,2007.0,150210.0,kept
26997,2015.0,115384.0,duplicates
5500,2008.0,155000.0,kept
63977,2018.0,44576.0,duplicates
9995,1974.0,111304.0,before 1980
29800,2000.0,127088.0,duplicates
0,2008.0,167905.0,$0 price
8000,2011.0,85000.0,kept
34999,2017.0,35601.0,duplicates
71938,2017.0,29210.0,kept
1000,1992.0,262600.0,kept
26990,2020.0,6639.0,kept
28990,2018.0,24486.0,duplicates
3500,2007.0,132000.0,duplicates
3300,2011.0,141000.0,kept
22995,2021.0,8140.0,kept
44590,2018.0,12060.0,duplicates
8795,2004.0,160827.0,kept
0,2010.0,93798.0,$0 price
54000,2020.0,86700.0,kept
3400,2004.0,190150.0,kept
24995,2018.0,177.0,duplicates
18995,2016.0,68132.0,kept
2250,2000.0,205000.0,kept
28988,2015.0,116275.0,duplicates
325,2016.0,62212.0,fake price
29990,2018.0,27883.0,kept
0,2017.0,13849.0,$0 price
33990,2020.0,9859.0,duplicates
8777,2008.0,175000.0,kept
15995,2007.0,121112.0,kept
25995,2017.0,48000.0,kept
20347,2019.0,22160.0,duplicates
2999,2005.0,130000.0,kept
23990,2016.0,130832.0,kept
800,2003.0,102000.0,duplicates
16590,2014.0,86958.0,kept
12900,2014.0,25000.0,duplicates
13500,2002.0,128500.0,kept
21999,2012.0,221000.0,kept
16888,2012.0,132474.0,duplicates
12000,2015.0,87145.0,kept
17990,2017.0,20909.0,duplicates
6995,2006.0,139920.0,duplicates
12955,2012.0,105120.0,kept
3200,2010.0,90000.0,kept
7999,2007.0,295650.0,duplicates
9500,2010.0,85400.0,duplicates
17995,2013.0,110988.0,kept
49999,2020.0,17952.0,kept
31999,2021.0,3.0,kept
3499,2002.0,137352.0,duplicates
19990,2018.0,49958.0,kept
10998,2014.0,86667.0,kept
7500,2007.0,140000.0,kept
999,2014.0,,fake price
0,2011.0,119644.0,$0 price
8700,2001.0,55150.0,kept
22590,2020.0,3722.0,duplicates
20995,2019.0,34347.0,kept
23470,2017.0,62655.0,kept
23911,2017.0,32533.0,kept
14877,2012.0,90132.0,kept
100,2014.0,1246.0,fake price
14995,2018.0,32894.0,kept
22615,2018.0,28495.0,duplicates
36990,2019.0,14508.0,duplicates
3995,2005.0,81214.0,duplicates
32700,2019.0,13646.0,duplicates
17995,2008.0,129218.0,duplicates
24590,2013.0,80318.0,duplicates
6995,2010.0,146119.0,duplicates
27414,2018.0,28510.0,duplicates
18991,2018.0,33742.0,kept
15995,2015.0,99105.0,duplicates
23500,2016.0,93017.0,duplicates
3200,2008.0,169500.0,kept
51988,2021.0,7652.0,duplicates
33995,2020.0,24238.0,kept
11995,2009.0,161100.0,duplicates
31422,2018.0,100164.0,kept
0,2013.0,120926.0,$0 price
11900,2019.0,29826.0,duplicates
23995,2018.0,40158.0,duplicates
50500,2020.0,,bad odometer
12000,1995.0,55341.0,kept
14499,2008.0,119000.0,duplicates
11900,2013.0,50000.0,duplicates
16590,2015.0,39649.0,duplicates
6800,1939.0,18556.0,before 1980
47990,2014.0,66212.0,duplicates
4900,2000.0,176295.0,duplicates
19000,2012.0,114000.0,kept
37590,2020.0,7762.0,kept
15990,2016.0,40668.0,duplicates
8299,2014.0,94828.0,duplicates
6995,2012.0,77980.0,kept
9495,2013.0,167922.0,duplicates
4750,1999.0,218500.0,kept
1000,2008.0,219000.0,kept
47999,2019.0,14959.0,duplicates
23800,2014.0,129897.0,duplicates
7495,2011.0,130739.0,missing transmission
9317,2013.0,68192.0,kept
0,2015.0,83146.0,$0 price
6995,2011.0,85456.0,kept
0,2008.0,65000.0,$0 price
28626,2020.0,11509.0,kept
2995,2004.0,205550.0,kept
17900,2013.0,133168.0,duplicates
26995,2008.0,217630.0,kept
39999,2012.0,93612.0,duplicates
11600,2008.0,102000.0,kept
77846,2015.0,30200.0,duplicates
55000,2018.0,12000.0,kept
2000,2005.0,141000.0,kept
37998,2015.0,87958.0,kept
34899,2016.0,90670.0,kept
47590,2020.0,5591.0,duplicates
9950,2008.0,141000.0,kept
19994,2013.0,100413.0,kept
9999,2009.0,108675.0,duplicates
24000,2016.0,200000.0,kept
4250,2003.0,175000.0,kept
9995,1997.0,139000.0,kept
20000,1984.0,81000.0,kept
98750,2020.0,1300.0,duplicates
32990,2017.0,10193.0,duplicates
29969,2016.0,109979.0,duplicates
21990,2015.0,31653.0,duplicates
63750,2018.0,53500.0,duplicates
8499,2014.0,116251.0,duplicates
3750,2009.0,150000.0,kept
33990,2017.0,10744.0,kept
6995,2011.0,125412.0,duplicates
9500,2010.0,84000.0,kept
4995,2008.0,164802.0,duplicates
10300,1948.0,1.0,before 1980
59999,2019.0,24029.0,kept
20995,2015.0,78376.0,duplicates
9525,2006.0,77458.0,kept
0,2014.0,91458.0,$0 price
0,2018.0,35324.0,$0 price
7000,2011.0,157320.0,unknown cylinders
19990,2017.0,29254.0,duplicates
14950,2016.0,63722.0,duplicates
19990,2013.0,41512.0,duplicates
10999,2013.0,101048.0,missing title
13488,2017.0,100394.0,duplicates
9000,2011.0,150000.0,kept
37990,2016.0,22870.0,duplicates
51999,2015.0,50088.0,kept
41590,2020.0,27160.0,duplicates
6990,2000.0,141883.0,duplicates
0,2016.0,81069.0,$0 price
23000,2007.0,140000.0,kept
2995,2006.0,217366.0,kept
25995,2016.0,74000.0,kept
0,2007.0,46775.0,$0 price
29995,2014.0,0.0,bad odometer
19500,2008.0,118000.0,kept
12995,2010.0,143394.0,duplicates
9999,2008.0,119537.0,kept
0,2016.0,96669.0,$0 price
11995,2012.0,139093.0,kept
30000,2013.0,216000.0,kept
324,2017.0,65814.0,fake price
29995,2015.0,106869.0,kept
27990,2018.0,6745.0,duplicates
0,2018.0,44977.0,$0 price
78995,2018.0,23766.0,kept
2600,2007.0,1.0,bad odometer
9877,2009.0,117708.0,duplicates
111111,1999.0,100.0,duplicates
21900,2015.0,99610.0,kept
28995,2015.0,105571.0,missing title
36990,2018.0,23424.0,kept
24255,2019.0,41628.0,kept
45988,2018.0,13591.0,duplicates
19491,2013.0,79893.0,duplicates
26000,2014.0,98846.0,kept
10999,2004.0,139805.0,missing transmission
3250,2010.0,202128.0,kept
18590,2018.0,21311.0,kept
21990,2016.0,41251.0,duplicates
13500,1999.0,213000.0,kept
0,2013.0,85576.0,$0 price
17000,2010.0,93000.0,kept
35590,2018.0,22805.0,duplicates
52880,2021.0,9713.0,kept
38590,2011.0,30237.0,duplicates
6199,2010.0,107000.0,kept
21990,2014.0,58481.0,kept
7995,2009.0,126000.0,duplicates
296,2014.0,152642.0,fake price
18990,2016.0,99816.0,duplicates
8995,2009.0,101015.0,kept
0,2015.0,55215.0,$0 price
33590,2014.0,57923.0,duplicates
17277,2016.0,118708.0,kept
25590,2015.0,35290.0,duplicates
7000,2008.0,104000.0,kept
30590,2019.0,21246.0,duplicates
9500,1994.0,300000.0,kept
32500,2017.0,74718.0,missing title
15590,2016.0,53066.0,duplicates
20500,2017.0,64261.0,kept
4000,2005.0,165000.0,kept
59500,2005.0,199358.0,duplicates
19990,2017.0,29254.0,duplicates
3500,2005.0,67825.0,kept
11000,2006.0,163000.0,kept
37590,2018.0,33038.0,duplicates
39590,2020.0,2037.0,kept
3999,2000.0,165987.0,missing title
5500,2008.0,152000.0,kept
30000,2017.0,99000.0,kept
15994,2017.0,39932.0,kept
16990,2016.0,17631.0,duplicates
3000,1973.0,4211.0,before 1980
16995,2016.0,69547.0,kept
0,2002.0,,$0 price
9823,2012.0,154877.0,kept
18497,2013.0,138065.0,duplicates
15995,2015.0,95733.0,duplicates
29590,2017.0,35320.0,duplicates
17300,2018.0,30371.0,kept
19500,2008.0,161000.0,kept
8000,2016.0,214000.0,kept
29990,2018.0,23559.0,duplicates
1,2017.0,36257.0,fake price
4500,2013.0,108000.0,kept
0,2013.0,74315.0,$0 price
33590,2017.0,45464.0,duplicates
33590,2018.0,27365.0,duplicates
15990,2017.0,48195.0,duplicates
7429,2013.0,91835.0,kept
0,2016.0,61925.0,$0 price
5500,2007.0,154540.0,kept
19500,2008.0,151986.0,kept
300,1993.0,161446.0,fake price
34995,2016.0,74988.0,missing fuel
0,2015.0,0.0,$0 price
15000,2013.0,62152.0,duplicates
27995,2014.0,99250.0,duplicates
20495,2013.0,107952.0,kept
17950,2012.0,107641.0,duplicates
5950,2007.0,131158.0,duplicates
15999,2004.0,272910.0,kept
9323,2015.0,36351.0,kept
19995,2018.0,43000.0,kept
28561,2016.0,44853.0,kept
5000,2011.0,160000.0,kept
18900,2003.0,120000.0,kept
33988,2014.0,57969.0,kept
19988,2012.0,1.0,bad odometer
24199,2019.0,16000.0,kept
26990,2016.0,14230.0,duplicates
0,2015.0,95900.0,$0 price
10999,2014.0,83491.0,duplicates
26000,2019.0,20113.0,kept
11500,2014.0,98001.0,duplicates
6999,2006.0,244405.0,kept
42900,2014.0,179163.0,kept
32590,2020.0,14913.0,duplicates
6495,2006.0,201000.0,duplicates
13998,2012.0,104000.0,kept
15499,2017.0,104479.0,kept
14900,2005.0,771000.0,bad odometer
29998,2018.0,35274.0,kept
33990,2018.0,59714.0,kept
0,2018.0,45075.0,$0 price
65000,1970.0,102489.0,before 1980
1500,2005.0,155000.0,kept
6800,2007.0,123101.0,kept
406,2019.0,11587.0,fake price
8990,2013.0,99937.0,kept
5995,2011.0,124073.0,kept
7500,2013.0,135460.0,duplicates
14999,2013.0,130284.0,kept
35590,2017.0,22401.0,duplicates
7000,2000.0,100100.0,kept
11999,2008.0,119527.0,duplicates
16995,2019.0,53787.0,kept
41999,2019.0,85059.0,duplicates
17995,2021.0,,bad odometer
2999,2001.0,182000.0,kept
4500,2008.0,126000.0,kept
10500,2004.0,213000.0,kept
31999,2017.0,79465.0,kept
21995,2015.0,90468.0,kept
14995,2017.0,37204.0,kept
24999,2017.0,55425.0,duplicates
5995,2006.0,153665.0,kept
48995,2016.0,35951.0,kept
6999,1984.0,210000.0,kept
27500,2012.0,102257.0,duplicates
5000,2005.0,147125.0,kept
28590,2018.0,43994.0,duplicates
7950,2014.0,132053.0,duplicates
2000,2016.0,111802.0,duplicates
26888,2021.0,5261.0,kept
43500,2006.0,138498.0,duplicates
13995,2011.0,97275.0,kept
19900,2019.0,36913.0,missing title
0,2013.0,,$0 price
22950,2011.0,64351.0,duplicates
100,2017.0,60192.0,fake price
5500,2005.0,171800.0,duplicates
1900,2006.0,170000.0,kept
39990,2019.0,17961.0,duplicates
34995,2018.0,69216.0,kept
20990,2020.0,3622.0,kept
10995,2011.0,149919.0,kept
17995,2010.0,218000.0,kept
34990,2020.0,12562.0,duplicates
0,2017.0,14725.0,$0 price
0,2010.0,111.0,$0 price
29900,2019.0,11628.0,kept
2500,2005.0,361000.0,kept
38888,2018.0,88310.0,duplicates
23000,2015.0,16800.0,kept
9995,2010.0,99170.0,duplicates
7400,2009.0,208000.0,kept
18500,2017.0,49929.0,missing fuel
19000,2004.0,171976.0,kept
5800,2011.0,105000.0,kept
12000,2008.0,46000.0,kept
22999,2020.0,8605.0,kept
0,2012.0,111657.0,$0 price
15000,2007.0,139600.0,kept
42995,2014.0,130630.0,kept
30495,2020.0,16484.0,duplicates
13977,2000.0,154399.0,kept
5500,2008.0,70000.0,kept
7300,2013.0,75000.0,kept
22984,2016.0,38195.0,missing title
55000,1962.0,50938.0,before 1980
15000,2009.0,148000.0,kept
7995,2013.0,112000.0,kept
14500,2001.0,249300.0,kept
2000,2006.0,166000.0,kept
5980,2013.0,106290.0,missing title
57000,2020.0,2200.0,kept
10999,2016.0,64152.0,kept
361,2018.0,30324.0,fake price
14900,2013.0,122319.0,kept
66999,2016.0,62226.0,duplicates
4995,2008.0,91008.0,duplicates
0,2014.0,60208.0,$0 price
30990,2014.0,87922.0,duplicates
25990,2019.0,21480.0,duplicates
13500,2013.0,77000.0,duplicates
29990,2019.0,13628.0,duplicates
23999,2016.0,63777.0,duplicates
6900,2008.0,67123.0,kept
20986,2016.0,37753.0,duplicates
9995,2005.0,207449.0,kept
29990,2018.0,13859.0,duplicates
5995,2013.0,120543.0,kept
35800,2019.0,101928.0,duplicates
11699,2015.0,51790.0,duplicates
49900,2018.0,31000.0,kept
18989,2013.0,106131.0,kept
0,2008.0,75163.0,$0 price
8995,2014.0,111822.0,kept
34999,2014.0,88497.0,duplicates
273,2017.0,30990.0,fake price
9950,2011.0,49000.0,kept
0,2017.0,20.0,$0 price
11950,2013.0,136685.0,duplicates
5000,2013.0,157398.0,kept
18990,2019.0,5378.0,duplicates
6500,2006.0,146940.0,kept
3900,2012.0,1.0,bad odometer
5950,2009.0,160887.0,kept
2750,2002.0,184000.0,kept
20590,2015.0,9662.0,duplicates
10500,2014.0,85700.0,kept
12995,2014.0,83810.0,kept
1800,2003.0,203377.0,kept
6500,2009.0,231304.0,duplicates
0,2003.0,192146.0,$0 price
21991,2016.0,,bad odometer
5050,2007.0,137201.0,duplicates
6995,2008.0,179017.0,kept
3600,2014.0,170281.0,kept
6595,2009.0,130888.0,kept
38783,2018.0,1.0,bad odometer
27900,2017.0,45681.0,kept
25881,2017.0,70750.0,kept
16999,2012.0,147003.0,duplicates
26775,2017.0,97807.0,duplicates
12995,2016.0,79101.0,duplicates
16999,2015.0,87600.0,kept
41990,2019.0,9345.0,duplicates
30995,2017.0,72955.0,duplicates
21987,2018.0,73812.0,kept
18988,2016.0,61225.0,duplicates
5959,2012.0,121949.0,kept
25990,2016.0,172373.0,duplicates
3750,1998.0,74180.0,kept
0,2018.0,36502.0,$0 price
32777,2018.0,34040.0,duplicates
10402,2015.0,79194.0,kept
29995,2017.0,49402.0,duplicates
11995,2013.0,129485.0,kept
2395,2000.0,203676.0,kept
0,2015.0,103434.0,$0 price
64900,2020.0,157.0,missing title
38975,,28689.0,before 1980
3995,2006.0,71149.0,kept
0,2020.0,21187.0,$0 price
21999,2011.0,127432.0,kept
25550,2019.0,39.0,bad odometer
67995,2017.0,68700.0,duplicates
18753,2013.0,115232.0,duplicates
11795,2014.0,83327.0,kept
12995,2011.0,71741.0,kept
12995,2013.0,119000.0,duplicates
0,2015.0,199426.0,$0 price
55995,2017.0,80305.0,duplicates
26900,2017.0,91818.0,duplicates
32900,2021.0,2626.0,duplicates
42900,1955.0,47564.0,before 1980
12495,2019.0,15300.0,duplicates
0,2012.0,143711.0,$0 price
43990,2019.0,17352.0,duplicates
8499,2008.0,185983.0,kept
26998,2018.0,20000.0,kept
21990,2011.0,32652.0,duplicates
1000,2015.0,56000.0,duplicates
19990,2017.0,23222.0,duplicates
500,1992.0,300000.0,kept
21655,2019.0,12386.0,kept
5988,2006.0,156220.0,kept
14990,2016.0,69975.0,kept
19990,2018.0,32344.0,kept
37998,2018.0,105691.0,duplicates
13381,2014.0,105927.0,kept
74999,2020.0,13369.0,kept
11250,2009.0,94000.0,kept
16500,2018.0,58059.0,kept
37995,2019.0,34518.0,kept
78423,2015.0,30200.0,duplicates
31998,2013.0,132402.0,duplicates
98750,2020.0,1300.0,duplicates
2499,2005.0,138658.0,kept
19590,2015.0,71508.0,duplicates
8795,2010.0,96833.0,kept
0,2016.0,2522.0,$0 price
19000,2012.0,121000.0,kept
100,2010.0,90000.0,fake price
4495,2006.0,142177.0,duplicates
22500,1976.0,5000.0,before 1980
4990,2011.0,177997.0,duplicates
0,2014.0,120000.0,$0 price
14999,2016.0,73500.0,kept
16995,2014.0,99728.0,kept
34990,2020.0,598.0,duplicates
11200,2015.0,110000.0,kept
8999,2010.0,100225.0,duplicates
26900,2016.0,51510.0,duplicates
0,2012.0,33000.0,$0 price
29990,2018.0,24996.0,duplicates
14990,2007.0,209466.0,duplicates
17995,2013.0,129434.0,kept
5895,2006.0,129055.0,duplicates
0,2017.0,50686.0,$0 price
32995,2011.0,156152.0,duplicates
3100,2011.0,1.0,bad odometer
39990,2020.0,6932.0,duplicates
4500,2006.0,116500.0,kept
0,2018.0,26756.0,$0 price
13500,2005.0,100820.0,kept
8995,2010.0,106894.0,kept
0,2017.0,77304.0,$0 price
0,2013.0,188491.0,$0 price
3960,2011.0,230739.0,missing title
8750,2013.0,70245.0,kept
7495,2014.0,95506.0,duplicates
30990,2017.0,31095.0,duplicates
32990,2018.0,51396.0,kept
2000,2012.0,110841.0,kept
6975,2006.0,100000.0,kept
1000,2012.0,105000.0,kept
12498,2012.0,131311.0,kept
13990,2016.0,105425.0,kept
0,2017.0,39738.0,$0 price
9500,2010.0,1000.0,kept
7800,2008.0,116000.0,kept
8995,2005.0,213104.0,duplicates
11950,2011.0,115905.0,duplicates
11995,2012.0,167365.0,missing title
25990,2013.0,81852.0,duplicates
25925,2018.0,22415.0,kept
2500,1952.0,100000.0,before 1980
28850,2018.0,25238.0,kept
14999,2016.0,100571.0,kept
28880,2018.0,44337.0,kept
18878,2017.0,52979.0,missing fuel
0,2011.0,104568.0,$0 price
5500,2003.0,183350.0,duplicates
6995,2006.0,140752.0,kept
0,2017.0,70230.0,$0 price
3500,2011.0,265579.0,duplicates
0,2014.0,56730.0,$0 price
9500,1975.0,31000.0,before 1980
14990,2019.0,10443.0,duplicates
10995,2017.0,76119.0,duplicates
45928,2015.0,72485.0,duplicates
26990,2020.0,11887.0,kept
33988,2006.0,100729.0,duplicates
38400,2017.0,59500.0,kept
6000,1979.0,71742.0,before 1980
29969,2016.0,109979.0,kept
21001,2013.0,52040.0,missing title
26590,2018.0,41886.0,kept
6000,2009.0,168254.0,duplicates
39590,2020.0,8396.0,duplicates
37590,2019.0,12491.0,kept
11700,2008.0,76553.0,duplicates
11900,2008.0,145000.0,duplicates
13952,2020.0,18233.0,kept
24990,2017.0,18669.0,duplicates
17990,2015.0,64760.0,kept
34990,2019.0,34139.0,duplicates
31590,2014.0,54152.0,duplicates
56999,2015.0,82829.0,duplicates
0,2019.0,17.0,$0 price
23916,2017.0,66096.0,duplicates
18990,2018.0,21036.0,duplicates
7999,2002.0,250.0,kept
16999,2013.0,99410.0,kept
0,2014.0,69956.0,$0 price
547,2020.0,39154.0,fake price
695,2015.0,12345.0,fake price
14000,1996.0,96000.0,duplicates
4995,2003.0,110.0,kept
4999,2001.0,80000.0,kept
0,2014.0,1000.0,$0 price
34500,2019.0,7646.0,duplicates
37998,2016.0,23230.0,duplicates
10000,1962.0,111111.0,before 1980
14990,2011.0,182000.0,kept
23200,2017.0,43000.0,kept
18000,1966.0,119668.0,before 1980
0,2018.0,39798.0,$0 price
8999,2011.0,89469.0,duplicates
18564,2020.0,41300.0,kept
3999,1997.0,171570.0,kept
19900,2011.0,142268.0,duplicates
74997,2018.0,57269.0,duplicates
13000,1983.0,70980.0,kept
14499,2008.0,140723.0,kept
68995,2020.0,14140.0,duplicates
5900,2007.0,75180.0,kept
20988,2015.0,46587.0,kept
4850,1986.0,38454.0,kept
1000,2004.0,228295.0,kept
45995,2018.0,26000.0,kept
18998,2014.0,110482.0,duplicates
30990,2019.0,23366.0,duplicates
0,2015.0,98292.0,$0 price
15990,2013.0,80029.0,duplicates
34990,2017.0,3464.0,duplicates
8200,2013.0,147124.0,kept
28500,1968.0,48000.0,before 1980
36500,2019.0,27172.0,kept
29999,2015.0,75175.0,duplicates
20590,2020.0,2834.0,duplicates
10299,2016.0,16523.0,kept
19988,2014.0,1.0,bad odometer
7650,2012.0,186000.0,kept
0,2016.0,55583.0,$0 price
5121,2011.0,84348.0,kept
5998,2008.0,139603.0,duplicates
6200,2012.0,112000.0,kept
35999,2018.0,62994.0,duplicates
57999,2018.0,20625.0,kept
7373,2008.0,107938.0,duplicates
2450,2003.0,180000.0,kept
12995,2016.0,93096.0,kept
3999,2008.0,143973.0,missing title
2250,2006.0,148000.0,kept
800,2001.0,179000.0,kept
10997,2016.0,96993.0,kept
9000,1995.0,123000.0,kept
53990,2018.0,79739.0,kept
6500,2005.0,139000.0,kept
0,2013.0,78664.0,$0 price
32990,2018.0,33864.0,kept
45000,2017.0,48296.0,kept
15990,2014.0,76261.0,duplicates
12985,2017.0,102905.0,kept
17590,2018.0,23632.0,kept
10000,2011.0,200000.0,duplicates
23995,2012.0,,bad odometer
4000,2008.0,195399.0,kept
6759,2006.0,133000.0,kept
35000,1954.0,1309.0,before 1980
5000,1979.0,79251.0,before 1980
0,2007.0,,$0 price
7995,2010.0,152030.0,kept
16000,2013.0,120000.0,kept
18998,2014.0,110482.0,duplicates
0,2006.0,209621.0,$0 price
11990,2016.0,89938.0,kept
12995,2008.0,148845.0,kept
7000,2008.0,119000.0,kept
29990,2019.0,11490.0,duplicates
21990,2020.0,8552.0,duplicates
19950,2008.0,100336.0,kept
7995,2008.0,116247.0,kept
26590,2020.0,20200.0,kept
25995,2013.0,27218.0,missing title
12990,1970.0,99999.0,before 1980
25990,2006.0,73360.0,duplicates
2995,2000.0,141439.0,duplicates
0,2011.0,222000.0,$0 price
17495,2016.0,112957.0,kept
1800,1942.0,1.0,before 1980
15999,2012.0,92057.0,duplicates
52590,2019.0,18933.0,duplicates
19998,2011.0,15379.0,kept
56900,,19804.0,before 1980
0,2016.0,109955.0,$0 price
0,2015.0,150000.0,$0 price
19990,2019.0,30590.0,duplicates
3000,1996.0,209000.0,kept
3500,2002.0,166500.0,kept
17590,2014.0,59816.0,kept
11775,2016.0,118650.0,duplicates
14995,2012.0,169090.0,kept
29862,2018.0,27502.0,duplicates
6000,2007.0,245000.0,kept
0,2020.0,9570.0,$0 price
9495,2010.0,167327.0,duplicates
16800,2007.0,98500.0,kept
5999,2008.0,182330.0,kept
29990,2020.0,3208.0,duplicates
28725,2011.0,45.0,bad odometer
13900,2008.0,59000.0,duplicates
28980,2015.0,101964.0,duplicates
27988,2020.0,39000.0,duplicates
9988,2014.0,78000.0,missing title
4888,2007.0,160000.0,kept
0,2009.0,114949.0,$0 price
15700,2011.0,107000.0,kept
5995,2012.0,65303.0,missing fuel
28900,2017.0,84000.0,duplicates
10995,2015.0,85525.0,kept
11995,2017.0,108317.0,kept
3900,2004.0,100400.0,kept
19900,2020.0,4100.0,kept
49950,2015.0,98740.0,kept
36990,2016.0,23190.0,duplicates
7700,2012.0,176000.0,kept
2800,2004.0,143000.0,kept
24995,2016.0,160491.0,unknown cylinders
8995,2004.0,141522.0,kept
6995,2012.0,151652.0,kept
29500,2015.0,120967.0,kept
16902,2020.0,11692.0,duplicates
9500,2005.0,117822.0,kept
30985,2014.0,31805.0,kept
38990,2013.0,51525.0,duplicates
0,2021.0,697.0,$0 price
500,2013.0,128000.0,fake price
1,2016.0,100000.0,fake price
8500,2006.0,117000.0,kept
12997,2012.0,74243.0,kept
28990,2019.0,7666.0,kept
12995,2011.0,174674.0,duplicates
52590,2018.0,34049.0,duplicates
29990,2018.0,26978.0,duplicates
1,1965.0,57000.0,before 1980
14000,2008.0,144000.0,kept
7900,2012.0,105000.0,kept
19975,2014.0,113574.0,kept
8645,2011.0,147359.0,kept
0,2011.0,0.0,$0 price
23990,2017.0,25787.0,duplicates
19990,2013.0,77276.0,duplicates
8500,1988.0,182000.0,kept
0,2010.0,151000.0,$0 price
35590,2019.0,25523.0,kept
5999,2001.0,221370.0,kept
500,1994.0,175000.0,kept
750,1999.0,283000.0,kept
4495,2010.0,162885.0,duplicates
8000,2006.0,148000.0,kept
15000,1987.0,87770.0,kept
4000,2003.0,189000.0,kept
18990,2018.0,15808.0,duplicates
36990,2016.0,23190.0,duplicates
12700,2016.0,58000.0,kept
8700,2001.0,105000.0,kept
0,2017.0,71430.0,$0 price
10995,2017.0,63649.0,kept
0,2020.0,9451.0,$0 price
1000,1999.0,217505.0,kept
9950,2017.0,57000.0,kept
8995,2008.0,179112.0,duplicates
21952,2017.0,15517.0,kept
15995,2011.0,131943.0,kept
34995,2020.0,31734.0,kept
5900,2004.0,164356.0,kept
0,2012.0,71710.0,$0 price
16599,2018.0,37588.0,duplicates
4300,2006.0,165910.0,kept
31999,2015.0,44932.0,kept
49995,2016.0,55859.0,duplicates
2450,2007.0,190.0,kept
9499,2014.0,88604.0,kept
51999,2019.0,18334.0,kept
20995,2017.0,76566.0,duplicates
37990,2020.0,22524.0,duplicates
341,2019.0,4022.0,fake price
61500,2020.0,4900.0,kept
6500,2006.0,128000.0,kept
34995,2014.0,178699.0,kept
25500,2015.0,60000.0,kept
7000,2007.0,197587.0,kept
10950,2011.0,100321.0,kept
34995,2016.0,26310.0,duplicates
13995,2013.0,101395.0,kept
0,2015.0,40000.0,$0 price
8950,2011.0,121900.0,kept
18900,2018.0,40895.0,duplicates
6995,2012.0,84820.0,kept
40590,2020.0,8405.0,duplicates
19999,2019.0,18322.0,kept
44000,2017.0,49750.0,kept
5000,2007.0,278778.0,duplicates
29995,2014.0,98774.0,kept
10998,2010.0,127096.0,kept
34990,2017.0,37140.0,duplicates
2900,2004.0,7600.0,kept
3000,1999.0,92593.0,kept
22000,2001.0,99800.0,kept
8900,2015.0,58142.0,missing title
25990,2016.0,79393.0,duplicates
0,2017.0,129488.0,$0 price
33999,2013.0,121444.0,duplicates
15990,2017.0,173979.0,kept
85,2013.0,116575.0,fake price
38590,2015.0,24164.0,duplicates
2300,2012.0,12345.0,kept
48999,2021.0,12665.0,duplicates
35310,2019.0,31731.0,duplicates
4777,1988.0,104000.0,kept
19500,2006.0,93700.0,kept
0,2018.0,20881.0,$0 price
12945,2016.0,35174.0,kept
0,2019.0,30513.0,$0 price
33590,2018.0,41841.0,duplicates
7999,2010.0,172251.0,kept
2995,2012.0,156822.0,kept
4100,2006.0,236107.0,kept
26990,2020.0,4213.0,duplicates
28990,2018.0,30687.0,kept
38990,2017.0,9326.0,duplicates
15590,2018.0,51500.0,duplicates
37977,2018.0,55260.0,duplicates
16850,2010.0,137054.0,kept
17000,2012.0,171538.0,kept
12175,2018.0,48834.0,missing title
16900,2020.0,22901.0,duplicates
0,2017.0,64275.0,$0 price
35990,2018.0,8490.0,duplicates
5995,2001.0,178005.0,kept
4499,2006.0,179741.0,kept
28590,2013.0,46469.0,duplicates
13500,2008.0,164890.0,kept
25995,2016.0,116392.0,kept
37999,2017.0,84448.0,duplicates
4000,2003.0,300000.0,kept
5500,2009.0,135663.0,kept
39990,2018.0,71230.0,kept
4500,2007.0,176000.0,kept
0,2015.0,32570.0,$0 price
20590,2014.0,59476.0,duplicates
44977,2017.0,55102.0,missing fuel
15990,2010.0,75159.0,duplicates
8995,2011.0,156864.0,duplicates
0,2013.0,125831.0,$0 price
33397,2021.0,2.0,kept
18000,2007.0,113000.0,kept
0,2001.0,240000.0,$0 price
5500,2007.0,164950.0,kept
18681,2019.0,41979.0,duplicates
0,2018.0,84076.0,$0 price
143,2008.0,193346.0,fake price
6950,1989.0,123000.0,kept
5900,2000.0,299218.0,kept
8000,2008.0,109000.0,kept
4500,2008.0,218000.0,kept
0,2014.0,50000.0,$0 price
7991,2009.0,0.0,bad odometer
7490,2007.0,153000.0,kept
8200,2012.0,249000.0,kept
17590,2015.0,63512.0,duplicates
0,2000.0,151030.0,$0 price
3999,2004.0,192995.0,kept
39590,2020.0,19160.0,duplicates
5800,2010.0,146000.0,kept
15285,2015.0,76317.0,kept
7500,2008.0,198000.0,kept
12900,2003.0,240000.0,kept
9948,2006.0,169262.0,kept
11995,2010.0,91259.0,kept
46990,2019.0,14900.0,duplicates
29990,2018.0,40209.0,duplicates
15900,2013.0,66286.0,kept
36590,2019.0,14222.0,duplicates
31990,2010.0,110580.0,missing transmission
39999,2018.0,32480.0,duplicates
324,2012.0,112207.0,fake price
3988,2004.0,120000.0,kept
31990,2017.0,31496.0,duplicates
3900,2004.0,138000.0,kept
36990,2015.0,51677.0,duplicates
22500,2014.0,81500.0,kept
10995,2013.0,138269.0,kept
30990,2018.0,7896.0,duplicates
300,2002.0,234000.0,fake price
2599,2002.0,201557.0,kept
39998,2016.0,74046.0,kept
26995,2015.0,136061.0,kept
4999,2012.0,196000.0,kept
35995,2017.0,24838.0,kept
48999,2015.0,72907.0,duplicates
36990,2017.0,85000.0,kept
5500,2010.0,228000.0,kept
16990,2015.0,88996.0,kept
3500,1951.0,75000.0,before 1980
7999,2013.0,89000.0,duplicates
3400,1993.0,140400.0,kept
0,2018.0,27082.0,$0 price
19997,2013.0,102174.0,duplicates
8997,2013.0,101360.0,missing title
15800,2015.0,162000.0,kept
15995,2013.0,125766.0,kept
6200,2008.0,170000.0,kept
190,2011.0,110991.0,fake price
10500,2010.0,118000.0,kept
1400,2004.0,206000.0,duplicates
18995,2010.0,155812.0,duplicates
22995,2015.0,119481.0,duplicates
19500,2019.0,8154.0,kept
14900,2012.0,64059.0,kept
0,2008.0,,$0 price
37990,2020.0,6873.0,unknown cylinders
6990,2012.0,113430.0,kept
43499,2015.0,150000.0,kept
22900,2021.0,1009.0,kept
29590,2018.0,13035.0,duplicates
6950,2014.0,100000.0,kept
19995,2018.0,27000.0,kept
18990,2017.0,30317.0,duplicates
16700,2004.0,122900.0,kept
15433,2015.0,71738.0,duplicates
33800,2019.0,31000.0,duplicates
16988,2014.0,99771.0,duplicates
11950,2014.0,150710.0,kept
3650,2008.0,137161.0,kept
28590,2017.0,37218.0,duplicates
12990,2014.0,108026.0,kept
35590,2020.0,6336.0,duplicates
59999,2017.0,59113.0,duplicates
24990,2017.0,41369.0,kept
19500,2012.0,278519.0,duplicates
16995,2017.0,56052.0,duplicates
22896,2015.0,88671.0,duplicates
21999,2015.0,66295.0,missing transmission
20888,2014.0,94286.0,duplicates
16990,2018.0,31871.0,duplicates
23950,2005.0,242554.0,kept
39495,2018.0,6632.0,duplicates
30998,2018.0,57728.0,duplicates
18995,2017.0,68086.0,kept
11985,2010.0,120000.0,duplicates
7999,2014.0,58497.0,kept
28850,2012.0,69938.0,kept
1,2019.0,31177.0,fake price
17995,2016.0,126465.0,kept
11000,2007.0,180000.0,kept
2800,2006.0,200000.0,kept
3000,2008.0,156000.0,duplicates
0,2017.0,45000.0,$0 price
56999,2018.0,106000.0,duplicates
27995,2012.0,70668.0,kept
644,2019.0,45986.0,fake price
18500,1923.0,2500.0,before 1980
18990,2006.0,166571.0,duplicates
5999,2005.0,88700.0,kept
17470,2014.0,104050.0,kept
34500,2015.0,190000.0,duplicates
34999,2014.0,88497.0,duplicates
10995,2008.0,178405.0,kept
15750,2016.0,89671.0,kept
2200,2004.0,180000.0,kept
0,2011.0,59543.0,$0 price
7995,2009.0,132000.0,kept
34988,2019.0,37374.0,duplicates
9600,2006.0,41000.0,kept
28990,2016.0,118630.0,duplicates
3300,2007.0,209000.0,kept
2500,1966.0,99999.0,before 1980
39999,2014.0,139542.0,kept
10995,2016.0,55731.0,duplicates
2200,1988.0,148347.0,kept
8600,2013.0,99205.0,kept
9988,2012.0,148173.0,duplicates
8950,2016.0,95177.0,duplicates
39590,2018.0,30424.0,duplicates
39950,2020.0,31207.0,kept
19990,2017.0,10309.0,duplicates
2995,2002.0,206000.0,duplicates
23900,2015.0,121000.0,kept
13590,2013.0,76279.0,duplicates
12900,2019.0,26300.0,duplicates
25900,2017.0,93642.0,kept
39990,2018.0,24582.0,duplicates
9800,2012.0,118548.0,kept
9998,2014.0,98923.0,kept
23498,2013.0,101723.0,duplicates
6999,2005.0,163456.0,kept
11500,2012.0,109000.0,kept
46998,2020.0,2200.0,duplicates
6900,2009.0,134700.0,kept
100,2014.0,1246.0,fake price
26990,2018.0,13088.0,duplicates
14995,2015.0,104480.0,duplicates
6995,2009.0,114426.0,duplicates
8495,2011.0,156413.0,duplicates
8500,2013.0,114442.0,kept
19956,2008.0,158898.0,missing fuel
13995,2016.0,94127.0,duplicates
0,2015.0,,$0 price
25995,2018.0,18156.0,duplicates
0,2014.0,112688.0,$0 price
8980,2013.0,141000.0,duplicates
6900,2010.0,135364.0,kept
2499,1999.0,146000.0,kept
8900,2017.0,63997.0,duplicates
4000,2006.0,200400.0,kept
14995,2013.0,111826.0,duplicates
4000,2004.0,265000.0,kept
19995,2017.0,54700.0,kept
16000,2010.0,102679.0,kept
0,2013.0,173750.0,$0 price
28990,2017.0,49355.0,duplicates
7999,2017.0,81809.0,duplicates
13995,2011.0,108929.0,kept
31995,2015.0,77761.0,kept
11500,1998.0,295000.0,kept
22990,2004.0,119091.0,duplicates
28995,2011.0,72602.0,duplicates
6000,2001.0,628000.0,bad odometer
21990,2019.0,5607.0,duplicates
0,2017.0,14342.0,$0 price
25990,2018.0,13938.0,duplicates
9995,2015.0,136000.0,kept
5998,2004.0,133302.0,duplicates
32990,2020.0,14766.0,duplicates
17475,2015.0,73675.0,kept
22995,2015.0,77000.0,kept
45000,2015.0,20000.0,kept
298,2019.0,19130.0,fake price
9499,2010.0,115264.0,duplicates
34590,2015.0,30970.0,duplicates
22937,2014.0,139190.0,kept
23900,2014.0,88000.0,kept
499,2018.0,22365.0,fake price
4900,2006.0,169661.0,kept
7900,2008.0,59000.0,duplicates
14000,2017.0,45202.0,kept
0,2016.0,48809.0,$0 price
4999,2006.0,92722.0,duplicates
17500,2014.0,112512.0,kept
7998,2015.0,139000.0,kept
57000,1995.0,75880.0,missing fuel
0,2010.0,187239.0,$0 price
19286,2018.0,29370.0,kept
6500,2007.0,335000.0,kept
26990,2018.0,34054.0,kept
36995,2013.0,58056.0,duplicates
0,2018.0,34099.0,$0 price
2691,2005.0,237016.0,kept
4200,2004.0,174000.0,kept
19800,2017.0,88161.0,kept
0,2020.0,18864.0,$0 price
27590,2018.0,36138.0,duplicates
0,2014.0,129413.0,$0 price
12990,2013.0,89322.0,duplicates
21688,2020.0,7575.0,kept
0,2016.0,,$0 price
25590,2018.0,23491.0,kept
34398,2018.0,32575.0,kept
36990,2016.0,23190.0,duplicates
16990,2019.0,65080.0,duplicates
33995,2018.0,31805.0,duplicates
35990,2007.0,88970.0,duplicates
31590,2020.0,4510.0,duplicates
18995,2013.0,173089.0,kept
34590,2019.0,2527.0,duplicates
18995,2012.0,69155.0,duplicates
3500,2002.0,115000.0,kept
19990,2017.0,11951.0,kept
17995,2014.0,87908.0,kept
5999,2006.0,192000.0,kept
25814,2017.0,76263.0,missing title
4999,2008.0,128189.0,duplicates
21500,2011.0,45106.0,kept
8995,2009.0,213430.0,duplicates
29999,2010.0,60390.0,kept
17990,2015.0,30993.0,kept
6995,2010.0,101942.0,kept
15590,2016.0,32573.0,duplicates
13992,2013.0,106385.0,kept
44990,2018.0,17209.0,kept
0,2019.0,17200.0,$0 price
6800,1997.0,109223.0,duplicates
34990,2020.0,9197.0,duplicates
25990,2008.0,172000.0,kept
64500,2019.0,39543.0,kept
33795,2018.0,23064.0,kept
0,2006.0,0.0,$0 price
58950,2016.0,86492.0,duplicates
3995,2005.0,183200.0,duplicates
3900,2004.0,142188.0,kept
27100,2012.0,142220.0,duplicates
13981,2018.0,33478.0,missing title
35888,2017.0,25500.0,kept
7000,2009.0,102000.0,kept
52880,2021.0,9713.0,duplicates
2995,1998.0,207808.0,duplicates
0,2008.0,125652.0,$0 price
7900,2010.0,77077.0,duplicates
4900,2008.0,191348.0,kept
11995,2017.0,62291.0,kept
31991,2018.0,24468.0,duplicates
12995,2016.0,40360.0,missing title
30990,2018.0,41466.0,duplicates
17977,2018.0,23189.0,duplicates
0,2019.0,33877.0,$0 price
14107,2017.0,31588.0,kept
13490,2015.0,53013.0,duplicates
33990,2020.0,3094.0,duplicates
4495,2004.0,0.0,bad odometer
16590,2015.0,39649.0,duplicates
3995,2002.0,162000.0,kept
16495,2015.0,92044.0,kept
9500,2011.0,160000.0,kept
10950,2014.0,140891.0,duplicates
19800,2006.0,96951.0,duplicates
3495,2004.0,163288.0,duplicates
6495,2007.0,145000.0,kept
12999,2011.0,74977.0,duplicates
21000,2017.0,55134.0,kept
12977,2010.0,200224.0,kept
6497,2005.0,161707.0,kept
15795,2013.0,104986.0,kept
32990,2011.0,45858.0,duplicates
3000,2007.0,79000.0,kept
19997,2018.0,42700.0,kept
4500,2008.0,88000.0,kept
50000,2017.0,25000.0,kept
11995,2011.0,116500.0,kept
26590,2018.0,21619.0,duplicates
10922,2011.0,97610.0,duplicates
0,2015.0,93039.0,$0 price
15000,2011.0,100963.0,kept
35590,2014.0,94287.0,duplicates
69988,2014.0,43866.0,duplicates
25988,2019.0,11590.0,kept
39963,2015.0,82732.0,duplicates
29000,2017.0,36000.0,kept
34998,2015.0,92530.0,kept
12500,2011.0,132000.0,kept
7992,2011.0,90500.0,kept
6400,2013.0,107000.0,kept
0,2012.0,148829.0,$0 price
13995,2013.0,89555.0,duplicates
511,2019.0,21228.0,fake price
4000,2009.0,79840.0,kept
8000,2012.0,91000.0,kept
12999,2011.0,65706.0,kept
2995,2003.0,196800.0,kept
18590,2018.0,28942.0,duplicates
11995,2013.0,100648.0,duplicates
28990,2014.0,36038.0,duplicates
7450,2005.0,226000.0,kept
7499,2011.0,87500.0,kept
10500,2011.0,108292.0,duplicates
5495,2012.0,207112.0,duplicates
23995,2014.0,72689.0,duplicates
8950,2008.0,128000.0,kept
57995,2017.0,96123.0,kept
0,2018.0,19697.0,$0 price
49988,2019.0,16303.0,kept
83999,2017.0,30650.0,kept
8900,2005.0,349000.0,kept
33990,2018.0,24679.0,duplicates
18998,2016.0,75890.0,duplicates
26590,2016.0,37035.0,duplicates
6495,2006.0,124000.0,kept
23590,2016.0,26189.0,duplicates
8500,2011.0,150000.0,kept
9998,2010.0,154817.0,duplicates
7800,2006.0,226000.0,kept
7995,2008.0,166507.0,duplicates
7890,2011.0,125957.0,duplicates
0,2015.0,124986.0,$0 price
4495,2008.0,165219.0,duplicates
399,2011.0,115011.0,fake price
9900,2015.0,83091.0,kept
6900,2006.0,160768.0,kept
19950,2014.0,75328.0,duplicates
1500,2002.0,168000.0,kept
27990,2018.0,18176.0,duplicates
14900,2019.0,44200.0,kept
418,2018.0,47960.0,fake price
21590,2017.0,14934.0,duplicates
3500,2008.0,150000.0,kept
15900,2005.0,99702.0,duplicates
37990,2016.0,22870.0,duplicates
30495,2016.0,100899.0,duplicates
10900,1996.0,119596.0,kept
15590,2016.0,41036.0,duplicates
23498,2016.0,63074.0,duplicates
65995,2019.0,23743.0,kept
16995,2010.0,130195.0,kept
9500,2013.0,137000.0,kept
30990,2018.0,29342.0,duplicates
7200,2010.0,189019.0,kept
26990,2018.0,38354.0,kept
9300,2005.0,89250.0,kept
29990,2018.0,11401.0,duplicates
6999,2002.0,31043.0,kept
8300,2004.0,147772.0,kept
14950,2015.0,60700.0,duplicates
10900,2009.0,63300.0,kept
16988,2016.0,28271.0,duplicates
34590,2016.0,64057.0,duplicates
0,2018.0,17401.0,$0 price
52999,2020.0,7840.0,duplicates
18999,2016.0,60000.0,kept
32991,2017.0,47497.0,duplicates
7000,1996.0,135000.0,kept
25991,2003.0,86860.0,missing title
14995,2002.0,192891.0,kept
19999,2010.0,214000.0,kept
31990,2019.0,14232.0,duplicates
14988,2017.0,63000.0,missing title
27990,2017.0,26355.0,duplicates
52000,2017.0,513000.0,bad odometer
37921,2016.0,86010.0,kept
41990,2019.0,9345.0,duplicates
26505,2018.0,31107.0,kept
29590,2017.0,70760.0,duplicates
0,2019.0,20512.0,$0 price
0,2017.0,47735.0,$0 price
25990,2014.0,106374.0,duplicates
0,2019.0,27553.0,$0 price
386,2019.0,9294.0,fake price
17495,2013.0,119275.0,missing transmission
0,2015.0,80277.0,$0 price
68900,2017.0,31499.0,duplicates
12000,2010.0,79825.0,kept
10988,2016.0,68251.0,kept
5300,2004.0,223000.0,kept
10995,2005.0,82008.0,duplicates
0,2005.0,100000.0,$0 price
68988,2017.0,36218.0,kept
5499,2011.0,103000.0,kept
1250,1997.0,260000.0,kept
11950,2010.0,123033.0,duplicates
0,2014.0,67222.0,$0 price
1300,2006.0,1.0,bad odometer
6995,2009.0,130357.0,kept
7750,2008.0,119000.0,duplicates
995,2003.0,200000.0,kept
0,2015.0,90430.0,$0 price
28999,2018.0,19385.0,missing fuel
0,2008.0,118220.0,$0 price
7950,2012.0,131000.0,duplicates
3495,2004.0,163288.0,kept
25995,2014.0,117200.0,duplicates
7991,2015.0,7019.0,kept
14653,2017.0,47518.0,duplicates
30995,2017.0,38890.0,kept
2000,2003.0,177000.0,kept
46500,2015.0,42000.0,kept
16998,2015.0,0.0,bad odometer
10991,2012.0,65000.0,duplicates
0,2019.0,37119.0,$0 price
48995,2019.0,32524.0,kept
16998,2016.0,113536.0,duplicates
8500,2010.0,160000.0,kept
4999,2010.0,160800.0,kept
15988,2013.0,67790.0,duplicates
19990,2013.0,24294.0,duplicates
30997,2014.0,81341.0,kept
26995,2021.0,3031.0,kept
33995,2017.0,61035.0,kept
0,2015.0,,$0 price
4500,2007.0,227000.0,kept
12995,2013.0,90551.0,duplicates
19991,2020.0,35735.0,kept
3950,2010.0,172000.0,kept
12995,2008.0,245874.0,duplicates
28981,2020.0,6594.0,kept
31990,2016.0,34042.0,duplicates
15688,2015.0,130798.0,duplicates
4500,1996.0,111500.0,kept
37990,2020.0,7823.0,duplicates
1250,1989.0,60000.0,kept
0,2004.0,122000.0,$0 price
39900,2018.0,50317.0,kept
3995,2009.0,172750.0,duplicates
24997,2018.0,50500.0,kept
12000,2015.0,79000.0,kept
28900,2007.0,120000.0,duplicates
1500,2003.0,165000.0,kept
8900,2007.0,46000.0,duplicates
9995,2014.0,78020.0,kept
12900,2009.0,179417.0,kept
6995,2011.0,161000.0,kept
23989,2013.0,79522.0,duplicates
3981,2013.0,175888.0,duplicates
13900,2017.0,106000.0,duplicates
6000,1975.0,50000.0,before 1980
1000,2015.0,135299.0,kept
11400,2011.0,132007.0,kept
28900,2007.0,120000.0,duplicates
7999,2008.0,140000.0,kept
600,2014.0,143000.0,fake price
10600,1991.0,36256.0,kept
8800,2014.0,70000.0,kept
24000,2001.0,118000.0,kept
48900,2018.0,43034.0,duplicates
15995,2015.0,114490.0,kept
43998,2017.0,52754.0,kept
28590,2019.0,18531.0,duplicates
0,2013.0,0.0,$0 price
1950,2007.0,260000.0,kept
0,2016.0,81678.0,$0 price
8200,2012.0,84000.0,kept
12999,2008.0,141333.0,kept
7877,2016.0,108881.0,duplicates
4950,2005.0,157176.0,kept
7450,2010.0,74555.0,duplicates
26993,2017.0,50423.0,kept
6800,2010.0,73000.0,kept
7900,2011.0,120000.0,kept
25990,2017.0,22820.0,duplicates
25900,2019.0,8400.0,duplicates
22990,2018.0,32102.0,duplicates
26995,2016.0,100825.0,duplicates
1500,2006.0,103048.0,kept
6995,2010.0,160470.0,duplicates
30999,2018.0,36000.0,kept
9250,2008.0,42000.0,kept
16995,2014.0,93000.0,duplicates
14850,2008.0,56593.0,kept
4999,2004.0,246389.0,missing title
22590,2014.0,60783.0,duplicates
25995,2016.0,88089.0,kept
0,2020.0,13746.0,$0 price
13995,2012.0,80822.0,kept
20990,2018.0,19974.0,kept
40998,2018.0,42391.0,kept
19995,2012.0,200569.0,duplicates
0,2015.0,,$0 price
5350,2005.0,152000.0,kept
29990,2019.0,11349.0,duplicates
7999,2012.0,129785.0,kept
19590,2017.0,50473.0,duplicates
19900,2017.0,89227.0,kept
2500,2015.0,100000.0,duplicates
5990,2006.0,142000.0,kept
10950,2009.0,156748.0,kept
45999,2018.0,11871.0,duplicates
5995,2012.0,157517.0,kept
6600,2015.0,105000.0,kept
13999,2013.0,160235.0,duplicates
4950,2004.0,179485.0,duplicates
7900,2009.0,38000.0,kept
51286,2016.0,46450.0,duplicates
23590,2015.0,64212.0,kept
11900,2014.0,113847.0,kept
6300,2010.0,110812.0,kept
21700,2010.0,124248.0,duplicates
15990,2014.0,48374.0,kept
8995,2014.0,93326.0,duplicates
19995,2008.0,146010.0,duplicates
16990,2015.0,47799.0,kept
1800,2004.0,168000.0,kept
3500,2004.0,144174.0,kept
30990,2018.0,16714.0,duplicates
22900,2018.0,62748.0,kept
13500,2010.0,128000.0,kept
4499,2006.0,169000.0,kept
11574,2001.0,155000.0,kept
9396,2016.0,126775.0,kept
2488,2006.0,166188.0,duplicates
16885,2015.0,85762.0,duplicates
7500,2012.0,87000.0,kept
8500,2007.0,1.0,bad odometer
0,2018.0,55107.0,$0 price
13985,2014.0,88635.0,kept
10999,2009.0,154658.0,kept
40990,2018.0,54431.0,duplicates
23597,2018.0,19946.0,kept
2500,2017.0,100185.0,kept
19000,2012.0,89000.0,kept
30590,2020.0,2185.0,duplicates
12995,2016.0,107000.0,duplicates
18000,1981.0,133000.0,kept
7500,2007.0,105000.0,kept
8800,2014.0,71000.0,kept
4995,2012.0,239728.0,kept
6495,2013.0,165366.0,duplicates
9295,2007.0,160987.0,kept
2100,2010.0,170000.0,kept
17977,2003.0,75140.0,duplicates
7995,2013.0,84692.0,kept
21990,2019.0,3916.0,duplicates
38995,2014.0,206341.0,duplicates
15990,2013.0,36382.0,duplicates
10995,2015.0,123340.0,kept
0,2019.0,32324.0,$0 price
699,2017.0,25000.0,fake price
5850,2005.0,196731.0,kept
21894,2016.0,54463.0,kept
6500,1990.0,206389.0,duplicates
16990,2010.0,128371.0,kept
599,2015.0,75000.0,fake price
23495,2014.0,71258.0,kept
18999,2011.0,159280.0,kept
10988,2015.0,74369.0,duplicates
6995,2010.0,173000.0,duplicates
33990,2017.0,20713.0,duplicates
12500,2014.0,125974.0,duplicates
220,2011.0,100000.0,fake price
2000,2016.0,111802.0,duplicates
8250,2007.0,215000.0,kept
27896,2017.0,169388.0,kept
22989,2018.0,16780.0,kept
4995,2000.0,168054.0,kept
0,2014.0,87340.0,$0 price
63990,2019.0,20126.0,duplicates
27900,2013.0,227638.0,kept
22000,1952.0,29000.0,before 1980
24000,2018.0,46000.0,kept
5000,2010.0,110886.0,kept
2950,1997.0,125000.0,kept
5999,2017.0,99999.0,kept
4300,2001.0,133600.0,kept
19900,2010.0,164700.0,kept
25981,2021.0,2094.0,kept
20990,2020.0,2421.0,duplicates
249,2018.0,21995.0,fake price
34990,2010.0,19502.0,duplicates
21990,2013.0,77018.0,duplicates
0,2019.0,42013.0,$0 price
40987,2017.0,56241.0,kept
13995,2018.0,70153.0,missing fuel
19498,2013.0,67702.0,kept
10000,1994.0,101000.0,kept
35499,2019.0,14822.0,kept
5500,2005.0,139000.0,kept
13977,2008.0,121081.0,duplicates
29990,2018.0,26978.0,duplicates
9000,2005.0,157364.0,kept
54000,2018.0,16000.0,kept
5450,2015.0,91000.0,kept
5500,2004.0,384000.0,kept
20590,2019.0,19576.0,duplicates
14995,2010.0,56000.0,duplicates
3995,2005.0,153501.0,kept
9300,2013.0,158382.0,kept
21990,1999.0,33000.0,kept
8995,2011.0,154051.0,duplicates
0,2019.0,33053.0,$0 price
23995,2009.0,182184.0,duplicates
0,2015.0,94114.0,$0 price
21870,2004.0,103123.0,duplicates
9400,2013.0,112030.0,kept
4995,1996.0,100453.0,kept
7999,2013.0,155366.0,duplicates
2400,2007.0,152400.0,kept
13800,2018.0,75769.0,duplicates
32590,2019.0,14069.0,duplicates
20000,1994.0,160000.0,kept
29950,2017.0,83244.0,kept
4400,2008.0,186000.0,kept
20995,2015.0,89988.0,duplicates
30900,2014.0,190856.0,duplicates
9000,1992.0,73211.0,kept
6750,2014.0,90130.0,kept
26590,2019.0,2301.0,duplicates
0,2017.0,100000.0,$0 price
5995,2009.0,121000.0,kept
82995,2020.0,10176.0,duplicates
2000,2005.0,144000.0,kept
500,2012.0,100000.0,fake price
40990,2020.0,12272.0,duplicates
5900,2012.0,110029.0,kept
33990,2015.0,1179.0,duplicates
16500,2018.0,57000.0,duplicates
13990,2009.0,167000.0,kept
0,2007.0,148463.0,$0 price
39999,2016.0,462222.0,kept
26990,1998.0,166302.0,duplicates
26999,2018.0,52042.0,duplicates
23423,2019.0,10346.0,kept
46990,2017.0,72362.0,duplicates
30395,2017.0,75538.0,kept
14900,2006.0,100300.0,duplicates
83880,2016.0,13131.0,kept
5997,2004.0,139000.0,duplicates
0,2014.0,13338.0,$0 price
11995,2005.0,129060.0,kept
5200,1995.0,163300.0,kept
10846,2016.0,89681.0,duplicates
16995,2010.0,132252.0,kept
13998,2013.0,195000.0,kept
7500,2012.0,120000.0,kept
7999,2005.0,170000.0,duplicates
31800,2002.0,122580.0,duplicates
6195,2005.0,76000.0,kept
6999,2006.0,167000.0,kept
48888,2015.0,107759.0,duplicates
2500,1985.0,190000.0,kept
13000,2011.0,130641.0,kept
27990,2014.0,17805.0,duplicates
5800,2004.0,126000.0,duplicates
11300,2015.0,45550.0,duplicates
17899,2015.0,103004.0,duplicates
100,2017.0,60192.0,fake price
32590,2018.0,35907.0,kept
27990,2017.0,131654.0,duplicates
446,2018.0,30340.0,fake price
48590,2020.0,7701.0,kept
9500,2014.0,122298.0,missing title
0,2000.0,146172.0,$0 price
4995,2005.0,204152.0,kept
7995,2011.0,156413.0,duplicates
17990,2018.0,41076.0,duplicates
11995,2007.0,170865.0,duplicates
1,2014.0,81855.0,fake price
43900,2018.0,27390.0,duplicates
7600,2010.0,102300.0,kept
8450,2010.0,64889.0,kept
17790,2015.0,75074.0,kept
33590,2020.0,13298.0,duplicates
0,2020.0,34783.0,$0 price
23900,2014.0,121475.0,duplicates
0,2011.0,101.0,$0 price
25590,2018.0,25384.0,duplicates
26990,2016.0,24374.0,duplicates
9995,2012.0,108371.0,duplicates
41990,2019.0,9345.0,duplicates
28495,2018.0,52619.0,duplicates
21990,2005.0,45554.0,duplicates
9750,2015.0,106000.0,kept
18995,2006.0,150020.0,duplicates
4800,2007.0,133000.0,kept
30990,2018.0,16714.0,kept
20000,1994.0,165000.0,kept
7495,2012.0,104401.0,duplicates
57995,2019.0,39144.0,duplicates
49990,2015.0,203867.0,duplicates
1030,2019.0,18897.0,duplicates
15590,2017.0,44116.0,duplicates
3800,2009.0,200000.0,kept
6999,2014.0,128001.0,kept
0,2019.0,100000.0,$0 price
6000,2012.0,120000.0,kept
10295,2013.0,127445.0,kept
26500,2021.0,300.0,kept
14999,2013.0,95000.0,kept
5875,2006.0,176000.0,kept
17288,2016.0,55280.0,duplicates
3299,2010.0,170000.0,duplicates
5895,2002.0,144000.0,kept
16000,2017.0,39000.0,kept
38634,2016.0,85662.0,duplicates
32912,2015.0,108888.0,kept
0,2017.0,40176.0,$0 price
0,2015.0,70032.0,$0 price
16590,2013.0,20989.0,duplicates
7000,2002.0,251000.0,kept
9800,2014.0,65800.0,kept
30990,2019.0,23366.0,duplicates
800,2005.0,164000.0,kept
3500,2005.0,173170.0,kept
19500,2016.0,55586.0,kept
2988,2009.0,139492.0,duplicates
33590,2015.0,60828.0,kept
245,2021.0,4.0,fake price
15900,2010.0,84663.0,duplicates
42995,,55553.0,before 1980
8950,2013.0,144047.0,kept
14995,2013.0,81918.0,kept
21498,2010.0,89910.0,kept
1,1989.0,82150.0,fake price
51995,2015.0,136599.0,duplicates
18995,2015.0,27037.0,duplicates
5000,2005.0,238307.0,kept
26590,2020.0,9954.0,duplicates
500,2015.0,72000.0,fake price
10900,2017.0,92581.0,kept
24990,2008.0,139567.0,duplicates
32500,1941.0,4200.0,before 1980
23990,2017.0,26378.0,duplicates
18250,2012.0,175912.0,kept
8999,2014.0,110452.0,kept
84747,2019.0,7263.0,kept
0,2012.0,90882.0,$0 price
0,2014.0,74451.0,$0 price
24505,2013.0,89704.0,duplicates
25900,1956.0,50200.0,before 1980
33999,2017.0,28470.0,duplicates
21998,2020.0,26027.0,duplicates
17990,2015.0,51482.0,duplicates
28000,1990.0,70000.0,kept
12988,2012.0,193303.0,kept
26990,1999.0,181510.0,duplicates
0,2017.0,23573.0,$0 price
22990,2012.0,37725.0,duplicates
48995,2018.0,25000.0,kept
40590,2014.0,29223.0,kept
72991,2019.0,22512.0,kept
10998,2006.0,126770.0,kept
29995,2014.0,60172.0,kept
7995,2011.0,109421.0,kept
1800,2004.0,177000.0,kept
8500,2007.0,58000.0,kept
650,2006.0,245407.0,kept
2488,2007.0,103174.0,duplicates
3800,1968.0,2222222.0,before 1980
13995,2017.0,39500.0,kept
35000,1971.0,120000.0,before 1980
14360,2013.0,140760.0,duplicates
16590,2009.0,81993.0,duplicates
2595,2003.0,149055.0,duplicates
3495,2006.0,167639.0,kept
6995,2002.0,118341.0,kept
3500,2012.0,1.0,bad odometer
18500,2009.0,99500.0,kept
14795,2014.0,85202.0,duplicates
12995,2016.0,101000.0,kept
22990,2014.0,137108.0,duplicates
34990,2018.0,39650.0,duplicates
34998,2013.0,200169.0,duplicates
32990,2018.0,29979.0,duplicates
1,2016.0,68376.0,fake price
0,2012.0,139671.0,$0 price
11495,2019.0,9615.0,duplicates
3195,2010.0,123000.0,kept
0,2015.0,0.0,$0 price
6750,1958.0,76505.0,before 1980
0,2012.0,50000.0,$0 price
1000,2018.0,39000.0,duplicates
16590,2015.0,33206.0,duplicates
8999,2006.0,148126.0,kept
49999,2017.0,138000.0,kept
4900,1991.0,71000.0,kept
8288,2011.0,121452.0,kept
6200,2012.0,149604.0,duplicates
6500,2013.0,133000.0,kept
26999,2011.0,92100.0,kept
38990,2015.0,48774.0,duplicates
17500,2019.0,14462.0,duplicates
36000,2017.0,70721.0,kept
39995,2015.0,91200.0,duplicates
3795,2005.0,188208.0,duplicates
12900,2009.0,52432.0,kept
3500,2011.0,120000.0,kept
0,2006.0,143000.0,$0 price
4995,2009.0,169000.0,kept
17991,2015.0,71151.0,kept
15388,2014.0,64805.0,kept
25500,2015.0,148000.0,kept
29590,2018.0,13035.0,duplicates
27900,2017.0,79764.0,missing title
34990,2018.0,37509.0,duplicates
28990,2017.0,15160.0,duplicates
0,2012.0,130535.0,$0 price
26000,2019.0,19782.0,duplicates
38990,2020.0,6751.0,kept
2500,2005.0,146380.0,kept
38590,2020.0,8674.0,duplicates
10000,2011.0,65589.0,kept
7999,2005.0,120994.0,duplicates
3750,2008.0,156400.0,kept
5999,2014.0,107890.0,kept
6800,2015.0,94000.0,kept
5500,1997.0,140000.0,kept
15494,2018.0,76965.0,kept
0,2020.0,1765.0,$0 price
10995,2010.0,121400.0,duplicates
12000,2012.0,97000.0,kept
16580,2017.0,47855.0,kept
12995,2007.0,170510.0,kept
20000,2016.0,78739.0,kept
7990,2008.0,66000.0,kept
5900,2010.0,100256.0,kept
24998,2011.0,119644.0,duplicates
12900,2012.0,112228.0,kept
24590,2016.0,12501.0,duplicates
4000,2004.0,165500.0,kept
40000,2015.0,99444.0,duplicates
14900,2013.0,65865.0,duplicates
20590,2017.0,7486.0,duplicates
25988,2011.0,98387.0,kept
24995,2020.0,9197.0,kept
12998,2015.0,168635.0,duplicates
24590,2017.0,15158.0,duplicates
33500,2000.0,28000.0,duplicates
14770,2014.0,100678.0,duplicates
5800,2011.0,171068.0,kept
7900,2012.0,160000.0,duplicates
20590,2014.0,59476.0,duplicates
15995,2018.0,19411.0,kept
14000,1988.0,113000.0,duplicates
16689,2018.0,36816.0,kept
12500,2012.0,87234.0,kept
26998,2016.0,100846.0,duplicates
24999,2018.0,16865.0,kept
37988,2017.0,13632.0,kept
8499,2014.0,94870.0,kept
34590,2018.0,35087.0,kept
39808,2017.0,12394.0,duplicates
45950,2017.0,65110.0,kept
3999,2004.0,120200.0,kept
6700,1993.0,74000.0,kept
14300,2016.0,72000.0,kept
21311,2021.0,4463.0,kept
25995,2012.0,92040.0,kept
27995,2014.0,110956.0,duplicates
25590,2018.0,33467.0,duplicates
3995,2013.0,185000.0,duplicates
0,2015.0,,$0 price
27990,2012.0,68696.0,duplicates
5500,2011.0,152000.0,duplicates
63977,2018.0,44576.0,kept
21995,2014.0,106377.0,duplicates
23590,2017.0,35144.0,duplicates
8990,2014.0,68000.0,duplicates
1,2018.0,23885.0,fake price
26990,2018.0,25156.0,kept
21990,2017.0,48959.0,duplicates
0,2019.0,14268.0,$0 price
12500,2008.0,68899.0,kept
18787,2013.0,143078.0,kept
10902,2002.0,176869.0,duplicates
500,1992.0,229105.0,kept
36990,2017.0,34377.0,duplicates
11500,2004.0,70102.0,duplicates
26590,2017.0,13836.0,duplicates
11995,2014.0,75339.0,kept
47590,2020.0,26215.0,duplicates
47051,2020.0,27130.0,duplicates
5900,2011.0,120769.0,duplicates
6500,1965.0,1234567.0,before 1980
0,2017.0,37072.0,$0 price
7900,2008.0,160799.0,kept
5200,2010.0,210058.0,kept
10500,2006.0,189866.0,kept
39900,2020.0,20159.0,kept
11268,2008.0,73625.0,kept
2000,2008.0,134000.0,kept
3500,2008.0,190000.0,duplicates
0,2010.0,101500.0,$0 price
9000,2007.0,70000.0,kept
4250,2012.0,130000.0,kept
14999,2014.0,106629.0,kept
28995,2017.0,20817.0,kept
24279,2015.0,49929.0,kept
8995,2005.0,140080.0,kept
65995,2018.0,69524.0,duplicates
4000,2003.0,190995.0,kept
0,2013.0,44616.0,$0 price
11480,2013.0,120959.0,missing title
31990,2017.0,891.0,duplicates
40999,2019.0,26759.0,kept
50000,2018.0,8000.0,kept
5995,2011.0,157090.0,kept
30259,,7854.0,before 1980
3600,2003.0,192000.0,kept
3985,2012.0,138500.0,kept
0,2008.0,,$0 price
7250,1941.0,111111.0,before 1980
2900,2009.0,139925.0,duplicates
11995,2013.0,143200.0,kept
8999,2007.0,129083.0,duplicates
3495,2003.0,175726.0,duplicates
18990,2015.0,90450.0,duplicates
0,2013.0,130280.0,$0 price
13900,2015.0,73097.0,kept
20995,2015.0,95424.0,kept
14900,2016.0,21947.0,duplicates
2295,2005.0,196067.0,duplicates
45500,2018.0,25575.0,kept
4500,2010.0,105000.0,kept
8997,2001.0,108121.0,duplicates
8998,2011.0,123792.0,kept
22995,2015.0,83750.0,duplicates
6495,2008.0,125000.0,kept
33798,2018.0,44913.0,kept
13950,2015.0,75000.0,kept
7755,2008.0,0.0,bad odometer
36990,2019.0,14508.0,duplicates
13000,2010.0,88305.0,kept
7500,1999.0,145000.0,kept
10995,2018.0,121095.0,duplicates
35590,2015.0,40626.0,duplicates
21995,2020.0,24140.0,duplicates
204999,2015.0,30920.0,fake price
11950,2002.0,111343.0,kept
0,2017.0,85478.0,$0 price
14900,2011.0,130000.0,duplicates
3000,2002.0,160000.0,kept
9995,1994.0,97237.0,kept
36590,2019.0,14222.0,duplicates
52999,2020.0,33564.0,kept
29991,2012.0,9580.0,kept
6950,1999.0,45500.0,kept
9400,2016.0,94285.0,duplicates
63990,2019.0,20126.0,duplicates
16200,1928.0,11000.0,before 1980
10998,2009.0,123960.0,duplicates
29590,2015.0,43874.0,duplicates
3900,2010.0,157000.0,duplicates
54999,2017.0,153390.0,duplicates
3750,2010.0,105000.0,kept
3000,1999.0,216000.0,kept
3495,1997.0,387310.0,kept
0,2011.0,98901.0,$0 price
135,2014.0,115264.0,fake price
4595,2008.0,158668.0,duplicates
9500,2014.0,83242.0,duplicates
370,2017.0,104339.0,fake price
5000,2004.0,150000.0,kept
4600,2003.0,127476.0,kept
4600,2008.0,169000.0,kept
25590,2016.0,38282.0,duplicates
8499,2015.0,999.0,kept
3500,2001.0,182000.0,kept
36800,2019.0,14287.0,duplicates
4900,2006.0,176000.0,kept
0,2015.0,78104.0,$0 price
20590,2019.0,6579.0,duplicates
0,2020.0,122.0,$0 price
26990,2018.0,25830.0,kept
6500,2014.0,140000.0,kept
17500,2015.0,46990.0,kept
17590,2014.0,67190.0,kept
31355,2017.0,42357.0,duplicates
26990,2017.0,4114.0,duplicates
7999,2016.0,88150.0,kept
16590,2010.0,45964.0,kept
9000,1983.0,100000.0,kept
45995,2015.0,107971.0,duplicates
15500,2012.0,104119.0,kept
9999,2013.0,118229.0,kept
97,2012.0,109251.0,fake price
5850,2008.0,121563.0,duplicates
24495,2015.0,62365.0,duplicates
14900,2008.0,130468.0,duplicates
28063,2018.0,70819.0,duplicates
7550,2015.0,73269.0,duplicates
23999,2014.0,36372.0,duplicates
43900,2018.0,29882.0,kept
22980,2018.0,114045.0,duplicates
7900,2011.0,101000.0,duplicates
14995,2016.0,86241.0,kept
500,2013.0,130000.0,fake price
38995,2016.0,73529.0,duplicates
0,2015.0,141258.0,$0 price
8995,2014.0,130618.0,kept
13995,2014.0,96003.0,kept
34590,2016.0,29499.0,duplicates
9900,2010.0,101018.0,kept
400,1987.0,200000.0,fake price
4200,2011.0,93000.0,kept
22590,2015.0,58793.0,duplicates
0,2017.0,39818.0,$0 price
16995,2003.0,155477.0,kept
14898,2013.0,121670.0,kept
16000,2012.0,159791.0,duplicates
1000,2004.0,140254.0,kept
53877,,14396.0,before 1980
3999,2004.0,189987.0,kept
15999,2016.0,57000.0,duplicates
12500,2014.0,149000.0,kept
7995,2008.0,92409.0,kept
29590,2017.0,49158.0,duplicates
13990,2014.0,87713.0,duplicates
300,2013.0,138791.0,fake price
50995,2016.0,79630.0,duplicates
34590,2020.0,2709.0,duplicates
10800,2017.0,63240.0,kept
31590,2018.0,25781.0,kept
44500,2018.0,60000.0,kept
10900,2011.0,130863.0,kept
31900,2013.0,119882.0,kept
0,2017.0,,$0 price
22590,2013.0,14169.0,duplicates
1,2014.0,113589.0,fake price
8950,2010.0,108631.0,duplicates
9950,2009.0,184000.0,kept
8495,2004.0,128000.0,kept
4900,2004.0,164238.0,kept
12980,2016.0,79592.0,kept
15500,2010.0,132100.0,kept
32590,2016.0,21195.0,duplicates
22500,2018.0,9420.0,duplicates
44995,2018.0,11920.0,kept
3995,2006.0,159334.0,missing title
0,2013.0,,$0 price
43995,2019.0,31383.0,duplicates
0,2021.0,,$0 price
27590,2017.0,23596.0,kept
36995,2017.0,91524.0,duplicates
6800,2005.0,180000.0,duplicates
25990,2018.0,38619.0,duplicates
16350,2014.0,61900.0,kept
22995,2012.0,143885.0,duplicates
34990,2014.0,1112.0,duplicates
15990,2011.0,43500.0,kept
5500,1993.0,70000.0,kept
19500,2016.0,81593.0,missing title
16995,2010.0,90070.0,kept
12999,2010.0,146000.0,kept
35950,2019.0,18907.0,kept
355,2012.0,111326.0,fake price
24990,2016.0,39979.0,duplicates
24590,2018.0,13320.0,kept
14995,2014.0,153000.0,duplicates
39950,2015.0,183475.0,duplicates
31590,2019.0,32252.0,duplicates
27590,2020.0,1309.0,duplicates
0,2015.0,97142.0,$0 price
15995,2007.0,133119.0,duplicates
33995,2018.0,31805.0,kept
500,2012.0,50000.0,fake price
8100,1989.0,76000.0,kept
21598,2011.0,148992.0,duplicates
43950,2014.0,88621.0,missing title
23800,2014.0,121000.0,kept
24999,2013.0,104474.0,kept
14500,2017.0,91165.0,duplicates
336,2018.0,14201.0,fake price
16488,2010.0,129570.0,duplicates
1,2016.0,57722.0,fake price
500,2019.0,38655.0,fake price
5990,2012.0,116000.0,kept
47990,2016.0,59000.0,duplicates
12995,2015.0,89046.0,kept
24777,2017.0,74497.0,missing title
46999,2016.0,65053.0,kept
9500,2001.0,166437.0,kept
2200,2004.0,137644.0,kept
34800,2015.0,132291.0,duplicates
7995,2013.0,161000.0,duplicates
5995,2008.0,236000.0,kept
18900,2013.0,129711.0,missing title
0,2005.0,165061.0,$0 price
563,2017.0,32619.0,fake price
17990,2008.0,226480.0,duplicates
24950,1999.0,219299.0,duplicates
74988,2010.0,67517.0,kept
15998,2017.0,64377.0,kept
38340,2015.0,51486.0,kept
5995,2013.0,158425.0,kept
5888,2002.0,136570.0,kept
10990,2007.0,101092.0,kept
31590,2016.0,27139.0,duplicates
1300,1994.0,170000.0,kept
5000,2007.0,110000.0,kept
16888,2014.0,123572.0,kept
15900,2013.0,152000.0,kept
31950,2016.0,63000.0,duplicates
38075,2018.0,32080.0,kept
9995,2011.0,90215.0,kept
35990,2020.0,1548.0,duplicates
21990,2017.0,14686.0,duplicates
35990,2020.0,14215.0,unknown cylinders
13999,2011.0,95830.0,kept
68777,2020.0,1375.0,duplicates
4596,2013.0,146000.0,kept
12995,2014.0,142000.0,kept
19900,2014.0,188097.0,kept
3500,2011.0,93452.0,duplicates
6495,2001.0,144000.0,kept
14500,2019.0,62400.0,kept
11799,2012.0,88873.0,kept
8240,2015.0,186814.0,kept
56000,2018.0,20900.0,kept
19998,2019.0,20324.0,duplicates
4995,2008.0,88000.0,kept
19995,2019.0,23318.0,kept
13495,2008.0,89802.0,duplicates
6995,2002.0,151503.0,kept
5000,2001.0,162325.0,kept
4999,2009.0,135000.0,duplicates
11900,2013.0,33604.0,duplicates
21250,2017.0,49200.0,kept
9410,2013.0,,bad odometer
0,2015.0,50203.0,$0 price
8974,2013.0,94722.0,kept
7995,2012.0,122186.0,kept
22595,2017.0,,bad odometer
16999,2012.0,54651.0,kept
44997,2014.0,70000.0,kept
33995,2019.0,7610.0,kept
0,2012.0,147183.0,$0 price
16823,2016.0,84812.0,kept
22791,2018.0,26791.0,kept
57925,2020.0,12500.0,kept
26590,2017.0,34159.0,duplicates
3400,2009.0,208000.0,kept
2995,2003.0,211254.0,duplicates
19991,1999.0,100433.0,missing title
31998,2019.0,20809.0,duplicates
1089,2019.0,26916.0,kept
16450,2015.0,103369.0,kept
2599,2000.0,215000.0,kept
32999,2019.0,16607.0,kept
7995,2014.0,116791.0,kept
5995,2002.0,142107.0,kept
33900,2019.0,39608.0,kept
36590,2018.0,24061.0,kept
28990,2017.0,20155.0,duplicates
20999,2003.0,68392.0,duplicates
8853,2013.0,138576.0,kept
12000,2012.0,82000.0,kept
25000,1984.0,215000.0,kept
38990,2020.0,14028.0,duplicates
4500,2006.0,215000.0,kept
27999,2014.0,126049.0,duplicates
18470,2015.0,139596.0,kept
11500,2005.0,106900.0,kept
7981,2014.0,85000.0,kept
20990,2020.0,1668.0,duplicates
34999,2019.0,30121.0,duplicates
18500,2013.0,71000.0,kept
15888,2017.0,58674.0,kept
26990,2017.0,71758.0,duplicates
17995,2012.0,97316.0,duplicates
0,2003.0,115044.0,$0 price
26950,2015.0,138699.0,kept
3000,1998.0,73000.0,kept
26590,2015.0,53241.0,duplicates
23999,2018.0,58609.0,duplicates
1800,2001.0,172000.0,kept
32990,2018.0,11360.0,duplicates
15995,2014.0,79000.0,kept
0,2017.0,16742.0,$0 price
11500,2013.0,228699.0,duplicates
9999,2012.0,96226.0,kept
37990,2020.0,22244.0,duplicates
3800,1996.0,200000.0,kept
14899,2011.0,64640.0,kept
9300,2011.0,107000.0,kept
39990,2019.0,8373.0,duplicates
18753,2013.0,115232.0,kept
24490,2018.0,24441.0,duplicates
40995,2017.0,61418.0,kept
0,2013.0,79293.0,$0 price
18500,2007.0,131830.0,kept
7200,2011.0,125000.0,kept
13995,2006.0,109178.0,duplicates
0,2015.0,99460.0,$0 price
26500,1984.0,38751.0,duplicates
10999,2015.0,130680.0,kept
900,2004.0,206000.0,kept
13900,2006.0,58900.0,kept
43990,2013.0,7803.0,duplicates
6900,2003.0,76400.0,kept
20590,2015.0,43470.0,duplicates
23000,1966.0,40000.0,before 1980
25590,2017.0,34446.0,duplicates
19990,2020.0,21291.0,kept
8995,2014.0,90000.0,kept
6999,2012.0,105487.0,kept
27995,2014.0,82439.0,duplicates
17200,2016.0,21000.0,kept
23000,2012.0,83214.0,kept
0,2014.0,43379.0,$0 price
21995,2011.0,102475.0,kept
13875,2011.0,106608.0,kept
11990,2011.0,88348.0,kept
400,1975.0,100000.0,before 1980
7490,2012.0,138616.0,duplicates
18999,2017.0,38010.0,kept
0,2018.0,21180.0,$0 price
30955,2011.0,146384.0,kept
0,2018.0,49772.0,$0 price
6500,2002.0,203000.0,kept
19488,2015.0,66867.0,duplicates
0,2020.0,30726.0,$0 price
28990,2012.0,41029.0,duplicates
34000,2011.0,1.0,bad odometer
0,2002.0,39960.0,$0 price
24990,2017.0,21314.0,kept
29990,2018.0,11401.0,duplicates
18998,2018.0,24371.0,duplicates
15590,2018.0,50633.0,duplicates
25990,2017.0,22820.0,duplicates
22995,2014.0,110975.0,kept
3999,2006.0,138203.0,kept
3000,2003.0,161890.0,kept
29990,2018.0,14520.0,duplicates
4999,2008.0,106324.0,duplicates
0,2017.0,51911.0,$0 price
1000,2011.0,117710.0,duplicates
8495,2013.0,120145.0,kept
9998,2012.0,135275.0,kept
16995,2011.0,103870.0,kept
7993,2012.0,117058.0,kept
0,2020.0,23960.0,$0 price
8999,2014.0,122842.0,duplicates
19491,2013.0,79893.0,duplicates
5000,2006.0,180000.0,kept
6995,2014.0,115945.0,kept
17990,2015.0,28680.0,duplicates
49999,2020.0,19152.0,duplicates
11900,2014.0,106485.0,kept
14795,2014.0,85202.0,duplicates
9995,2013.0,83598.0,duplicates
9990,2012.0,92687.0,duplicates
9595,2010.0,124213.0,kept
18990,2020.0,6395.0,duplicates
13900,2014.0,201000.0,duplicates
7475,1989.0,80000.0,kept
15990,2016.0,29652.0,duplicates
23489,2018.0,48498.0,kept
51990,2015.0,7389.0,duplicates
9500,2013.0,47000.0,kept
6000,2006.0,148687.0,kept
10900,2014.0,127204.0,missing transmission
27990,2020.0,10688.0,duplicates
9000,2010.0,141000.0,kept
0,2018.0,76193.0,$0 price
5500,2008.0,96900.0,kept
41900,2020.0,7530.0,kept
39499,2016.0,47000.0,kept
2500,2001.0,114000.0,kept
35592,2019.0,28566.0,kept
9999,2008.0,145533.0,kept
21000,1972.0,10.0,before 1980
25997,2014.0,42197.0,kept
30990,2016.0,79215.0,duplicates
0,2007.0,184900.0,$0 price
5900,2002.0,154000.0,duplicates
4500,2015.0,147175.0,duplicates
10495,2013.0,148889.0,kept
39995,2016.0,68434.0,kept
5950,2009.0,160600.0,kept
16999,2013.0,75002.0,duplicates
61995,2017.0,73160.0,kept
7995,2016.0,116000.0,kept
26200,2017.0,72433.0,kept
99,2018.0,64076.0,fake price
17995,2003.0,111461.0,missing transmission
33999,2019.0,47414.0,duplicates
19998,2014.0,40451.0,kept
2000,2005.0,156000.0,kept
52997,2017.0,58947.0,duplicates
21990,2017.0,20941.0,duplicates
44590,2018.0,40526.0,duplicates
9990,2007.0,124000.0,kept
14450,2018.0,25000.0,kept
33590,2020.0,786.0,duplicates
13800,2013.0,129000.0,kept
29990,2018.0,24996.0,duplicates
225,2013.0,72465.0,fake price
6995,2008.0,77000.0,duplicates
47999,2014.0,143854.0,duplicates
28998,2019.0,27506.0,duplicates
23990,2020.0,2952.0,duplicates
23750,2016.0,51596.0,kept
0,2012.0,46843.0,$0 price
18499,2015.0,49551.0,missing title
19991,2012.0,,bad odometer
33590,2020.0,15050.0,unknown cylinders
13950,2014.0,78794.0,duplicates
35000,1955.0,22395.0,before 1980
9998,2016.0,104814.0,duplicates
0,2002.0,98000.0,$0 price
11375,2013.0,170118.0,kept
17990,2009.0,162329.0,duplicates
7000,2007.0,120.0,kept
37990,2020.0,2017.0,duplicates
17498,,16514.0,before 1980
34850,2017.0,50000.0,duplicates
3800,2001.0,120000.0,kept
4500,2014.0,172000.0,kept
14499,2014.0,109979.0,missing title
10995,2010.0,133000.0,duplicates
9500,1968.0,175000.0,before 1980
163,2012.0,95059.0,fake price
15000,1999.0,262753.0,kept
0,2015.0,133869.0,$0 price
19906,2013.0,130306.0,kept
10900,2004.0,179500.0,kept
16900,2016.0,99056.0,kept
33990,2018.0,24299.0,duplicates
5995,2013.0,99500.0,kept
15288,2017.0,75021.0,duplicates
21995,2017.0,33765.0,kept
20590,2015.0,65290.0,duplicates
6999,2013.0,141743.0,kept
14995,2009.0,197757.0,duplicates
45990,2019.0,14691.0,kept
3995,2010.0,203404.0,duplicates
14900,2014.0,44000.0,kept
30990,2018.0,29342.0,duplicates
3500,1999.0,191867.0,kept
22900,2009.0,229157.0,kept
3200,2005.0,200000.0,kept
16800,2019.0,4644.0,duplicates
21990,2016.0,39647.0,duplicates
29990,2002.0,156730.0,duplicates
4300,2007.0,173000.0,kept
6900,1965.0,71210.0,before 1980
7995,2008.0,121708.0,kept
17493,2018.0,6124.0,kept
2500,2011.0,73921.0,kept
55000,2014.0,37800.0,kept
2488,2005.0,119155.0,duplicates
25000,1952.0,8485.0,before 1980
22590,2018.0,39119.0,duplicates
10500,2013.0,48500.0,kept
15498,2018.0,30785.0,kept
17995,2014.0,58870.0,kept
0,2015.0,50000.0,$0 price
46590,2020.0,29071.0,kept
28990,2018.0,29437.0,kept
10000,2004.0,94493.0,kept
56800,2018.0,21200.0,duplicates
27997,2014.0,98732.0,kept
5900,2011.0,227017.0,kept
59900,,58.0,before 1980
24999,2017.0,47242.0,duplicates
28995,2019.0,72075.0,duplicates
0,2009.0,100714.0,$0 price
54241,2020.0,11994.0,kept
20700,2015.0,58459.0,kept
9000,2005.0,107600.0,kept
14998,2014.0,98246.0,kept
4350,1998.0,135090.0,kept
2800,2000.0,140000.0,kept
316,2018.0,59720.0,fake price
4995,2009.0,189702.0,kept
12999,2015.0,57841.0,missing title
1,2017.0,31101.0,fake price
32590,2017.0,25627.0,duplicates
1,2007.0,150000.0,fake price
26590,2013.0,38468.0,duplicates
4750,2007.0,168000.0,kept
52995,2016.0,98551.0,duplicates
5500,1987.0,68415.0,kept
32990,2019.0,6897.0,duplicates
4450,1997.0,180008.0,kept
18590,2017.0,26337.0,duplicates
0,2014.0,57406.0,$0 price
8999,2004.0,126895.0,kept
22550,2017.0,67541.0,kept
28990,2018.0,24486.0,duplicates
34590,2012.0,9580.0,kept
5590,2010.0,115712.0,kept
21950,2013.0,102354.0,kept
12590,2012.0,60589.0,duplicates
12998,2011.0,126996.0,kept
10995,2005.0,121300.0,duplicates
22927,2017.0,100927.0,kept
8950,2007.0,146816.0,duplicates
24995,2014.0,111639.0,duplicates
9999,2009.0,120000.0,kept
19990,2018.0,24380.0,duplicates
28000,2017.0,32286.0,duplicates
6999,2007.0,190950.0,kept
4495,2003.0,289863.0,kept
5500,2007.0,136089.0,kept
13998,2010.0,149486.0,duplicates
20000,2011.0,158000.0,kept
464,2014.0,93943.0,fake price
19900,2016.0,68469.0,kept
24840,2014.0,76446.0,kept
23900,2014.0,121475.0,duplicates
36985,2019.0,24604.0,kept
446,2016.0,37531.0,fake price
24990,2019.0,5334.0,duplicates
6999,2011.0,186005.0,duplicates
0,2016.0,95033.0,$0 price
28995,2017.0,89621.0,duplicates
31990,2016.0,34729.0,duplicates
12500,2011.0,121000.0,kept
12000,1994.0,55000.0,kept
8000,1997.0,62000.0,kept
19590,2013.0,67964.0,kept
500,1983.0,263575.0,kept
24588,2016.0,56421.0,kept
19590,2016.0,121348.0,kept
19990,2018.0,15207.0,duplicates
0,2002.0,,$0 price
12737,2011.0,93227.0,duplicates
8990,2007.0,225000.0,kept
11500,1984.0,5000.0,kept
33988,2014.0,1.0,bad odometer
1900,2005.0,197204.0,kept
17990,2015.0,51482.0,duplicates
18495,2017.0,24018.0,duplicates
5500,2002.0,158376.0,kept
3300,2005.0,154804.0,duplicates
0,2014.0,77055.0,$0 price
51995,2019.0,96500.0,kept
294,2013.0,135663.0,fake price
24995,2013.0,73000.0,duplicates
459,2018.0,36036.0,fake price
24995,2015.0,43221.0,kept
26990,2014.0,63129.0,duplicates
22590,2017.0,42759.0,duplicates
23995,2013.0,94365.0,kept
17657,2009.0,149225.0,kept
8350,2010.0,117926.0,kept
3995,2008.0,189000.0,duplicates
163,2004.0,224000.0,fake price
4990,2000.0,135000.0,duplicates
3100,2000.0,252000.0,kept
24995,2017.0,103000.0,duplicates
36990,2017.0,15443.0,duplicates
1,2012.0,100000.0,fake price
23500,2017.0,30358.0,duplicates
837,2019.0,29806.0,fake price
12900,2009.0,97354.0,duplicates
21590,2018.0,38638.0,duplicates
46932,2015.0,123975.0,duplicates
0,2016.0,61124.0,$0 price
4900,2011.0,143802.0,missing title
24000,2018.0,29868.0,duplicates
3400,2008.0,121406.0,kept
28590,2017.0,102.0,duplicates
17500,2018.0,39189.0,duplicates
42995,2018.0,12299.0,kept
2900,2006.0,139000.0,kept
6995,2011.0,150580.0,kept
28590,2020.0,3077.0,duplicates
16488,2016.0,35825.0,kept
25990,2017.0,74795.0,duplicates
4999,2008.0,105212.0,kept
13990,2012.0,129094.0,kept
17000,2016.0,69325.0,duplicates
32805,2014.0,87630.0,duplicates
13995,2008.0,278104.0,kept
9495,2010.0,99000.0,duplicates
4988,2003.0,171396.0,duplicates
7000,2010.0,149090.0,kept
3977,2000.0,162829.0,duplicates
14500,2002.0,65000.0,kept
32590,2019.0,32252.0,kept
8900,1992.0,160065.0,duplicates
17590,2013.0,20181.0,duplicates
12500,2008.0,92000.0,kept
6000,2007.0,126000.0,kept
27500,1966.0,34500.0,before 1980
0,2015.0,111959.0,$0 price
8295,2005.0,91690.0,kept
10400,2011.0,159000.0,kept
14000,1999.0,101500.0,kept
3900,2011.0,155000.0,kept
5495,2011.0,171332.0,missing title
4200,1993.0,153000.0,kept
12400,2015.0,98209.0,duplicates
50999,2017.0,95045.0,kept
0,2015.0,83399.0,$0 price
2950,2001.0,130523.0,kept
4100,2007.0,129605.0,kept
14000,2015.0,128000.0,kept
10989,2012.0,119810.0,duplicates
60000,2020.0,15000.0,duplicates
21998,2020.0,26027.0,duplicates
36990,2018.0,5933.0,kept
22950,2013.0,175141.0,kept
15590,2016.0,53066.0,duplicates
27590,2018.0,38360.0,kept
52900,2020.0,17988.0,duplicates
15991,2016.0,48116.0,kept
24498,2019.0,22104.0,kept
18590,2014.0,42371.0,duplicates
8999,2016.0,99674.0,kept
14500,2008.0,201268.0,duplicates
5900,2012.0,130000.0,kept
3950,2004.0,125000.0,duplicates
40990,2018.0,25331.0,duplicates
7995,2012.0,112.0,duplicates
21990,2016.0,39647.0,duplicates
20890,2015.0,119676.0,duplicates
2800,1989.0,47000.0,kept
1600,2010.0,120036.0,kept
18500,2013.0,99968.0,kept
14000,1977.0,38400.0,before 1980
10999,2015.0,57292.0,kept
0,2019.0,53345.0,$0 price
24900,2016.0,122238.0,duplicates
38990,2018.0,36881.0,duplicates
0,2015.0,0.0,$0 price
8198,2012.0,70562.0,kept
15799,2014.0,129379.0,duplicates
32590,2019.0,20930.0,duplicates
24988,2017.0,34495.0,duplicates
4000,2014.0,152000.0,kept
16990,2015.0,37300.0,duplicates
33990,2019.0,8554.0,duplicates
14580,2006.0,163000.0,kept
18995,2003.0,70572.0,kept
8000,2012.0,142614.0,missing transmission
13999,2011.0,166404.0,kept
9800,2011.0,122000.0,kept
1500,2002.0,2479997.0,bad odometer
16995,2014.0,18752.0,duplicates
10985,2017.0,53990.0,kept
21649,2016.0,58985.0,kept
0,2017.0,43467.0,$0 price
7488,2001.0,157932.0,kept
60,1999.0,149000.0,fake price
13500,2016.0,39000.0,duplicates
34590,2016.0,29499.0,duplicates
19500,2013.0,99500.0,kept
2999,2012.0,1.0,bad odometer
4500,2005.0,130000.0,kept
29990,2018.0,11401.0,duplicates
4500,2007.0,184000.0,kept
19988,2013.0,151859.0,duplicates
13500,2015.0,64000.0,kept
41990,2019.0,9345.0,duplicates
8988,2014.0,161000.0,kept
5990,2011.0,137866.0,kept
0,2017.0,44269.0,$0 price
12500,2009.0,166000.0,kept
4500,2007.0,204000.0,kept
13495,2013.0,101300.0,kept
6900,2006.0,144000.0,kept
4500,2008.0,185763.0,kept
27995,2017.0,27727.0,duplicates
29990,2014.0,26129.0,duplicates
0,2016.0,103175.0,$0 price
2450,2004.0,220000.0,kept
7499,2010.0,127488.0,kept
3268,2005.0,248740.0,missing title
4200,2005.0,206000.0,kept
25590,2018.0,13269.0,duplicates
25000,2001.0,36280.0,kept
12995,2007.0,152961.0,kept
48000,1995.0,37000.0,kept
2000,2007.0,154000.0,kept
7495,2011.0,120946.0,duplicates
9995,2010.0,99170.0,kept
7499,2013.0,1.0,bad odometer
36885,2013.0,147399.0,duplicates
8995,2012.0,126351.0,kept
50000,2020.0,4900.0,kept
3995,2004.0,244450.0,duplicates
6800,2016.0,,bad odometer
63995,2020.0,21240.0,duplicates
18000,2007.0,146149.0,kept
16995,2017.0,100814.0,kept
27995,2019.0,18693.0,duplicates
9000,2012.0,76539.0,kept
75995,2018.0,43163.0,kept
5998,2008.0,156172.0,kept
0,2018.0,,$0 price
36590,2018.0,32409.0,kept
0,2016.0,138707.0,$0 price
24621,2014.0,153951.0,kept
23590,2017.0,35144.0,duplicates
0,2013.0,70900.0,$0 price
12954,1994.0,54807.0,missing title
16995,2009.0,112000.0,kept
1500,2005.0,221916.0,kept
15690,2014.0,106527.0,kept
19991,2019.0,83286.0,duplicates
3999,2004.0,118000.0,kept
39990,2020.0,1237.0,duplicates
6495,2005.0,100000.0,kept
0,2014.0,86408.0,$0 price
44995,2017.0,111080.0,kept
53990,2012.0,63550.0,duplicates
16590,2016.0,47519.0,duplicates
23500,2016.0,53000.0,duplicates
27990,2014.0,17805.0,duplicates
528,2017.0,49644.0,fake price
3200,2007.0,204000.0,kept
4500,2007.0,126452.0,kept
0,2015.0,153667.0,$0 price
4995,2008.0,235006.0,kept
11000,2014.0,153122.0,kept
41128,2018.0,9424.0,duplicates
13997,2014.0,94009.0,kept
8500,2015.0,125000.0,duplicates
0,2001.0,0.0,$0 price
1,2022.0,1000.0,fake price
3800,2002.0,136000.0,duplicates
4850,1982.0,300000.0,kept
27999,2011.0,139618.0,duplicates
3988,2008.0,170081.0,duplicates
0,2020.0,34424.0,$0 price
19000,2015.0,123293.0,duplicates
44836,2020.0,10366.0,kept
11990,2007.0,140095.0,duplicates
37590,2011.0,42017.0,kept
2595,2003.0,149055.0,duplicates
2999,2005.0,104376.0,kept
32590,2013.0,60271.0,duplicates
3899,2005.0,175000.0,kept
3500,2008.0,190061.0,kept
0,2016.0,92517.0,$0 price
49995,2018.0,68656.0,duplicates
33590,2020.0,15591.0,duplicates
5900,2008.0,109424.0,kept
6995,2005.0,163000.0,kept
16000,1989.0,118000.0,kept
1700,2003.0,174000.0,kept
30990,2014.0,37573.0,duplicates
0,2013.0,235801.0,$0 price
16500,2016.0,87000.0,kept
22500,1972.0,32000.0,before 1980
0,2015.0,101287.0,$0 price
8700,2014.0,109602.0,kept
800,2014.0,81088.0,fake price
8800,2014.0,180000.0,kept
15000,2010.0,140000.0,kept
0,2017.0,125817.0,$0 price
4875,2009.0,139850.0,kept
18900,,37500.0,before 1980
5000,1946.0,40000.0,before 1980
35888,2018.0,101724.0,duplicates
2499,2002.0,256000.0,kept
10000,2010.0,81500.0,duplicates
4495,2008.0,167322.0,kept
29998,2014.0,57406.0,duplicates
0,2019.0,27414.0,$0 price
0,2011.0,94328.0,$0 price
50999,2019.0,24250.0,duplicates
25400,2013.0,59500.0,kept
28590,2020.0,20772.0,duplicates
16495,2013.0,148000.0,kept
12999,2002.0,146835.0,duplicates
0,2017.0,44675.0,$0 price
22999,2013.0,114357.0,duplicates
10695,2013.0,33000.0,kept
0,2020.0,4038.0,$0 price
0,2010.0,180000.0,$0 price
2500,1986.0,34000.0,kept
36995,2014.0,67510.0,kept
9997,2016.0,79604.0,kept
34215,2018.0,56107.0,kept
0,2012.0,88448.0,$0 price
19598,2015.0,103334.0,kept
15888,2018.0,85462.0,kept
13900,2006.0,129573.0,kept
14995,2001.0,47308.0,kept
11800,2015.0,63777.0,duplicates
31999,2015.0,83134.0,duplicates
33998,2019.0,19477.0,duplicates
24000,2011.0,178000.0,kept
2000,2000.0,208000.0,kept
1000,2002.0,139000.0,kept
9000,2014.0,79720.0,kept
33990,2019.0,11902.0,duplicates
0,2014.0,93747.0,$0 price
4795,2014.0,258300.0,duplicates
2300,1999.0,115000.0,kept
7995,2012.0,151740.0,kept
199,2014.0,61780.0,fake price
6995,2003.0,115782.0,kept
47955,2015.0,153387.0,duplicates
21995,2012.0,149746.0,duplicates
4995,2005.0,102014.0,duplicates
20995,2017.0,55876.0,kept
8500,2012.0,95428.0,kept
28590,2017.0,37218.0,duplicates
26995,2014.0,90000.0,duplicates
12595,2013.0,65000.0,kept
9996,2014.0,83160.0,duplicates
197,2005.0,132732.0,fake price
34990,2016.0,34425.0,duplicates
15995,2017.0,127873.0,kept
30590,2019.0,21246.0,duplicates
32988,2013.0,73600.0,duplicates
18995,2010.0,155812.0,duplicates
8200,2009.0,107297.0,kept
25500,2013.0,25464.0,kept
19950,2017.0,22400.0,kept
18990,2007.0,156454.0,kept
0,2012.0,68088.0,$0 price
13973,2015.0,101996.0,kept
0,2017.0,90256.0,$0 price
12995,2014.0,85331.0,duplicates
37990,2020.0,9609.0,unknown cylinders
7999,2004.0,64886.0,duplicates
3800,2007.0,107455.0,kept
19990,2018.0,49241.0,kept
2200,2008.0,235000.0,kept
17995,1990.0,78019.0,duplicates
49997,2012.0,103019.0,missing fuel
5950,2009.0,68236.0,kept
6500,1990.0,173000.0,kept
0,2004.0,211819.0,$0 price
29995,2017.0,88000.0,duplicates
4750,2005.0,101000.0,kept
2000,2003.0,261262.0,kept
21895,2013.0,94000.0,duplicates
15886,2019.0,8266.0,missing fuel
7900,2012.0,115630.0,kept
4495,1989.0,88822.0,kept
10400,2012.0,87561.0,kept
0,2018.0,8581.0,$0 price
8800,1990.0,88682.0,kept
232,2016.0,83440.0,fake price
36950,2016.0,113203.0,duplicates
14995,2013.0,88760.0,duplicates
33980,2019.0,18576.0,duplicates
3000,1998.0,199000.0,kept
22200,2013.0,138486.0,duplicates
8700,1998.0,161254.0,kept
4000,2003.0,175000.0,kept
0,2016.0,41604.0,$0 price
32990,2020.0,19278.0,unknown cylinders
15500,2014.0,40000.0,kept
768,2017.0,62259.0,fake price
2995,1994.0,166000.0,kept
27000,2017.0,24146.0,duplicates
28590,2018.0,22703.0,kept
22688,2019.0,19991.0,kept
58997,2017.0,77758.0,duplicates
5700,2014.0,105000.0,duplicates
21590,2015.0,24056.0,duplicates
22988,2017.0,45691.0,duplicates
15995,2015.0,104472.0,duplicates
14990,2001.0,170884.0,duplicates
9995,2013.0,97200.0,duplicates
42990,2015.0,66272.0,duplicates
6500,2001.0,109000.0,kept
28200,2015.0,43793.0,kept
9995,2008.0,149500.0,kept
4990,2012.0,99125.0,kept
12995,2014.0,79939.0,duplicates
348,2019.0,14372.0,fake price
45000,2019.0,34827.0,kept
900,2007.0,90000.0,kept
8995,2014.0,121945.0,kept
12997,2014.0,99531.0,kept
34871,2015.0,34000.0,duplicates
15999,2009.0,78447.0,duplicates
0,2010.0,,$0 price
9999,2015.0,111318.0,kept
8500,2015.0,79000.0,duplicates
35590,2015.0,40626.0,duplicates
5000,2005.0,103000.0,kept
5350,2010.0,105215.0,kept
10785,2010.0,144550.0,kept
16984,2016.0,73170.0,kept
25990,2014.0,15575.0,duplicates
24995,2015.0,75721.0,kept
6997,2007.0,70840.0,duplicates
35998,2018.0,26196.0,kept
18590,2017.0,30223.0,duplicates
3150,2011.0,158000.0,kept
72990,2013.0,52000.0,duplicates
22995,2012.0,210000.0,duplicates
4500,2005.0,164000.0,kept
4995,1999.0,427000.0,kept
7914,2014.0,94603.0,duplicates
15990,2018.0,42060.0,duplicates
19950,2007.0,174430.0,kept
6995,2016.0,119000.0,kept
11931,2009.0,87268.0,duplicates
5995,2006.0,114569.0,duplicates
710,2016.0,106078.0,fake price
17999,2015.0,50661.0,kept
6985,2008.0,117028.0,kept
10500,1984.0,58385.0,kept
361,2011.0,71233.0,fake price
4500,2007.0,186320.0,kept
19590,2012.0,35444.0,duplicates
18990,2018.0,31872.0,duplicates
33590,2020.0,786.0,duplicates
74995,2020.0,14368.0,duplicates
24995,2018.0,43535.0,duplicates
36590,2019.0,7618.0,duplicates
15995,2017.0,85000.0,kept
29590,2018.0,24730.0,duplicates
2995,2003.0,133000.0,kept
6995,2010.0,155600.0,duplicates
8995,2011.0,119222.0,duplicates
13900,2016.0,100000.0,kept
5500,2006.0,132000.0,kept
22990,2014.0,145475.0,kept
17800,2016.0,76000.0,kept
23990,2018.0,28215.0,duplicates
43998,2017.0,52754.0,duplicates
19499,2019.0,46299.0,duplicates
9495,2009.0,157902.0,kept
3550,2008.0,205553.0,kept
35990,2019.0,19260.0,duplicates
16900,2013.0,0.0,bad odometer
6995,2007.0,191736.0,duplicates
24998,2016.0,90002.0,kept
5995,2013.0,187.0,duplicates
22590,2013.0,14169.0,duplicates
24980,1979.0,38447.0,before 1980
9975,2007.0,195391.0,duplicates
7800,2008.0,188013.0,kept
15899,2017.0,49202.0,kept
43995,2018.0,21073.0,missing title
8500,2005.0,129000.0,kept
11359,2017.0,42693.0,kept
0,2018.0,33896.0,$0 price
22590,2020.0,5144.0,kept
37500,2018.0,46900.0,kept
27995,2018.0,30457.0,kept
29990,2018.0,15923.0,duplicates
15995,2016.0,144933.0,kept
2950,2000.0,163000.0,duplicates
15499,2011.0,121900.0,kept
1200,2005.0,1.0,bad odometer
7500,1973.0,47164.0,before 1980
9995,2015.0,105672.0,duplicates
36998,2016.0,85160.0,duplicates
31899,2018.0,87722.0,kept
3000,2004.0,212004.0,kept
5400,2002.0,94860.0,kept
22590,2010.0,71229.0,duplicates
0,2003.0,44000.0,$0 price
23995,2013.0,81403.0,kept
64900,,12338.0,before 1980
28590,2017.0,40227.0,duplicates
27500,1965.0,85000.0,before 1980
700,1985.0,200000.0,kept
16250,2014.0,50979.0,duplicates
17500,2017.0,6000.0,kept
11641,2016.0,11641.0,kept
64000,2015.0,1749.0,duplicates
9500,2007.0,211000.0,kept
4995,2010.0,154687.0,duplicates
36900,2018.0,112793.0,duplicates
21888,2008.0,75746.0,duplicates
23990,2015.0,20615.0,duplicates
24990,2016.0,34818.0,duplicates
4495,2008.0,170733.0,duplicates
0,2010.0,183250.0,$0 price
9995,2010.0,95023.0,kept
8500,2013.0,93292.0,duplicates
39990,2018.0,33824.0,duplicates
19988,2014.0,156782.0,duplicates
33998,2007.0,137455.0,duplicates
25750,2005.0,133867.0,kept
3450,2003.0,173612.0,missing title
25000,2015.0,126449.0,missing transmission
8495,2011.0,141000.0,kept
0,2017.0,24576.0,$0 price
39950,2013.0,223131.0,duplicates
19995,2018.0,25683.0,kept
14988,2011.0,71000.0,kept
33590,2020.0,15050.0,unknown cylinders
9299,2018.0,114255.0,missing title
39590,2019.0,23488.0,duplicates
207,2014.0,81709.0,fake price
0,2015.0,83867.0,$0 price
32990,2017.0,60469.0,duplicates
0,2014.0,0.0,$0 price
13480,2015.0,94561.0,kept
20000,2005.0,126000.0,duplicates
24990,2012.0,26460.0,duplicates
26900,2020.0,7277.0,kept
23999,2019.0,11063.0,duplicates
6500,2014.0,140000.0,kept
5000,2003.0,210000.0,kept
4975,2014.0,173406.0,missing fuel
0,2017.0,19499.0,$0 price
6500,1992.0,160000.0,duplicates
37990,2018.0,49822.0,duplicates
24590,2013.0,80318.0,duplicates
27990,2017.0,22120.0,duplicates
5999,2013.0,181766.0,duplicates
0,2014.0,1000.0,$0 price
24990,2018.0,21274.0,duplicates
29773,2017.0,81415.0,kept
15200,2014.0,99500.0,kept
46000,2016.0,136700.0,kept
3450,2008.0,139436.0,kept
5499,2011.0,104000.0,kept
43999,2015.0,97454.0,duplicates
15590,2016.0,64923.0,duplicates
13500,2015.0,119037.0,kept
22999,2013.0,114357.0,duplicates
22995,2014.0,139676.0,missing title
3750,2010.0,190000.0,kept
14999,2014.0,66192.0,duplicates
16995,2017.0,49100.0,kept
6795,2012.0,115000.0,kept
104000,2018.0,483.0,kept
0,2014.0,269577.0,$0 price
30928,2014.0,109480.0,kept
12990,2013.0,109000.0,duplicates
5200,2011.0,122039.0,kept
69862,2019.0,34316.0,duplicates
18500,2013.0,55302.0,kept
39950,2021.0,2320.0,duplicates
37995,2016.0,62308.0,kept
37990,2019.0,337.0,duplicates
3500,2007.0,142100.0,kept
12900,2006.0,150000.0,kept
21990,2017.0,30146.0,kept
39990,2019.0,13785.0,duplicates
8995,2008.0,182140.0,kept
19590,2017.0,50522.0,duplicates
9999,2011.0,106054.0,kept
0,2015.0,71676.0,$0 price
3500,2002.0,340000.0,kept
1000,1998.0,160000.0,duplicates
14989,2014.0,204477.0,duplicates
33590,2019.0,5897.0,duplicates
15995,2015.0,108779.0,kept
7200,2014.0,175000.0,kept
11000,2012.0,166000.0,kept
12995,2004.0,204854.0,kept
14900,2013.0,93000.0,kept
2000,2009.0,288000.0,kept
10999,2015.0,53545.0,kept
13495,2015.0,124956.0,duplicates
37990,2016.0,9704.0,duplicates
10700,2003.0,182000.0,kept
20000,2008.0,71000.0,kept
4500,2007.0,60000.0,kept
10795,2016.0,46987.0,kept
2200,2002.0,0.0,bad odometer
4495,2009.0,124000.0,kept
14900,2014.0,199000.0,kept
19995,2017.0,54701.0,duplicates
15301,2013.0,32359.0,duplicates
17998,1994.0,148748.0,duplicates
5250,2002.0,83600.0,kept
9500,2010.0,102000.0,missing fuel
2995,2003.0,129245.0,kept
899,2008.0,126889.0,duplicates
22590,2018.0,21574.0,duplicates
3999,2002.0,85574.0,kept
18990,2010.0,32988.0,duplicates
0,1993.0,2000.0,$0 price
1900,1996.0,196.0,kept
0,2018.0,55257.0,$0 price
1500,2004.0,182667.0,kept
37990,2016.0,22870.0,duplicates
4500,2003.0,239735.0,kept
9490,2013.0,99517.0,kept
12995,2015.0,45259.0,kept
28500,2016.0,67444.0,duplicates
27990,2017.0,26355.0,duplicates
9500,2009.0,180000.0,duplicates
246,2016.0,59857.0,fake price
39999,2017.0,68077.0,kept
4995,1998.0,168878.0,kept
700,2010.0,107000.0,fake price
0,2014.0,269577.0,$0 price
547,2015.0,83524.0,fake price
7975,2011.0,161141.0,kept
27500,2018.0,13008.0,kept
17999,2012.0,83546.0,kept
10823,2008.0,141964.0,kept
16950,2012.0,165100.0,kept
3800,2005.0,80986.0,kept
22995,2015.0,48489.0,kept
29999,2017.0,57993.0,duplicates
18500,2006.0,82950.0,kept
19995,2011.0,110799.0,duplicates
3500,2001.0,168000.0,kept
5995,2013.0,143048.0,duplicates
8997,2011.0,137000.0,duplicates
7800,2001.0,32169.0,duplicates
59950,2020.0,26023.0,duplicates
39999,2015.0,77956.0,duplicates
27500,1980.0,55540.0,unknown cylinders
12995,2013.0,68436.0,kept
32900,2019.0,6735.0,duplicates
25990,2012.0,83995.0,duplicates
26990,2017.0,34365.0,duplicates
17900,2013.0,121000.0,duplicates
2000,1998.0,120000.0,kept
13995,2011.0,86325.0,duplicates
35000,2017.0,24315.0,kept
0,2014.0,187445.0,$0 price
12600,2013.0,123700.0,duplicates
16500,2015.0,53000.0,kept
52000,2015.0,520000.0,bad odometer
4600,2008.0,122277.0,kept
7900,2011.0,112000.0,kept
14590,2012.0,80465.0,duplicates
4000,2009.0,91400.0,kept
22900,2018.0,13200.0,kept
3995,2004.0,108322.0,kept
9990,2010.0,76194.0,duplicates
0,2017.0,22070.0,$0 price
3650,1998.0,79000.0,kept
30998,2018.0,57728.0,duplicates
451,2019.0,39904.0,fake price
4995,2007.0,176000.0,kept
37952,2015.0,80287.0,kept
203,2019.0,21211.0,fake price
25900,2015.0,175000.0,kept
14894,2019.0,42253.0,kept
30590,2020.0,10740.0,duplicates
7000,2009.0,110511.0,kept
10995,2009.0,162959.0,duplicates
3800,2008.0,178800.0,kept
54995,2020.0,14670.0,duplicates
3995,2005.0,171064.0,kept
52990,2014.0,15886.0,duplicates
13500,2015.0,63081.0,kept
24795,2015.0,80292.0,duplicates
17651,2009.0,84300.0,duplicates
37590,2019.0,30356.0,duplicates
5500,2004.0,217000.0,kept
13995,2015.0,141383.0,duplicates
30995,2015.0,100619.0,duplicates
29995,2018.0,48640.0,kept
1500,1997.0,234000.0,kept
20755,2011.0,130926.0,duplicates
30590,2019.0,23645.0,duplicates
11999,2005.0,1.0,bad odometer
0,2013.0,124822.0,$0 price
9900,2007.0,146050.0,kept
199,2008.0,80481.0,fake price
4495,2006.0,128000.0,duplicates
0,2018.0,,$0 price
18995,2014.0,44395.0,kept
59999,2021.0,4997.0,kept
24590,2018.0,38872.0,duplicates
3500,2004.0,153025.0,duplicates
22590,2013.0,14169.0,duplicates
4950,2013.0,102000.0,kept
3700,2003.0,158132.0,kept
5995,2008.0,83000.0,duplicates
4299,2005.0,206500.0,kept
17995,2007.0,118930.0,duplicates
19990,2020.0,11103.0,duplicates
4675,2009.0,156000.0,duplicates
16499,2016.0,44270.0,duplicates
41900,2019.0,39141.0,duplicates
46194,2019.0,7055.0,kept
5000,2014.0,80123.0,kept
12500,2007.0,77322.0,kept
0,2015.0,86767.0,$0 price
20977,2015.0,113053.0,kept
20900,2016.0,63245.0,kept
18500,1952.0,50148.0,before 1980
28590,2014.0,87126.0,duplicates
17988,2019.0,96498.0,duplicates
2999,2005.0,126000.0,duplicates
4995,2012.0,170000.0,kept
13990,2013.0,135920.0,kept
8500,2008.0,232000.0,kept
11900,1995.0,93000.0,kept
28590,2018.0,24672.0,duplicates
12977,2001.0,101871.0,kept
6995,2013.0,128000.0,kept
40000,1962.0,70000.0,before 1980
10500,2016.0,83000.0,kept
3000,2004.0,204934.0,kept
39590,2020.0,19160.0,duplicates
23999,2014.0,103000.0,kept
2900,2005.0,133000.0,kept
161,2009.0,108970.0,fake price
3800,2003.0,218560.0,kept
11450,2016.0,123500.0,kept
18831,2018.0,28944.0,duplicates
19865,,16294.0,before 1980
6995,2012.0,117950.0,kept
1,2009.0,240000.0,fake price
7000,2006.0,140000.0,kept
3495,2005.0,193660.0,kept
59999,2020.0,15757.0,duplicates
5995,2007.0,146195.0,duplicates
5500,2009.0,115000.0,kept
4995,2006.0,248128.0,kept
11974,2016.0,42531.0,duplicates
36719,2019.0,19717.0,kept
13975,2009.0,117658.0,kept
5109,2008.0,212770.0,kept
32990,2018.0,29979.0,duplicates
23988,2017.0,65035.0,kept
0,2018.0,71175.0,$0 price
7995,2007.0,1.0,bad odometer
0,2018.0,101583.0,$0 price
42999,2018.0,44081.0,duplicates
0,2013.0,42137.0,$0 price
5999,2013.0,181766.0,kept
15590,2016.0,7076.0,duplicates
25990,2017.0,22820.0,duplicates
9900,2010.0,112000.0,duplicates
5995,2006.0,87000.0,kept
4975,2008.0,132098.0,duplicates
4250,2009.0,122000.0,kept
11895,2014.0,105.0,kept
0,2005.0,1.0,$0 price
33590,2014.0,57923.0,duplicates
8995,2013.0,154714.0,missing fuel
554,2018.0,84870.0,fake price
52488,2020.0,41273.0,duplicates
10900,2015.0,90786.0,kept
11990,2008.0,141003.0,duplicates
0,2017.0,20467.0,$0 price
39970,2019.0,42921.0,kept
29995,2015.0,65462.0,kept
4997,2003.0,208925.0,kept
19995,2011.0,158622.0,duplicates
48999,2011.0,65617.0,duplicates
6995,2010.0,214109.0,kept
45900,2021.0,3819.0,kept
10088,2015.0,70710.0,kept
21980,2003.0,114646.0,duplicates
2700,2005.0,269971.0,kept
10990,2011.0,166075.0,duplicates
36590,2013.0,79156.0,duplicates
4200,2008.0,177000.0,kept
5995,2012.0,170000.0,kept
6295,2006.0,156312.0,duplicates
6995,2012.0,173909.0,duplicates
25990,2018.0,16377.0,kept
27990,2018.0,30791.0,duplicates
12,2004.0,137000.0,fake price
36990,2018.0,21415.0,duplicates
6500,2015.0,149000.0,kept
9600,2011.0,340300.0,missing title
19000,2014.0,112453.0,kept
9911,2011.0,100445.0,kept
19995,2016.0,56806.0,duplicates
11500,2009.0,235000.0,kept
25991,2016.0,80522.0,duplicates
10995,2017.0,121406.0,kept
39337,2017.0,38845.0,kept
18590,2018.0,20890.0,duplicates
20995,2015.0,61030.0,duplicates
6500,2015.0,108208.0,kept
5999,2012.0,57000.0,duplicates
36590,2018.0,19139.0,duplicates
43995,2014.0,192762.0,duplicates
37990,2016.0,9704.0,duplicates
22995,2017.0,38886.0,missing title
49990,2020.0,31166.0,kept
5000,2000.0,215000.0,kept
39500,1971.0,16130.0,before 1980
3500,2007.0,243600.0,kept
0,2016.0,63590.0,$0 price
4995,2009.0,64000.0,kept
12990,2009.0,74991.0,kept
17999,2012.0,133855.0,kept
16921,2011.0,192661.0,duplicates
33990,2016.0,117800.0,duplicates
29592,2018.0,14651.0,kept
19990,2018.0,18020.0,kept
10550,2015.0,123000.0,kept
243,2015.0,128510.0,fake price
15000,2012.0,189544.0,kept
3999,2008.0,162000.0,kept
8990,2007.0,225000.0,duplicates
20005,2015.0,347345.0,kept
9900,2008.0,115000.0,kept
6495,2009.0,81775.0,kept
1500,1979.0,128000.0,before 1980
26990,2016.0,14230.0,duplicates
39999,2017.0,54687.0,kept
44900,2014.0,152034.0,duplicates
48999,2020.0,11946.0,kept
35590,2016.0,56295.0,duplicates
15900,2014.0,106853.0,kept
13500,2012.0,119000.0,kept
4995,2009.0,202869.0,kept
22777,2013.0,97822.0,duplicates
18500,2018.0,27000.0,kept
19995,2016.0,114080.0,kept
17599,2014.0,105110.0,duplicates
39590,2020.0,8396.0,duplicates
21999,2018.0,32473.0,duplicates
23591,2018.0,50000.0,kept
7995,2012.0,105602.0,kept
15590,2016.0,45387.0,duplicates
16988,2007.0,200057.0,kept
41390,2020.0,30255.0,duplicates
15749,2012.0,105915.0,kept
0,2014.0,1111111.0,$0 price
22500,1968.0,69556.0,before 1980
18999,2016.0,54732.0,kept
0,2013.0,0.0,$0 price
37995,2020.0,39903.0,duplicates
9990,2007.0,86120.0,kept
502,2014.0,60860.0,fake price
47977,2018.0,68269.0,duplicates
34999,2017.0,15805.0,kept
8997,2013.0,163078.0,kept
8900,2011.0,86000.0,kept
1900,2012.0,137292.0,kept
26000,2020.0,1485.0,kept
0,2018.0,20036.0,$0 price
7499,2013.0,127000.0,kept
41590,2019.0,21493.0,duplicates
9750,2009.0,144230.0,kept
8900,2014.0,84778.0,kept
100,2011.0,100000.0,fake price
7000,2007.0,151000.0,kept
5500,2004.0,144170.0,kept
9995,2012.0,108541.0,duplicates
2700,2011.0,1.0,bad odometer
0,2015.0,67912.0,$0 price
28590,2010.0,16903.0,duplicates
41998,2017.0,48761.0,duplicates
4595,2006.0,153999.0,duplicates
25999,2014.0,98000.0,kept
4800,2005.0,149000.0,kept
0,2013.0,,$0 price
36590,2016.0,22099.0,duplicates
5995,2012.0,207112.0,duplicates
5995,2010.0,133254.0,duplicates
49850,2017.0,34000.0,kept
23961,2016.0,72738.0,kept
37000,2018.0,22000.0,kept
6900,2015.0,194000.0,kept
21990,2020.0,2515.0,duplicates
12995,2015.0,97373.0,duplicates
1500,2002.0,145000.0,kept
16500,2017.0,74348.0,kept
11995,2013.0,150901.0,kept
82665,2016.0,13131.0,duplicates
8990,2013.0,59072.0,duplicates
29990,2016.0,24661.0,duplicates
25990,2015.0,67868.0,kept
20000,1979.0,1234.0,before 1980
500,2013.0,74150.0,fake price
0,2014.0,71035.0,$0 price
11980,2013.0,171151.0,duplicates
21998,2018.0,19266.0,kept
23991,2014.0,20672.0,kept
27990,2017.0,31479.0,duplicates
9998,2011.0,106592.0,kept
34990,2018.0,21959.0,duplicates
40000,2021.0,626.0,kept
15995,2008.0,161870.0,duplicates
5999,2013.0,125000.0,kept
11900,2015.0,73253.0,kept
6800,2008.0,96300.0,kept
35990,2015.0,4899.0,duplicates
28999,2014.0,147073.0,duplicates
25995,2014.0,119039.0,duplicates
6988,2010.0,,bad odometer
11950,2019.0,25045.0,duplicates
5995,2009.0,72305.0,kept
41180,2020.0,41487.0,kept
3950,2005.0,154100.0,kept
21995,2016.0,82499.0,kept
5400,2002.0,150248.0,kept
3500,2005.0,222000.0,duplicates
20590,2015.0,43470.0,duplicates
32590,2018.0,39505.0,duplicates
16990,2015.0,82023.0,kept
0,2020.0,27876.0,$0 price
40990,2020.0,6124.0,kept
4800,2004.0,190000.0,kept
32990,2016.0,49164.0,duplicates
5995,2006.0,198945.0,duplicates
33900,2020.0,4658.0,duplicates
21900,2018.0,44569.0,duplicates
27990,2018.0,26071.0,duplicates
8875,2001.0,148584.0,kept
44988,2019.0,102732.0,duplicates
8500,2004.0,193000.0,kept
0,2016.0,138707.0,$0 price
0,2013.0,35892.0,$0 price
29990,2017.0,22933.0,duplicates
26990,2012.0,92795.0,duplicates
8877,2013.0,61593.0,kept
1500,2018.0,39416.0,kept
54654,2019.0,26067.0,duplicates
30590,2017.0,22049.0,duplicates
3990,2011.0,221300.0,kept
15000,2014.0,49000.0,kept
38995,2014.0,39971.0,duplicates
521,2018.0,,fake price
0,2021.0,11.0,$0 price
0,2019.0,7353.0,$0 price
6999,2008.0,179000.0,duplicates
31990,2016.0,107597.0,missing fuel
8850,2012.0,135670.0,kept
4000,2004.0,147000.0,duplicates
12000,2009.0,143400.0,kept
16990,2018.0,42960.0,kept
5995,2006.0,114569.0,duplicates
22590,2013.0,14169.0,duplicates
0,2016.0,,$0 price
3100,2000.0,217200.0,kept
24590,2014.0,60987.0,duplicates
29465,2017.0,49366.0,duplicates
38995,2016.0,106456.0,duplicates
16990,2011.0,145592.0,duplicates
4995,2007.0,176541.0,duplicates
25003000,1991.0,200000.0,fake price
24500,2015.0,95000.0,kept
21990,2017.0,33449.0,duplicates
24800,2008.0,209000.0,duplicates
4950,2010.0,156000.0,duplicates
30990,2017.0,32036.0,duplicates
14995,2012.0,114673.0,kept
0,2012.0,98239.0,$0 price
49990,2013.0,98689.0,duplicates
0,2014.0,46944.0,$0 price
23590,2011.0,38905.0,kept
9995,2013.0,121538.0,kept
0,2013.0,71972.0,$0 price
7995,2012.0,121000.0,kept
5500,2012.0,149000.0,kept
3000,1997.0,78957.0,kept
34953,2012.0,120227.0,kept
14995,2013.0,117905.0,kept
18990,2015.0,28105.0,duplicates
2595,2003.0,149055.0,duplicates
10995,2010.0,97652.0,duplicates
0,2017.0,105038.0,$0 price
8995,2013.0,145902.0,kept
41569,2017.0,83066.0,duplicates
11000,2015.0,63400.0,kept
9988,2017.0,104255.0,kept
0,2014.0,57775.0,$0 price
0,2016.0,75668.0,$0 price
18492,2008.0,124109.0,kept
3800,2004.0,128085.0,kept
12995,2017.0,107923.0,duplicates
0,2013.0,46237.0,$0 price
5500,2010.0,127000.0,kept
57999,2019.0,21245.0,kept
15000,1990.0,220000.0,kept
0,2014.0,143000.0,$0 price
6995,2004.0,71597.0,duplicates
42998,2019.0,,bad odometer
6700,2005.0,140397.0,kept
47997,2018.0,38512.0,duplicates
27000,2019.0,29000.0,kept
8900,1946.0,42500.0,before 1980
8495,2016.0,125868.0,duplicates
36990,2015.0,51677.0,duplicates
28990,2012.0,84001.0,kept
19500,2012.0,243000.0,kept
7800,2009.0,131153.0,kept
10999,2013.0,80956.0,duplicates
357,2015.0,41774.0,fake price
2800,2005.0,106000.0,kept
37,2019.0,1.0,fake price
16888,2010.0,100187.0,duplicates
29989,2015.0,131993.0,missing fuel
23995,2018.0,49000.0,kept
4975,2009.0,128912.0,kept
46990,2017.0,72362.0,duplicates
31990,2014.0,57899.0,duplicates
17900,2014.0,153000.0,kept
53988,2014.0,77475.0,duplicates
25990,2018.0,9520.0,duplicates
39990,2019.0,18838.0,missing transmission
14900,2011.0,145665.0,kept
10700,2015.0,,bad odometer
21895,2013.0,94000.0,duplicates
50885,2019.0,48177.0,kept
25000,2009.0,82294.0,duplicates
5995,2011.0,116747.0,kept
42000,2012.0,117000.0,kept
15997,2011.0,162218.0,duplicates
27800,2018.0,14804.0,kept
56977,2019.0,16318.0,kept
58670,2016.0,16407.0,duplicates
3000,2008.0,197000.0,kept
44995,2020.0,7100.0,kept
3800,1983.0,280000.0,kept
23590,2018.0,45670.0,duplicates
54999,2017.0,153390.0,duplicates
22999,2017.0,33485.0,kept
10995,2006.0,116000.0,duplicates
45542,2021.0,3.0,duplicates
11995,2013.0,128000.0,duplicates
11194,2016.0,32578.0,kept
1600,2004.0,1.0,bad odometer
8999,2012.0,79593.0,kept
4950,2001.0,100400.0,duplicates
6499,2014.0,160000.0,kept
11995,2011.0,81000.0,kept
8888,2009.0,186000.0,kept
26990,2016.0,14230.0,duplicates
0,2005.0,,$0 price
4495,2003.0,147759.0,duplicates
14495,1965.0,126000.0,before 1980
0,2016.0,92300.0,$0 price
36590,2013.0,79156.0,duplicates
35590,2017.0,19092.0,duplicates
47590,2013.0,39915.0,duplicates
37990,2016.0,22870.0,duplicates
0,2009.0,,$0 price
14990,2018.0,51059.0,kept
63000,2019.0,59582.0,duplicates
2700,2005.0,218000.0,kept
30990,2018.0,7896.0,duplicates
0,2005.0,182750.0,$0 price
0,2014.0,128970.0,$0 price
19500,2013.0,96000.0,kept
30990,2019.0,5468.0,duplicates
24988,2017.0,55564.0,duplicates
22995,2020.0,38050.0,kept
16590,2018.0,50459.0,kept
7995,1979.0,100000.0,before 1980
50130,2016.0,2991.0,duplicates
14989,2014.0,204477.0,duplicates
23995,2012.0,66036.0,duplicates
6500,1999.0,176000.0,kept
22995,2020.0,23695.0,kept
15999,1980.0,36528.0,kept
14448,2019.0,49934.0,missing fuel
11900,2015.0,96000.0,kept
22788,2018.0,15165.0,kept
24500,2013.0,121000.0,duplicates
6999,2005.0,170193.0,kept
36995,2017.0,58959.0,duplicates
12495,2006.0,146550.0,kept
0,2006.0,136242.0,$0 price
12995,2009.0,165831.0,kept
18975,2012.0,114245.0,duplicates
28998,2018.0,22604.0,duplicates
27590,2018.0,21699.0,kept
3995,2008.0,178000.0,kept
29950,2014.0,166326.0,duplicates
43000,2017.0,33670.0,kept
22590,2020.0,5144.0,duplicates
15730,2016.0,29258.0,kept
4500,2009.0,112008.0,kept
29995,2016.0,105456.0,duplicates
9999,2012.0,148000.0,kept
0,2017.0,79929.0,$0 price
18990,2019.0,5378.0,duplicates
6495,2011.0,202556.0,kept
8995,2004.0,117138.0,kept
0,2015.0,92127.0,$0 price
9997,2013.0,119117.0,duplicates
4300,2005.0,119926.0,kept
9795,2013.0,108307.0,kept
41999,2017.0,38705.0,duplicates
1499,2015.0,127713.0,duplicates
7500,1999.0,190000.0,kept
37614,2016.0,72125.0,kept
23998,2018.0,44375.0,kept
21080,2020.0,10.0,duplicates
16988,2013.0,170004.0,duplicates
14999,2016.0,60522.0,kept
32990,2017.0,34725.0,duplicates
21500,2016.0,66943.0,kept
0,2020.0,10829.0,$0 price
7500,2002.0,267000.0,kept
10495,2014.0,96343.0,kept
37590,2013.0,50122.0,duplicates
316,2013.0,111570.0,fake price
12000,1970.0,91000.0,before 1980
34590,2020.0,3542.0,duplicates
14995,2008.0,182143.0,kept
44990,2012.0,52307.0,duplicates
20999,2016.0,99260.0,duplicates
13948,2018.0,31606.0,duplicates
3950,2011.0,122222.0,kept
19700,2016.0,80400.0,kept
9500,2006.0,278816.0,kept
26990,2018.0,13088.0,kept
22590,2019.0,4657.0,duplicates
0,2017.0,51191.0,$0 price
32872,2018.0,48980.0,duplicates
13995,2013.0,76043.0,duplicates
3800,1980.0,152816.0,kept
26998,2016.0,100846.0,duplicates
13500,2011.0,95000.0,kept
16500,2013.0,105237.0,kept
42991,2020.0,8594.0,kept
0,2021.0,2576.0,$0 price
0,2014.0,0.0,$0 price
36990,2018.0,16114.0,duplicates
0,2020.0,19336.0,$0 price
0,2015.0,83000.0,$0 price
1300,2006.0,130000.0,kept
4300,2008.0,84000.0,kept
3999,2005.0,150000.0,kept
18000,2011.0,113637.0,kept
27990,2017.0,37910.0,duplicates
5900,2010.0,110663.0,kept
8995,1991.0,999999.0,bad odometer
36990,2015.0,45059.0,kept
17995,2015.0,108089.0,kept
10997,2009.0,14.0,bad odometer
6500,2003.0,84509.0,kept
46990,2014.0,60791.0,duplicates
10500,2012.0,84500.0,kept
9999,2016.0,108774.0,kept
5995,2008.0,174417.0,kept
0,2020.0,37847.0,$0 price
8995,2012.0,411.0,kept
36990,2016.0,23190.0,duplicates
14800,2011.0,194123.0,duplicates
41900,2014.0,225233.0,kept
1300,2006.0,252112.0,kept
2000,1968.0,177.0,before 1980
14403,2015.0,70957.0,kept
24999,1974.0,99000.0,before 1980
401,2015.0,148498.0,fake price
14975,2011.0,177103.0,kept
0,2015.0,131759.0,$0 price
15000,2016.0,44000.0,kept
0,2016.0,30000.0,$0 price
6400,2010.0,140629.0,duplicates
22029,2021.0,6463.0,kept
3900,2003.0,97000.0,kept
30990,2018.0,8084.0,duplicates
13500,2004.0,98000.0,duplicates
10995,2015.0,98128.0,kept
5800,2013.0,95000.0,kept
6995,2011.0,134665.0,kept
39500,2014.0,110000.0,kept
9900,2012.0,57000.0,duplicates
17990,2011.0,61300.0,duplicates
8500,1999.0,156000.0,kept
3950,1997.0,188096.0,kept
17995,2012.0,97250.0,duplicates
15000,2005.0,105000.0,kept
7995,2010.0,116123.0,kept
10998,2017.0,91000.0,kept
34900,2016.0,80265.0,duplicates
29900,2018.0,47916.0,missing title
29995,1997.0,120527.0,missing fuel
16299,2017.0,26015.0,kept
32999,2012.0,186676.0,duplicates
13500,2013.0,85700.0,kept
38000,2019.0,36562.0,kept
6900,2005.0,150000.0,kept
22999,2006.0,225933.0,kept
25495,2015.0,121293.0,duplicates
79000,1972.0,27800.0,before 1980
26994,2017.0,8150.0,kept
20995,2015.0,53000.0,duplicates
23590,2017.0,35144.0,duplicates
8900,2006.0,179000.0,duplicates
6500,2013.0,72000.0,kept
26990,2013.0,48435.0,duplicates
0,2006.0,100000.0,$0 price
12950,2011.0,87994.0,duplicates
9500,2010.0,139657.0,duplicates
4100,2007.0,150000.0,kept
34999,2004.0,18174.0,kept
199,2017.0,25090.0,fake price
2995,2002.0,133000.0,kept
50000,2019.0,29000.0,kept
24990,2019.0,16980.0,duplicates
0,2018.0,20136.0,$0 price
0,2014.0,109480.0,$0 price
29995,2018.0,18331.0,kept
4375,2006.0,150088.0,duplicates
18700,2017.0,38200.0,kept
39999,2018.0,16539.0,duplicates
6997,2004.0,136000.0,duplicates
19990,2017.0,23248.0,duplicates
4950,1998.0,129371.0,kept
10990,2011.0,114663.0,kept
30000,2018.0,38000.0,duplicates
6400,2016.0,121314.0,kept
7999,2013.0,89000.0,duplicates
19500,2017.0,71399.0,duplicates
13999,2012.0,124689.0,duplicates
10799,2015.0,98143.0,kept
34990,2010.0,19502.0,duplicates
20000,2018.0,54029.0,duplicates
8950,2009.0,69000.0,duplicates
25590,2020.0,15171.0,kept
10000,1987.0,58000.0,kept
10750,2009.0,132000.0,kept
54950,2017.0,53153.0,kept
1,2016.0,57722.0,fake price
7995,2004.0,170338.0,duplicates
59700,2016.0,2522.0,duplicates
16800,2015.0,84800.0,kept
24980,2014.0,52992.0,duplicates
12900,2013.0,119000.0,kept
41990,2012.0,9169.0,kept
9500,2011.0,207288.0,kept
9995,2010.0,175303.0,kept
0,2018.0,20492.0,$0 price
5200,2009.0,95000.0,kept
10995,2010.0,167046.0,missing fuel
0,2020.0,22463.0,$0 price
37990,2016.0,9704.0,duplicates
21995,2014.0,89290.0,kept
5000,1996.0,110800.0,kept
20995,2016.0,140199.0,duplicates
1600,2005.0,52536.0,kept
7000,1977.0,68723.0,before 1980
662,2019.0,9959.0,fake price
6888,2013.0,161591.0,kept
6999,2010.0,147700.0,kept
48999,2011.0,65617.0,duplicates
44500,2014.0,67000.0,kept
25990,2014.0,15575.0,duplicates
38988,2017.0,86442.0,duplicates
5995,1999.0,272982.0,kept
8000,2010.0,107000.0,duplicates
5800,2003.0,162000.0,kept
6800,2002.0,200000.0,duplicates
16328,2018.0,28031.0,duplicates
12500,2016.0,31000.0,kept
7998,2010.0,139975.0,duplicates
6000,2013.0,90000.0,kept
5800,2011.0,111980.0,duplicates
39999,2016.0,23977.0,kept
16988,2017.0,68839.0,duplicates
18990,2015.0,154284.0,kept
14950,2017.0,94965.0,duplicates
30988,2016.0,50846.0,duplicates
17990,2012.0,57685.0,duplicates
15950,2013.0,162415.0,duplicates
230,2017.0,97062.0,fake price
12699,2006.0,212713.0,duplicates
8000,2013.0,120000.0,kept
23745,2016.0,93915.0,kept
5495,2008.0,179552.0,duplicates
527,2017.0,68497.0,fake price
2000,2004.0,156000.0,kept
31990,2017.0,77040.0,duplicates
13499,2012.0,120083.0,duplicates
5900,2007.0,80770.0,kept
65955,2017.0,83120.0,duplicates
19997,2017.0,115000.0,kept
32900,2016.0,97134.0,duplicates
29998,2014.0,57406.0,duplicates
39993,2020.0,6586.0,kept
11450,2017.0,73304.0,duplicates
10550,2014.0,69066.0,duplicates
5500,2004.0,112950.0,kept
6495,2012.0,124313.0,kept
0,2011.0,94328.0,$0 price
16995,2018.0,101935.0,kept
13998,2007.0,179412.0,kept
6990,2014.0,147285.0,kept
39590,2020.0,1419.0,duplicates
24450,2013.0,99888.0,duplicates
2995,2004.0,192105.0,kept
24944,2015.0,137537.0,duplicates
0,2018.0,131292.0,$0 price
5495,2012.0,156371.0,duplicates
9499,2014.0,130155.0,duplicates
49979,2018.0,23493.0,duplicates
32590,2015.0,15111.0,duplicates
4999,2007.0,120077.0,duplicates
9788,2014.0,130746.0,duplicates
9999,2009.0,163000.0,duplicates
18900,2013.0,29000.0,kept
23337,2013.0,99733.0,kept
43995,2020.0,11965.0,kept
5988,2007.0,186223.0,duplicates
14300,2014.0,129000.0,kept
29900,2019.0,16954.0,kept
34990,2018.0,39650.0,duplicates
40990,2018.0,54431.0,duplicates
7500,1989.0,91123.0,kept
10995,1998.0,89872.0,kept
38590,2018.0,20448.0,duplicates
87700,2020.0,12900.0,kept
16990,2014.0,16755.0,kept
12995,2016.0,75930.0,duplicates
16949,2013.0,147076.0,kept
33500,2015.0,93550.0,kept
15495,2008.0,154652.0,duplicates
13500,2013.0,76000.0,kept
4700,2008.0,155000.0,kept
10000,1986.0,80200.0,kept
9999,2008.0,82483.0,duplicates
11000,2011.0,141000.0,kept
6500,2008.0,41400.0,kept
31998,2013.0,132405.0,duplicates
6888,2009.0,93039.0,kept
14980,2015.0,83771.0,duplicates
16500,2007.0,116000.0,kept
20990,2018.0,27148.0,kept
25590,2015.0,35290.0,duplicates
69000,2016.0,47000.0,kept
14850,2013.0,45000.0,duplicates
26990,2008.0,51908.0,missing transmission
45995,2018.0,58761.0,kept
5997,1999.0,154665.0,kept
799,2022.0,9999999.0,fake price
24990,2013.0,65902.0,duplicates
22895,2011.0,123829.0,duplicates
4995,2004.0,138941.0,kept
2000,2008.0,200004.0,kept
28590,2016.0,57707.0,duplicates
3000,2012.0,127000.0,kept
5175,2006.0,120482.0,duplicates
49995,2015.0,55220.0,duplicates
9995,2014.0,104375.0,duplicates
8299,2003.0,113000.0,duplicates
41685,2017.0,28936.0,kept
4800,2003.0,290000.0,kept
52990,2018.0,41115.0,duplicates
3499,2002.0,131884.0,kept
24590,2013.0,80318.0,duplicates
4500,2008.0,149777.0,kept
10900,2008.0,216000.0,kept
25474,2020.0,10244.0,kept
11500,1953.0,1000.0,before 1980
9900,2000.0,126500.0,kept
0,2015.0,,$0 price
39990,2019.0,11717.0,duplicates
40590,2018.0,43652.0,duplicates
33000,2011.0,221000.0,kept
0,2017.0,95000.0,$0 price
10995,2011.0,144439.0,duplicates
32990,2019.0,3896.0,duplicates
30990,2014.0,67344.0,duplicates
13995,2016.0,96080.0,kept
6995,2008.0,77000.0,duplicates
29990,2014.0,132469.0,duplicates
34990,2017.0,28507.0,duplicates
0,2020.0,37179.0,$0 price
42990,2015.0,33456.0,kept
8051,2011.0,146091.0,kept
9800,2007.0,159500.0,kept
34888,2016.0,69960.0,duplicates
23500,2002.0,87000.0,duplicates
21590,2015.0,24056.0,duplicates
46999,2020.0,3465.0,duplicates
46500,2020.0,10888.0,kept
24399,2016.0,12525.0,kept
32990,2019.0,6897.0,duplicates
13995,2015.0,94078.0,kept
20590,2019.0,23863.0,kept
22990,2020.0,3066.0,duplicates
16500,2003.0,82000.0,duplicates
29800,2014.0,105000.0,kept
20990,2013.0,45279.0,duplicates
3500,1994.0,198000.0,kept
899,2014.0,40593.0,fake price
12500,2010.0,79229.0,duplicates
29991,2015.0,33585.0,kept
27590,2017.0,23631.0,duplicates
18900,2012.0,140000.0,duplicates
0,2018.0,38795.0,$0 price
35885,2013.0,186605.0,duplicates
30990,2019.0,19775.0,duplicates
14990,2015.0,31609.0,duplicates
32478,2016.0,61856.0,kept
3150,2008.0,88.0,bad odometer
7500,2011.0,120500.0,kept
18995,2019.0,51524.0,kept
51721,2017.0,126867.0,duplicates
29990,2014.0,26129.0,duplicates
5000,2011.0,109000.0,kept
23972,2017.0,88134.0,kept
8500,1968.0,21000.0,before 1980
8500,2010.0,111971.0,duplicates
6991,1996.0,123745.0,kept
29990,2015.0,14279.0,kept
6500,2008.0,186000.0,kept
55410,2019.0,33914.0,duplicates
35500,1965.0,19590.0,before 1980
1500,2000.0,200000.0,kept
4500,2007.0,187000.0,kept
8900,2013.0,58000.0,duplicates
12995,2002.0,118097.0,kept
15000,1987.0,123702.0,kept
9990,2011.0,91017.0,kept
27998,2017.0,135426.0,duplicates
6595,2010.0,240000.0,duplicates
38990,2018.0,24235.0,duplicates
15895,2016.0,85752.0,kept
30996,2019.0,24864.0,kept
5995,2009.0,162949.0,kept
8900,2008.0,231575.0,kept
158,2015.0,127751.0,fake price
18991,2017.0,39080.0,kept
26990,2020.0,5627.0,duplicates
15900,2011.0,86400.0,kept
20816,2013.0,155052.0,kept
9850,2013.0,85155.0,duplicates
34495,2018.0,36498.0,duplicates
8495,2012.0,82000.0,duplicates
5995,2006.0,270000.0,kept
45590,2019.0,10056.0,duplicates
20990,2013.0,39759.0,duplicates
13999,2002.0,181500.0,kept
9995,2011.0,73500.0,kept
0,1971.0,1234.0,$0 price
0,2015.0,106114.0,$0 price
13000,2013.0,80000.0,kept
850,2003.0,200000.0,duplicates
5995,2013.0,106050.0,kept
81999,2020.0,10303.0,kept
30921,2015.0,117647.0,duplicates
12588,2015.0,101556.0,kept
57993,2019.0,112446.0,duplicates
39999,2018.0,37003.0,kept
18990,2018.0,18740.0,kept
0,2019.0,29258.0,$0 price
3950,2003.0,203168.0,kept
11950,2007.0,90363.0,kept
31990,2017.0,19335.0,duplicates
8500,2007.0,10000.0,kept
9995,2009.0,163439.0,kept
4995,2007.0,185264.0,duplicates
19590,2017.0,50473.0,duplicates
0,2018.0,22198.0,$0 price
0,2019.0,23048.0,$0 price
4400,2005.0,103739.0,kept
11999,2014.0,81736.0,kept
8000,2011.0,151495.0,missing transmission
7995,2013.0,132130.0,duplicates
13590,2015.0,41899.0,duplicates
0,2014.0,56582.0,$0 price
37990,2014.0,48875.0,duplicates
42995,2019.0,33078.0,duplicates
19590,2012.0,63904.0,duplicates
28999,2017.0,61543.0,missing title
22450,2016.0,84000.0,kept
32900,2019.0,6735.0,duplicates
7000,2008.0,80000.0,kept
2750,2002.0,134990.0,kept
6700,2001.0,270000.0,kept
8900,2004.0,69000.0,duplicates
39999,2016.0,62092.0,duplicates
29590,2013.0,37888.0,duplicates
504,2014.0,28241.0,fake price
4500,2006.0,195000.0,kept
16900,2005.0,38924.0,duplicates
39800,2019.0,84702.0,kept
6000,1996.0,145000.0,kept
13990,2016.0,86543.0,duplicates
24988,2014.0,140000.0,duplicates
41990,2019.0,9345.0,duplicates
23300,1975.0,17500.0,before 1980
28500,2007.0,75700.0,kept
10990,2012.0,188002.0,kept
2800,2003.0,130000.0,kept
22930,2018.0,28162.0,duplicates
15000,1930.0,1.0,before 1980
18995,2019.0,35152.0,duplicates
13500,1942.0,97000.0,before 1980
0,2016.0,79158.0,$0 price
21990,2015.0,72761.0,kept
8990,2012.0,121611.0,duplicates
14500,1972.0,1.0,before 1980
10500,2014.0,93120.0,duplicates
9988,2016.0,64505.0,duplicates
6250,2006.0,120850.0,duplicates
23561,2016.0,22223.0,duplicates
36990,2019.0,8141.0,duplicates
21590,2018.0,69013.0,duplicates
7500,2008.0,119507.0,kept
18498,2018.0,41651.0,duplicates
39999,2018.0,42951.0,kept
36990,2017.0,17326.0,duplicates
38590,2011.0,30237.0,duplicates
14990,2016.0,65203.0,duplicates
0,2012.0,185832.0,$0 price
7995,2012.0,139007.0,kept
19990,2017.0,29254.0,duplicates
26990,2017.0,40077.0,kept
21999,2016.0,75000.0,missing title
0,2014.0,156079.0,$0 price
8995,2008.0,149980.0,duplicates
6500,2009.0,71716.0,duplicates
45995,2016.0,51712.0,duplicates
13990,2007.0,149835.0,duplicates
0,2012.0,95569.0,$0 price
16000,2012.0,161900.0,kept
20990,2019.0,25629.0,kept
6000,2005.0,387906.0,kept
27990,2018.0,30791.0,duplicates
39990,2020.0,1237.0,duplicates
2500,1978.0,1000100.0,before 1980
32500,1969.0,0.0,before 1980
9000,1999.0,88902.0,kept
5950,2008.0,133300.0,kept
17500,2015.0,78223.0,duplicates
29590,2017.0,70760.0,duplicates
7500,2007.0,117494.0,kept
10995,2014.0,67880.0,kept
32590,2020.0,4487.0,duplicates
43000,2013.0,578000.0,bad odometer
0,2018.0,37315.0,$0 price
4999,2006.0,140748.0,duplicates
11955,2010.0,169053.0,kept
389,2019.0,59508.0,fake price
24998,2017.0,26116.0,duplicates
27995,2011.0,114847.0,kept
193,2013.0,63736.0,fake price
16991,2016.0,77353.0,missing title
21987,2017.0,35018.0,kept
63205,2020.0,2.0,missing title
28500,2019.0,41610.0,kept
9900,2006.0,121200.0,kept
4500,2008.0,112500.0,kept
17999,2017.0,79987.0,kept
35995,2015.0,83756.0,duplicates
3500,2001.0,100300.0,kept
20988,2015.0,174143.0,kept
96,2016.0,108770.0,fake price
18995,2012.0,87964.0,duplicates
38990,2020.0,14028.0,duplicates
35590,2020.0,1454.0,duplicates
44999,2016.0,62000.0,duplicates
8995,2010.0,124000.0,kept
12800,2002.0,120000.0,kept
23590,2017.0,27407.0,kept
0,2016.0,119250.0,$0 price
13900,2011.0,120000.0,kept
9480,2007.0,107000.0,kept
0,2016.0,85662.0,$0 price
0,2020.0,14091.0,$0 price
2200,1979.0,99525.0,before 1980
41999,2015.0,141948.0,duplicates
20995,2011.0,93227.0,kept
20000,2014.0,80000.0,kept
22590,2020.0,5144.0,duplicates
49999,2014.0,72649.0,kept
17590,2019.0,29736.0,duplicates
36990,2017.0,45925.0,duplicates
0,2018.0,16489.0,$0 price
21590,2019.0,7898.0,duplicates
7500,2005.0,290256.0,kept
29995,2015.0,61578.0,duplicates
3900,2006.0,188345.0,kept
38995,2015.0,91365.0,duplicates
32995,2016.0,45477.0,kept
8000,2015.0,69000.0,kept
11000,2014.0,81000.0,kept
8995,1999.0,151003.0,kept
4950,2012.0,142761.0,kept
32991,2014.0,84272.0,kept
3500,1995.0,190000.0,kept
10000,1995.0,118000.0,kept
31990,2016.0,69987.0,duplicates
33990,2019.0,8554.0,duplicates
16590,2013.0,81552.0,duplicates
9995,2010.0,153043.0,duplicates
32990,2015.0,67498.0,duplicates
14998,2003.0,114840.0,kept
28995,2017.0,42165.0,duplicates
0,2009.0,,$0 price
11370,2014.0,91494.0,kept
11500,2008.0,6500.0,kept
10999,2002.0,150000.0,duplicates
49995,2019.0,8418.0,kept
9995,1993.0,115197.0,duplicates
19990,2018.0,40627.0,duplicates
19900,2013.0,150089.0,kept
4900,2005.0,185000.0,kept
14900,2002.0,309260.0,duplicates
11199,2012.0,94346.0,kept
65995,2018.0,69524.0,duplicates
12835,2014.0,73503.0,kept
5995,2010.0,185787.0,duplicates
6000,2007.0,126053.0,kept
7999,2006.0,78425.0,kept
6000,2000.0,199000.0,kept
51902,2016.0,99575.0,duplicates
0,2016.0,175398.0,$0 price
36590,2019.0,10516.0,kept
29990,2018.0,26978.0,duplicates
5000,2005.0,124000.0,kept
21990,2020.0,13793.0,duplicates
0,2017.0,98801.0,$0 price
3900,2006.0,181610.0,kept
6998,2010.0,159679.0,kept
30988,2016.0,215643.0,kept
21995,2020.0,17350.0,kept
10500,2014.0,157000.0,kept
0,2017.0,43292.0,$0 price
299,1999.0,152876.0,fake price
0,2015.0,54118.0,$0 price
12000,2015.0,109561.0,kept
2800,1978.0,1.0,before 1980
22000,1961.0,85000.0,before 1980
17995,2018.0,93000.0,kept
18990,2014.0,57650.0,kept
6990,2008.0,155060.0,kept
7495,2014.0,82453.0,duplicates
13995,2016.0,77653.0,kept
23900,2016.0,60412.0,duplicates
1890,2001.0,145011.0,kept
16590,2015.0,44013.0,kept
5995,2015.0,74506.0,kept
14675,2017.0,47518.0,kept
0,2017.0,128640.0,$0 price
29995,2016.0,170975.0,duplicates
13995,2012.0,133333.0,kept
10995,2014.0,136070.0,duplicates
7595,2011.0,136385.0,kept
10980,2005.0,166102.0,kept
10300,2015.0,48000.0,kept
5900,2001.0,136400.0,kept
23990,2017.0,10612.0,kept
2000,2004.0,193800.0,kept
0,2018.0,64748.0,$0 price
8250,2011.0,137369.0,kept
15775,2015.0,125443.0,duplicates
21900,2010.0,67300.0,kept
3850,2002.0,200000.0,kept
25990,2019.0,27709.0,duplicates
0,2015.0,,$0 price
2500,2002.0,180000.0,kept
13700,2006.0,72811.0,kept
24695,2014.0,80700.0,kept
34990,2016.0,19938.0,duplicates
16475,2017.0,47188.0,kept
7995,2015.0,154999.0,kept
37995,2018.0,15293.0,kept
1500,2003.0,1.0,bad odometer
18975,2014.0,115500.0,kept
1600,1994.0,0.0,bad odometer
2500,2004.0,187000.0,kept
44900,1965.0,10000.0,before 1980
4500,2008.0,159000.0,kept
1200,1997.0,226824.0,kept
5500,2007.0,108000.0,kept
28988,2019.0,68759.0,duplicates
28980,2012.0,93781.0,duplicates
1,2011.0,120173.0,fake price
6250,2013.0,157000.0,kept
8695,2014.0,52900.0,kept
4500,1992.0,92000.0,kept
11998,2016.0,75782.0,duplicates
44200,2018.0,33625.0,kept
6000,2011.0,99343.0,kept
3500,2004.0,150242.0,duplicates
0,2012.0,32632.0,$0 price
0,2011.0,94181.0,$0 price
39700,2017.0,31220.0,kept
0,2013.0,140000.0,$0 price
12990,2016.0,73987.0,kept
26995,2014.0,140608.0,kept
7295,2013.0,124000.0,kept
8500,1963.0,50000.0,before 1980
2995,2006.0,309000.0,duplicates
4400,2011.0,136379.0,kept
451,2011.0,109280.0,fake price
26950,2020.0,37238.0,missing title
8350,2010.0,95880.0,kept
25495,,20508.0,before 1980
5500,2004.0,66000.0,kept
15500,2009.0,88722.0,duplicates
26750,2015.0,117000.0,kept
40963,2017.0,83066.0,duplicates
75797,2020.0,43790.0,kept
0,2017.0,51355.0,$0 price
4900,2009.0,152000.0,kept
32851,2014.0,48056.0,duplicates
1500,1999.0,211000.0,kept
16590,2015.0,39649.0,duplicates
31990,2018.0,19179.0,duplicates
28500,2016.0,37658.0,kept
17998,2013.0,165460.0,duplicates
4988,2002.0,196000.0,kept
8500,1986.0,108000.0,kept
0,2018.0,65220.0,$0 price
18900,2015.0,180000.0,kept
22995,2014.0,123160.0,kept
26995,,3635.0,before 1980
127991,2021.0,134.0,kept
14100,2013.0,80971.0,missing title
49500,2018.0,59875.0,kept
12000,2011.0,130000.0,kept
4399,2006.0,140000.0,kept
9500,1990.0,92000.0,kept
13995,2017.0,98591.0,kept
39197,1948.0,0.0,before 1980
24990,2017.0,40338.0,duplicates
59990,2019.0,12765.0,duplicates
42900,2012.0,124000.0,duplicates
48866,2019.0,23235.0,kept
6568,2004.0,237583.0,missing title
30990,2019.0,23366.0,duplicates
13500,1999.0,79000.0,kept
0,2000.0,95470.0,$0 price
2500,2005.0,238400.0,kept
35590,2014.0,76372.0,duplicates
18999,2012.0,14800.0,kept
0,2014.0,72734.0,$0 price
36990,2018.0,23424.0,duplicates
11999,2016.0,114109.0,kept
7900,2010.0,106000.0,kept
9995,2006.0,135000.0,kept
0,2020.0,20828.0,$0 price
3995,2007.0,126000.0,kept
9995,2008.0,91611.0,duplicates
0,2009.0,200002.0,$0 price
4600,2002.0,82000.0,kept
28590,2019.0,17043.0,duplicates
26995,2015.0,108000.0,kept
16598,2010.0,116453.0,duplicates
3995,2002.0,133000.0,duplicates
4900,1972.0,1200.0,before 1980
19000,2011.0,97000.0,kept
29990,2018.0,15923.0,duplicates
21590,2020.0,25862.0,kept
36590,2018.0,5837.0,duplicates
5995,2006.0,166692.0,kept
3500,1980.0,83220.0,kept
16590,2018.0,42749.0,duplicates
15990,2016.0,40668.0,duplicates
32846,2016.0,44317.0,duplicates
0,2014.0,74138.0,$0 price
0,2008.0,118220.0,$0 price
1000,2015.0,56000.0,duplicates
99,2017.0,33540.0,fake price
17000,1955.0,99999.0,before 1980
14695,2005.0,184000.0,kept
2600,2004.0,127000.0,kept
30590,2014.0,29845.0,duplicates
0,2017.0,80000.0,$0 price
44900,2019.0,39000.0,kept
17990,2018.0,24163.0,duplicates
7200,1994.0,138000.0,kept
23000,2012.0,101000.0,kept
9999,2003.0,178125.0,duplicates
0,2012.0,96386.0,$0 price
24995,,62226.0,before 1980
7490,2011.0,135175.0,duplicates
23590,2018.0,42786.0,duplicates
15995,2009.0,125000.0,kept
15990,2017.0,48195.0,duplicates
41590,2018.0,34184.0,duplicates
206,2015.0,,fake price
8179,2007.0,187151.0,kept
4995,2008.0,144000.0,kept
5295,2009.0,174809.0,kept
5869,2006.0,122935.0,kept
7000,2007.0,173000.0,kept
32888,2019.0,68300.0,duplicates
3900,2009.0,136050.0,duplicates
39990,2020.0,549.0,duplicates
23995,2019.0,32270.0,duplicates
8275,2013.0,122260.0,kept
9400,2013.0,78980.0,duplicates
15975,2008.0,88022.0,kept
49995,2015.0,114099.0,kept
38900,,21.0,before 1980
0,2010.0,5000.0,$0 price
22590,2020.0,3722.0,duplicates
10714,2015.0,76523.0,kept
31590,2019.0,12102.0,duplicates
26999,2015.0,156670.0,kept
14590,2012.0,80465.0,duplicates
4995,2009.0,99000.0,kept
8900,2015.0,58142.0,missing title
11950,2016.0,88000.0,kept
58995,2017.0,99470.0,kept
2900,2011.0,1.0,bad odometer
2250,2008.0,171884.0,kept
22990,2017.0,21297.0,duplicates
20990,2013.0,104737.0,kept
17500,2015.0,86406.0,kept
41388,2019.0,28249.0,duplicates
12900,1996.0,102000.0,kept
10991,2014.0,134698.0,kept
19873,2013.0,121079.0,duplicates
24990,2018.0,24652.0,duplicates
5400,2010.0,206778.0,kept
0,2018.0,42000.0,$0 price
13495,2011.0,160421.0,kept
6995,2008.0,128872.0,kept
16823,2015.0,28080.0,kept
7995,2012.0,146041.0,kept
25590,2019.0,12343.0,duplicates
14500,2010.0,200000.0,kept
11000,1999.0,95000.0,kept
4900,2008.0,216000.0,kept
5975,2014.0,83055.0,kept
0,2021.0,10183.0,$0 price
7799,2012.0,93600.0,kept
15436,2016.0,123757.0,duplicates
34590,2016.0,29499.0,duplicates
28990,2017.0,49355.0,duplicates
49998,2013.0,76481.0,kept
14500,2013.0,103416.0,duplicates
14990,2013.0,114235.0,duplicates
42988,2019.0,33012.0,duplicates
13900,2013.0,139000.0,kept
6990,2010.0,147001.0,duplicates
3900,1993.0,96000.0,kept
7995,2010.0,119155.0,duplicates
6000,1997.0,303000.0,kept
10980,2010.0,162165.0,duplicates
6000,2005.0,500000.0,kept
36988,2020.0,5252.0,kept
4500,2010.0,180000.0,duplicates
0,2008.0,,$0 price
1350,2001.0,197333.0,kept
9998,2013.0,140513.0,kept
9995,2010.0,104723.0,duplicates
2599,,1.0,before 1980
25991,2019.0,9775.0,kept
31900,2019.0,29497.0,duplicates
3500,2008.0,198426.0,duplicates
4500,2003.0,198528.0,kept
30990,2015.0,128957.0,duplicates
13980,2011.0,123481.0,kept
4981,2011.0,149675.0,kept
7990,2007.0,141398.0,duplicates
38590,2019.0,12992.0,duplicates
37590,2020.0,3513.0,duplicates
30633,2018.0,23985.0,duplicates
18000,2016.0,60000.0,kept
10985,2007.0,136710.0,kept
15989,2018.0,20203.0,kept
0,2018.0,47664.0,$0 price
13999,2015.0,68033.0,duplicates
15900,2001.0,1.0,bad odometer
27777,1952.0,1234.0,before 1980
25990,2020.0,21938.0,duplicates
0,2014.0,60041.0,$0 price
14500,2013.0,106000.0,kept
6995,2011.0,115589.0,kept
0,2016.0,,$0 price
1,2013.0,38373.0,fake price
1000,2021.0,1400.0,fake price
15590,2010.0,70955.0,duplicates
33990,2017.0,11087.0,duplicates
14490,2015.0,87849.0,kept
26999,2012.0,109227.0,duplicates
5500,2007.0,118833.0,duplicates
15495,2012.0,174307.0,kept
9500,1999.0,66000.0,kept
12400,1985.0,92000.0,kept
5900,1983.0,40000.0,kept
25900,2016.0,59000.0,duplicates
3800,2009.0,127000.0,kept
6942,2016.0,108847.0,kept
22995,2007.0,234505.0,kept
6988,2012.0,117328.0,duplicates
28590,2018.0,20394.0,duplicates
7150,2009.0,189000.0,kept
100,2017.0,66775.0,fake price
8395,2008.0,114465.0,missing fuel
1000,2014.0,39939.0,kept
23995,2015.0,127722.0,duplicates
0,2009.0,57823.0,$0 price
39590,2019.0,16010.0,duplicates
397,2021.0,5.0,fake price
24999,2018.0,24501.0,kept
12995,1995.0,69500.0,kept
0,2020.0,36099.0,$0 price
35999,2013.0,48064.0,duplicates
2800,2005.0,126000.0,kept
16000,2004.0,740000.0,bad odometer
18590,2017.0,41877.0,kept
13999,2012.0,126322.0,kept
32995,2012.0,37473.0,kept
3500,2003.0,181871.0,kept
12997,2012.0,201694.0,missing fuel
600,1996.0,1942420.0,bad odometer
4250,2010.0,187570.0,kept
36990,2018.0,40672.0,duplicates
9000,2001.0,149000.0,kept
14999,2011.0,160000.0,kept
45998,2019.0,74893.0,duplicates
345,2018.0,34903.0,fake price
10620,2009.0,84773.0,kept
4700,2006.0,153508.0,kept
38000,2017.0,68500.0,kept
160000,2017.0,29000.0,kept
33900,2019.0,24585.0,duplicates
21295,2017.0,54125.0,duplicates
15590,2013.0,69626.0,duplicates
7495,2013.0,203257.0,duplicates
30863,2015.0,75817.0,duplicates
15000,2007.0,140000.0,duplicates
29990,2016.0,17302.0,duplicates
15900,2005.0,127000.0,duplicates
0,2017.0,70849.0,$0 price
2995,1995.0,100683.0,kept
7900,2015.0,150000.0,kept
10995,1990.0,56400.0,kept
38500,1974.0,48156.0,before 1980
29900,2019.0,36015.0,missing title
12500,1986.0,79000.0,kept
10500,2015.0,78000.0,kept
11995,2012.0,136529.0,duplicates
18995,2010.0,146000.0,duplicates
3500,2002.0,225510.0,duplicates
0,2021.0,235.0,$0 price
35894,2019.0,26925.0,kept
7500,2006.0,210800.0,kept
10480,2010.0,138240.0,duplicates
14997,2015.0,37229.0,kept
4595,1987.0,46000.0,kept
0,2014.0,112404.0,$0 price
16995,2016.0,74000.0,kept
20800,2018.0,20400.0,kept
34995,2017.0,138052.0,duplicates
5000,2005.0,125500.0,kept
11495,2015.0,126000.0,duplicates
25995,2017.0,58180.0,kept
36590,2018.0,49963.0,duplicates
4995,1993.0,157995.0,kept
49500,2015.0,82477.0,kept
25590,2017.0,27662.0,duplicates
17995,2005.0,179000.0,kept
206,2016.0,29298.0,fake price
8995,2014.0,104000.0,kept
34995,2017.0,74259.0,kept
1,2016.0,68339.0,fake price
27500,2014.0,76000.0,kept
2500,2009.0,200716.0,kept
10979,2012.0,123284.0,kept
44999,2015.0,59652.0,kept
11995,2010.0,123879.0,duplicates
46990,2014.0,16966.0,duplicates
16777,2015.0,75511.0,kept
41590,2019.0,44925.0,duplicates
14990,2016.0,20900.0,duplicates
12985,2010.0,89203.0,kept
0,2019.0,35459.0,$0 price
2995,1997.0,233514.0,duplicates
9500,2004.0,173084.0,kept
2995,2004.0,95934.0,kept
23994,2018.0,42916.0,kept
20788,2016.0,104050.0,duplicates
1,2021.0,1.0,fake price
7495,2006.0,171000.0,kept
37900,2018.0,23000.0,duplicates
0,2012.0,25904.0,$0 price
5500,2002.0,160000.0,kept
4000,1981.0,62655.0,kept
1100,1999.0,195000.0,kept
5995,2008.0,105277.0,kept
29367,2018.0,75083.0,duplicates
36990,2017.0,45925.0,duplicates
8500,2016.0,74021.0,kept
3999,2008.0,236525.0,kept
3995,2010.0,138000.0,kept
36990,2019.0,14508.0,duplicates
3900,2008.0,189600.0,kept
3950,2008.0,195000.0,kept
30000,2012.0,51800.0,duplicates
25467,2015.0,122987.0,kept
16589,2018.0,49510.0,kept
29990,2019.0,21635.0,duplicates
35999,2016.0,33310.0,duplicates
34500,2007.0,97000.0,duplicates
34990,2017.0,29500.0,kept
16590,2015.0,26271.0,kept
11988,2006.0,128351.0,duplicates
5500,1955.0,20000.0,before 1980
14999,2017.0,52884.0,duplicates
35998,2015.0,95714.0,kept
16590,2018.0,26718.0,kept
23999,2017.0,42056.0,duplicates
4995,2011.0,124365.0,duplicates
7995,2008.0,260147.0,kept
17900,2013.0,121000.0,kept
0,,101763.0,$0 price
0,2017.0,21074.0,$0 price
1030,2019.0,18897.0,kept
3000,2000.0,188000.0,kept
1600,1987.0,98000.0,kept
0,2006.0,23613.0,$0 price
13945,2003.0,,bad odometer
0,2012.0,137000.0,$0 price
19500,2015.0,62000.0,kept
7600,2010.0,50000.0,kept
8600,2016.0,29000.0,kept
4500,2009.0,129000.0,kept
4500,1966.0,200.0,before 1980
8541,2016.0,83683.0,kept
5000,2008.0,127000.0,kept
11500,1994.0,141000.0,kept
800,2004.0,190000.0,kept
35999,2017.0,131541.0,kept
32590,2018.0,17300.0,duplicates
9300,2015.0,128190.0,kept
18591,2019.0,38120.0,kept
15782,2012.0,60295.0,kept
30990,2016.0,79215.0,duplicates
14499,2006.0,126000.0,duplicates
8999,2011.0,148.0,kept
34995,2017.0,76393.0,duplicates
0,2011.0,91458.0,$0 price
9739,2009.0,158161.0,kept
8000,1994.0,174000.0,kept
42995,2012.0,89548.0,kept
6500,2003.0,185100.0,kept
39990,2019.0,24495.0,duplicates
5999,2007.0,155905.0,kept
38000,2019.0,23318.0,duplicates
0,2020.0,5600.0,$0 price
18649,2017.0,57632.0,kept
16950,2015.0,12000.0,kept
20990,2016.0,41070.0,duplicates
14999,2013.0,87764.0,kept
2500,2004.0,124000.0,kept
2995,2007.0,210000.0,kept
21988,2014.0,97708.0,duplicates
7995,2009.0,162134.0,kept
14995,2013.0,166503.0,duplicates
28590,2019.0,3662.0,duplicates
73804,2020.0,21095.0,kept
5500,2007.0,182000.0,kept
19990,2017.0,23248.0,duplicates
7700,1995.0,136657.0,kept
35590,2013.0,33692.0,duplicates
3200,2007.0,170000.0,kept
12995,2013.0,119000.0,duplicates
12981,2012.0,92932.0,kept
9700,2005.0,223000.0,duplicates
75000,2013.0,70000.0,kept
0,2001.0,143000.0,$0 price
6999,2005.0,181210.0,kept
9999,2005.0,195044.0,kept
4500,2007.0,107000.0,kept
26590,2016.0,64708.0,duplicates
27995,2017.0,48769.0,duplicates
29995,2018.0,51560.0,missing fuel
11888,2016.0,89555.0,kept
47998,2018.0,31242.0,duplicates
5995,2013.0,105099.0,kept
0,2015.0,38477.0,$0 price
7800,2011.0,114684.0,kept
0,2014.0,109156.0,$0 price
31990,2019.0,25209.0,duplicates
0,2017.0,,$0 price
8500,1968.0,59520.0,before 1980
2400,1998.0,198500.0,kept
43990,2018.0,44425.0,kept
600,1997.0,160000.0,kept
22977,2016.0,91104.0,kept
24024,2018.0,66188.0,kept
5850,2004.0,140200.0,kept
23900,2015.0,107663.0,kept
6000,2012.0,90000.0,kept
5500,1979.0,92134.0,before 1980
9975,2011.0,34351.0,kept
3000,2002.0,244000.0,kept
11995,2003.0,70404.0,kept
22976,2017.0,76801.0,kept
0,2019.0,26067.0,$0 price
19990,2013.0,62039.0,duplicates
17738,2011.0,152707.0,missing title
15988,2020.0,28028.0,duplicates
48590,2020.0,7701.0,duplicates
35900,2017.0,86494.0,missing fuel
34900,2016.0,91937.0,kept
5995,2005.0,155.0,kept
15990,2015.0,45728.0,kept
29990,2018.0,26978.0,duplicates
34950,2007.0,12542.0,duplicates
5400,2015.0,239955.0,kept
0,2014.0,123981.0,$0 price
32998,2015.0,152724.0,duplicates
29990,2017.0,22947.0,duplicates
0,2017.0,65422.0,$0 price
32590,2015.0,34811.0,duplicates
1200,1986.0,111000.0,kept
0,2017.0,94402.0,$0 price
19996,2020.0,34371.0,duplicates
11786,2014.0,127229.0,kept
0,2015.0,35140.0,$0 price
18995,2009.0,145853.0,kept
10900,2017.0,83350.0,kept
7950,2017.0,42692.0,kept
9000,2012.0,149000.0,kept
750,2002.0,130865.0,duplicates
16995,2017.0,51000.0,kept
35995,2009.0,52283.0,kept
199,2012.0,,fake price
29990,2012.0,43182.0,duplicates
541,2017.0,34222.0,fake price
0,2006.0,140791.0,$0 price
0,2019.0,30842.0,$0 price
3800,2011.0,194000.0,kept
5500,1994.0,46417.0,kept
17760,2019.0,23341.0,kept
4499,2005.0,170000.0,kept
5998,2008.0,129979.0,duplicates
24590,2018.0,15028.0,duplicates
29950,1959.0,0.0,before 1980
16990,2015.0,49203.0,duplicates
0,2017.0,26245.0,$0 price
555,2017.0,98751.0,fake price
3500,2004.0,150000.0,duplicates
19000,2010.0,71000.0,kept
2695,2011.0,174000.0,kept
148,2012.0,103942.0,fake price
35590,2020.0,3984.0,duplicates
644,2018.0,19341.0,fake price
56995,2013.0,21600.0,kept
27200,2019.0,28000.0,kept
31990,2014.0,57899.0,duplicates
8500,1994.0,190000.0,kept
37990,2010.0,56302.0,duplicates
23995,2019.0,9.0,bad odometer
8900,2013.0,185000.0,kept
25990,2019.0,7115.0,duplicates
16973,1998.0,67121.0,kept
21000,2017.0,87190.0,kept
23997,2012.0,165417.0,duplicates
272,2021.0,4.0,fake price
11363,2012.0,121959.0,kept
59995,2019.0,14282.0,kept
32990,2017.0,10193.0,duplicates
0,2010.0,124079.0,$0 price
0,2016.0,75119.0,$0 price
4200,1966.0,1111111.0,before 1980
11750,2015.0,75000.0,kept
13500,2012.0,79000.0,kept
5250,2003.0,128000.0,kept
9999,2011.0,160858.0,kept
0,2019.0,41350.0,$0 price
3350,1996.0,122000.0,kept
31997,2015.0,79529.0,kept
12000,2008.0,25000.0,kept
4900,2010.0,134043.0,kept
6995,2004.0,98900.0,kept
51990,2019.0,25914.0,kept
7999,2011.0,196000.0,duplicates
500,2014.0,10000.0,fake price
55995,2015.0,68080.0,duplicates
1300,1999.0,86400.0,kept
15695,2011.0,74761.0,kept
4500,2006.0,117706.0,kept
36590,2018.0,19139.0,kept
4995,2008.0,169000.0,kept
7500,2013.0,168000.0,kept
10950,2013.0,69635.0,kept
37990,2016.0,9704.0,duplicates
84999,2020.0,3454.0,duplicates
5500,2003.0,222125.0,kept
99,2016.0,80743.0,fake price
15000,2015.0,99000.0,kept
9500,2005.0,113275.0,duplicates
13492,2014.0,71583.0,kept
25999,2018.0,20704.0,duplicates
5200,2005.0,104000.0,kept
31200,2018.0,26105.0,missing title
32590,2019.0,8706.0,duplicates
27990,2016.0,46057.0,duplicates
9995,2012.0,129731.0,duplicates
11999,2009.0,75041.0,kept
14900,2013.0,119200.0,kept
17735,2012.0,99012.0,kept
49628,2019.0,46310.0,duplicates
13995,2007.0,34452.0,duplicates
21995,2017.0,44000.0,kept
6000,1992.0,33000.0,kept
3999,2010.0,138762.0,duplicates
3500,2013.0,124035.0,duplicates
33590,2014.0,57923.0,duplicates
28985,2016.0,45533.0,kept
30990,2014.0,38722.0,duplicates
34590,2018.0,36970.0,duplicates
18995,2017.0,68566.0,missing title
26590,2016.0,38979.0,duplicates
1700,1998.0,142000.0,kept
48888,2019.0,7951.0,duplicates
37000,2015.0,84522.0,kept
18990,2020.0,6395.0,duplicates
11495,2010.0,82571.0,kept
6400,2010.0,180067.0,kept
21900,2017.0,87.0,bad odometer
18686,2013.0,83083.0,kept
14000,2014.0,96200.0,kept
11700,2016.0,,bad odometer
8995,2014.0,187000.0,kept
46000,2021.0,564.0,kept
28900,2009.0,92889.0,duplicates
7950,2011.0,164000.0,kept
21995,2016.0,50000.0,kept
29590,2017.0,70760.0,duplicates
32590,2016.0,20877.0,duplicates
13800,2011.0,138832.0,missing title
1500,1996.0,137000.0,kept
42000,2017.0,30500.0,kept
26990,2020.0,5627.0,kept
1,2015.0,37701.0,fake price
28991,2018.0,33436.0,kept
31815,2020.0,12.0,kept
23995,2018.0,43323.0,duplicates
37995,,28495.0,before 1980
28388,2014.0,92436.0,kept
6500,2014.0,167549.0,kept
16900,2014.0,78210.0,kept
19995,2013.0,142845.0,duplicates
17999,2016.0,80233.0,kept
9988,1991.0,16880.0,duplicates
31999,2018.0,40870.0,kept
28500,2015.0,117000.0,kept
146,2014.0,117472.0,fake price
11599,2015.0,122446.0,kept
29999,2020.0,21673.0,kept
1500,1989.0,99999.0,kept
40600,2016.0,105900.0,kept
35980,2014.0,122166.0,duplicates
22594,2013.0,100446.0,kept
7999,2011.0,163118.0,kept
18990,2018.0,16789.0,duplicates
2900,2008.0,149000.0,duplicates
36990,2016.0,23190.0,duplicates
45990,2019.0,9857.0,duplicates
7995,2005.0,198465.0,kept
7995,2013.0,141000.0,kept
22990,2018.0,31581.0,kept
3750,2006.0,237000.0,kept
30988,2019.0,30633.0,duplicates
26990,2019.0,15752.0,kept
2000,2006.0,117000.0,kept
5999,2008.0,141000.0,duplicates
39590,2017.0,29355.0,duplicates
7000,2016.0,54000.0,kept
18500,2000.0,220000.0,duplicates
21999,2020.0,6335.0,missing title
8450,2004.0,245830.0,kept
6500,2004.0,184000.0,kept
26990,2016.0,14230.0,duplicates
2600,2003.0,158000.0,kept
16969,2015.0,99821.0,duplicates
56995,2015.0,101452.0,duplicates
17990,2020.0,10171.0,duplicates
15000,2007.0,1.0,bad odometer
8900,2012.0,115605.0,kept
39990,2019.0,18838.0,missing transmission
14990,2006.0,107895.0,duplicates
69999,2013.0,22496.0,kept
19588,2019.0,62247.0,duplicates
21990,2018.0,7233.0,duplicates
99995,1970.0,999.0,before 1980
29590,2017.0,70760.0,duplicates
7500,2008.0,140000.0,kept
19900,2009.0,123500.0,kept
6295,2003.0,153000.0,kept
0,2006.0,146483.0,$0 price
9880,2007.0,151016.0,duplicates
57995,2015.0,68080.0,duplicates
300,2014.0,1000.0,fake price
19999,2018.0,22768.0,duplicates
0,2017.0,48439.0,$0 price
76128,2020.0,4013.0,duplicates
15500,2008.0,109542.0,kept
31590,2020.0,2195.0,duplicates
19990,2020.0,11103.0,duplicates
18992,2016.0,29782.0,kept
31920,2019.0,17282.0,kept
8900,2009.0,62000.0,kept
27990,2018.0,30791.0,duplicates
7900,2007.0,197046.0,duplicates
21000,2018.0,30300.0,kept
20999,2014.0,121566.0,duplicates
32700,2011.0,29950.0,kept
1,2014.0,100000.0,fake price
11493,2015.0,77983.0,kept
6300,2006.0,130000.0,kept
22450,2018.0,95000.0,duplicates
0,2010.0,273020.0,$0 price
15500,2016.0,109744.0,kept
1,2015.0,59749.0,fake price
54999,2020.0,12870.0,duplicates
0,2014.0,87641.0,$0 price
18388,2017.0,14944.0,duplicates
3975,2001.0,108930.0,kept
47999,2018.0,4145.0,duplicates
37990,2018.0,26610.0,duplicates
23000,2013.0,99999.0,kept
44902,2020.0,11751.0,duplicates
39990,2019.0,8373.0,duplicates
6900,2012.0,168211.0,kept
4995,2004.0,194100.0,kept
1250,1987.0,50000.0,kept
9990,1991.0,38700.0,duplicates
0,2014.0,97890.0,$0 price
0,2014.0,75164.0,$0 price
34990,2014.0,78997.0,duplicates
14950,2018.0,36154.0,duplicates
44999,2020.0,31761.0,duplicates
25590,2017.0,27985.0,duplicates
5000,2004.0,216526.0,kept
8000,2013.0,127000.0,kept
32000,2017.0,75311.0,missing title
12000,2013.0,120000.0,kept
13495,2015.0,62679.0,kept
21590,2011.0,20892.0,duplicates
0,2015.0,50399.0,$0 price
858,2018.0,35627.0,fake price
39990,2016.0,35457.0,duplicates
8900,2006.0,87380.0,duplicates
2450,2008.0,126000.0,kept
32999,2018.0,19833.0,duplicates
54900,2016.0,81000.0,kept
21590,2018.0,22044.0,kept
9900,2010.0,118000.0,duplicates
29900,2014.0,114000.0,duplicates
14999,2020.0,1311.0,duplicates
18999,2015.0,100015.0,kept
26950,2013.0,95440.0,duplicates
21990,2017.0,37011.0,duplicates
2300,2001.0,218.0,kept
0,2013.0,44432.0,$0 price
6995,2008.0,153951.0,kept
13985,2015.0,156638.0,kept
36000,1994.0,142000.0,kept
9900,1996.0,96000.0,kept
5500,2006.0,248000.0,kept
10500,2012.0,111000.0,kept
7988,2009.0,148179.0,kept
18999,2017.0,23217.0,missing title
7100,1997.0,201000.0,kept
18990,2018.0,30688.0,duplicates
8200,2013.0,78500.0,kept
22491,2014.0,88280.0,kept
6795,2010.0,168797.0,kept
5495,2011.0,172894.0,kept
5800,2011.0,157200.0,kept
5298,2013.0,139864.0,kept
44999,2020.0,37545.0,kept
16590,2014.0,82584.0,duplicates
13950,2013.0,102323.0,kept
30995,2015.0,48848.0,kept
49900,2018.0,16525.0,kept
19900,2011.0,81397.0,duplicates
3500,2014.0,147755.0,duplicates
12500,2008.0,141345.0,duplicates
19495,2014.0,98932.0,duplicates
6950,2007.0,170970.0,kept
12900,2016.0,57000.0,kept
19998,2010.0,100661.0,kept
16500,2017.0,27374.0,kept
7995,2013.0,87000.0,kept
20949,2013.0,88890.0,duplicates
0,2010.0,124505.0,$0 price
22959,2018.0,41709.0,duplicates
0,2020.0,5505.0,$0 price
18995,2017.0,31045.0,kept
500,2010.0,123456.0,fake price
13995,2016.0,89271.0,duplicates
27777,2015.0,103311.0,duplicates
22990,2017.0,33960.0,kept
45000,2019.0,45785.0,duplicates
10500,2011.0,92664.0,duplicates
25990,2020.0,4942.0,duplicates
6500,2010.0,217335.0,kept
27999,2018.0,37846.0,kept
3500,2003.0,157000.0,kept
419,2019.0,35528.0,fake price
6995,2009.0,226900.0,kept
17695,2019.0,38635.0,kept
0,2017.0,63352.0,$0 price
10995,2007.0,214509.0,kept
42995,2019.0,19444.0,duplicates
10100,2009.0,73322.0,kept
21990,2019.0,13869.0,duplicates
27990,2020.0,10688.0,duplicates
17000,2013.0,115000.0,kept
2300,2010.0,119000.0,kept
26880,2009.0,48134.0,duplicates
9995,2004.0,107429.0,duplicates
4195,2003.0,216000.0,kept
17995,2014.0,38618.0,missing title
1000,2012.0,100000.0,duplicates
16990,2016.0,17631.0,duplicates
7950,2014.0,183000.0,kept
25590,2017.0,11325.0,kept
28990,2017.0,49355.0,duplicates
2950,2006.0,180000.0,kept
17314,2015.0,68484.0,kept
19990,2018.0,21025.0,kept
12990,2011.0,85757.0,duplicates
15500,2008.0,90000.0,kept
2500,2002.0,208000.0,kept
21995,2014.0,69614.0,kept
16149,2015.0,70933.0,kept
28995,2015.0,118492.0,duplicates
13999,2004.0,160000.0,kept
9800,2011.0,127800.0,kept
28163,2018.0,35248.0,duplicates
31590,2017.0,25523.0,duplicates
0,2006.0,126944.0,$0 price
39900,2017.0,144806.0,duplicates
25995,2012.0,85457.0,kept
31990,2017.0,15498.0,duplicates
14995,2016.0,185713.0,kept
11995,2018.0,106000.0,duplicates
5950,2006.0,158067.0,duplicates
0,2016.0,84135.0,$0 price
8900,2005.0,109000.0,kept
35985,2020.0,36498.0,kept
43590,2020.0,12012.0,duplicates
11000,2015.0,143306.0,kept
26990,2016.0,14230.0,duplicates
0,2014.0,152315.0,$0 price
24995,2018.0,75995.0,kept
2500,2002.0,231146.0,kept
7700,2010.0,104467.0,kept
0,2018.0,28810.0,$0 price
3990,2013.0,90000.0,kept
2900,2004.0,219000.0,kept
18990,2011.0,62155.0,kept
9999,2010.0,160191.0,kept
0,2019.0,10944.0,$0 price
12750,2013.0,157000.0,kept
4999,2010.0,133800.0,kept
24995,2013.0,117740.0,duplicates
9999,2007.0,61000.0,kept
7475,2010.0,92894.0,duplicates
6500,2011.0,137236.0,kept
17389,2019.0,17354.0,kept
16990,2016.0,17631.0,duplicates
11989,2007.0,206500.0,kept
10500,2019.0,38050.0,duplicates
392,2019.0,58421.0,fake price
6000,2009.0,131050.0,kept
5000,2008.0,90000.0,kept
29590,2015.0,43874.0,duplicates
39999,2016.0,48937.0,duplicates
16497,2012.0,173551.0,duplicates
25988,2016.0,92591.0,duplicates
1500,2014.0,76644.0,duplicates
9300,2015.0,79800.0,kept
0,2014.0,,$0 price
24590,2017.0,6008.0,duplicates
6500,2012.0,99315.0,kept
22900,2013.0,87246.0,duplicates
32990,2011.0,82763.0,duplicates
500,2010.0,140000.0,fake price
19500,2016.0,104000.0,kept
5800,2013.0,191019.0,kept
4490,2004.0,143489.0,missing title
13800,2015.0,81901.0,kept
31999,2017.0,60405.0,kept
31590,2014.0,54152.0,duplicates
0,2018.0,53215.0,$0 price
755,2019.0,21351.0,fake price
16500,2001.0,62000.0,kept
13877,2013.0,144269.0,kept
31777,2016.0,91624.0,kept
25994,2015.0,123615.0,kept
4499,2006.0,167000.0,kept
6500,2011.0,152000.0,kept
29990,2014.0,69200.0,duplicates
0,2015.0,0.0,$0 price
6249,2009.0,84590.0,duplicates
24299,2018.0,19819.0,kept
31590,2017.0,23488.0,kept
37888,2018.0,27826.0,kept
0,2015.0,84091.0,$0 price
17990,2013.0,38550.0,duplicates
3200,2007.0,15000.0,duplicates
24400,2012.0,100000.0,duplicates
29980,2015.0,117014.0,duplicates
18995,2017.0,43406.0,kept
10999,2013.0,104871.0,kept
1995,1998.0,150000.0,kept
3000,2003.0,135901.0,kept
12481,2019.0,73246.0,missing title
9995,2016.0,60377.0,kept
25990,2013.0,81852.0,duplicates
10995,2015.0,123114.0,kept
38590,2019.0,28556.0,duplicates
1200,1998.0,194000.0,kept
28900,2013.0,87839.0,kept
12000,2006.0,199000.0,kept
3500,2006.0,108000.0,kept
31990,2017.0,23694.0,duplicates
34295,2018.0,54890.0,duplicates
35590,2011.0,16796.0,duplicates
4977,2008.0,228000.0,kept
0,2001.0,107798.0,$0 price
31900,2018.0,69000.0,kept
3995,2001.0,95317.0,kept
5980,2011.0,163000.0,kept
0,2013.0,93677.0,$0 price
32990,2011.0,45858.0,duplicates
11988,2016.0,87959.0,duplicates
4200,2002.0,237200.0,kept
15995,2018.0,14331.0,kept
9200,2001.0,200000.0,kept
17990,2012.0,93185.0,duplicates
9900,2006.0,154206.0,duplicates
24990,2018.0,25409.0,duplicates
15450,2018.0,28891.0,kept
10945,2009.0,92833.0,kept
38990,2019.0,11877.0,duplicates
37000,2012.0,122000.0,kept
44995,2019.0,38453.0,kept
10000,2005.0,357548.0,kept
23989,2016.0,103176.0,duplicates
8900,2013.0,45600.0,kept
623,2017.0,74088.0,fake price
11995,2013.0,104900.0,duplicates
33990,2012.0,88107.0,duplicates
0,2008.0,75000.0,$0 price
19980,2006.0,107070.0,kept
9990,2015.0,67109.0,kept
65995,2018.0,69524.0,duplicates
14000,2014.0,78000.0,kept
12200,1979.0,68001.0,before 1980
3977,2000.0,162829.0,duplicates
12795,2013.0,138850.0,kept
8000,1984.0,196692.0,kept
1,2018.0,16845.0,fake price
31995,2012.0,171036.0,kept
22900,2005.0,66206.0,kept
6800,2008.0,150000.0,kept
50980,,50954.0,before 1980
8599,2013.0,140000.0,kept
17500,2008.0,52000.0,kept
33957,2019.0,22906.0,duplicates
6900,2002.0,188000.0,kept
28995,2017.0,47122.0,kept
6500,2008.0,142000.0,kept
6995,2006.0,146421.0,kept
25989,2013.0,72038.0,duplicates
0,2017.0,91382.0,$0 price
25990,2013.0,42045.0,duplicates
65950,2017.0,44989.0,kept
17975,,,before 1980
28980,2012.0,30687.0,duplicates
56000,2015.0,3995.0,duplicates
9500,1962.0,1234.0,before 1980
4500,2008.0,190000.0,duplicates
5995,2010.0,129000.0,kept
36590,2017.0,40406.0,kept
19789,2018.0,27694.0,duplicates
14750,2016.0,73869.0,kept
24700,2007.0,240000.0,kept
13429,2017.0,96273.0,kept
4900,2007.0,206000.0,kept
18999,2014.0,68543.0,kept
36590,2014.0,62518.0,duplicates
19990,2020.0,11103.0,duplicates
10495,2015.0,88148.0,duplicates
7850,2010.0,153000.0,kept
11000,1969.0,113138.0,before 1980
0,2014.0,61827.0,$0 price
17990,2016.0,29775.0,kept
15990,2017.0,48195.0,duplicates
7500,1996.0,1000.0,duplicates
21500,2015.0,87500.0,kept
24900,2013.0,84844.0,duplicates
34944,2015.0,91271.0,duplicates
275,2011.0,91505.0,fake price
12000,2011.0,110000.0,kept
44500,2020.0,10888.0,kept
39590,2019.0,21014.0,duplicates
28750,2019.0,40500.0,kept
28990,2020.0,22262.0,duplicates
0,2018.0,34669.0,$0 price
25590,2015.0,35290.0,duplicates
6900,2000.0,293000.0,duplicates
24977,2008.0,63172.0,duplicates
33990,2012.0,88107.0,duplicates
6200,2012.0,118600.0,kept
13995,2014.0,113134.0,kept
26995,2015.0,247000.0,duplicates
0,2021.0,2.0,$0 price
24590,2017.0,19861.0,duplicates
19900,2011.0,84651.0,duplicates
1995,2001.0,164753.0,kept
39990,2020.0,10309.0,duplicates
18990,2018.0,15808.0,duplicates
11999,2011.0,94000.0,kept
0,2011.0,120577.0,$0 price
0,2005.0,167836.0,$0 price
20494,,9677.0,before 1980
6900,2004.0,230000.0,kept
5995,2005.0,99026.0,duplicates
0,2018.0,60147.0,$0 price
500,1979.0,95000.0,before 1980
4500,2007.0,166054.0,kept
3999,2007.0,226000.0,kept
3000,1966.0,55000.0,before 1980
18900,2012.0,84000.0,duplicates
15355,2013.0,69268.0,kept
6000,2006.0,220000.0,kept
5450,2010.0,140000.0,kept
3900,2011.0,150000.0,duplicates
8995,2011.0,128338.0,missing title
38886,2019.0,2815.0,duplicates
9900,2013.0,84686.0,kept
45000,2004.0,48000.0,kept
13995,2017.0,24571.0,kept
20990,2006.0,134296.0,duplicates
38590,2016.0,45886.0,kept
46750,2019.0,38900.0,kept
27999,2015.0,135497.0,duplicates
3995,1997.0,260000.0,kept
53500,2008.0,18300.0,kept
9950,2011.0,92000.0,kept
3450,2003.0,217000.0,kept
35995,2018.0,71953.0,kept
0,2012.0,194555.0,$0 price
39990,2018.0,24582.0,duplicates
42720,2016.0,42877.0,kept
248,2011.0,72038.0,fake price
3495,2001.0,131500.0,kept
0,2018.0,42000.0,$0 price
32442,2020.0,1124.0,duplicates
20900,2011.0,142000.0,duplicates
8999,2012.0,125657.0,duplicates
47999,2019.0,15139.0,kept
11999,2013.0,108302.0,duplicates
0,2014.0,0.0,$0 price
899,2021.0,50000.0,fake price
19,1953.0,72000.0,before 1980
0,2011.0,100664.0,$0 price
10901,2014.0,118441.0,duplicates
0,2014.0,93842.0,$0 price
6990,1991.0,50000.0,kept
32000,2016.0,27000.0,kept
3200,1993.0,150000.0,kept
18950,2017.0,53796.0,kept
30990,2019.0,4936.0,duplicates
4500,1996.0,178800.0,kept
15587,2015.0,104309.0,kept
13000,1993.0,126495.0,kept
12130,2015.0,107862.0,kept
41590,2020.0,25271.0,duplicates
12950,2018.0,35502.0,kept
23900,2015.0,56800.0,kept
36590,2017.0,46975.0,kept
28590,2010.0,16903.0,duplicates
7988,2003.0,1.0,bad odometer
36500,2016.0,15700.0,kept
5250,1973.0,88772.0,before 1980
11600,2006.0,114077.0,kept
10540,2014.0,150938.0,kept
28990,2019.0,5736.0,duplicates
29995,1997.0,120527.0,missing fuel
37993,2018.0,47929.0,kept
15988,2019.0,40364.0,duplicates
316,2010.0,66258.0,fake price
0,1949.0,1.0,$0 price
10999,2013.0,113488.0,kept
4800,2008.0,179000.0,kept
3500,2000.0,140000.0,kept
14995,2010.0,115000.0,kept
5000,2016.0,104059.0,kept
9795,2011.0,135205.0,kept
8900,1999.0,79000.0,kept
99,2011.0,139000.0,fake price
14995,2014.0,90254.0,duplicates
2499,2008.0,198641.0,kept
5995,2010.0,162601.0,kept
5500,2001.0,192000.0,kept
9500,2011.0,141000.0,duplicates
7175,2014.0,175911.0,kept
5600,2003.0,143000.0,kept
11400,1995.0,114000.0,kept
8995,2011.0,128997.0,duplicates
5500,2012.0,99000.0,kept
30990,2014.0,67344.0,duplicates
0,2018.0,22898.0,$0 price
7995,2013.0,131146.0,kept
10000,2011.0,163000.0,kept
4500,2000.0,279159.0,kept
3500,1996.0,205000.0,kept
0,2015.0,99460.0,$0 price
3295,2007.0,172808.0,duplicates
0,2014.0,106297.0,$0 price
37888,2018.0,7970.0,kept
7995,2010.0,94254.0,kept
9997,2012.0,129341.0,kept
49495,2019.0,12700.0,duplicates
14500,1968.0,62000.0,before 1980
12985,2015.0,100050.0,kept
51580,2020.0,10265.0,duplicates
10950,2010.0,120427.0,kept
49990,2020.0,3996.0,duplicates
9950,2006.0,122212.0,duplicates
8990,2007.0,225000.0,duplicates
5600,2004.0,157000.0,kept
17288,2016.0,55280.0,kept
32990,2017.0,21818.0,duplicates
0,2000.0,1000.0,$0 price
11540,2017.0,73139.0,kept
14995,2016.0,113500.0,duplicates
17298,2018.0,12948.0,duplicates
15995,2017.0,91297.0,kept
5598,2007.0,204000.0,kept
4000,2011.0,190000.0,kept
35990,2019.0,49441.0,duplicates
17998,2018.0,35862.0,kept
12000,2013.0,83000.0,kept
14990,2008.0,179243.0,duplicates
41990,2019.0,9345.0,kept
9200,2012.0,104635.0,kept
33989,2011.0,87490.0,duplicates
28590,2017.0,102.0,duplicates
29900,2014.0,345000.0,duplicates
26990,2020.0,28278.0,duplicates
22000,2001.0,632683.0,bad odometer
9279,2012.0,114335.0,kept
21000,2013.0,62009.0,kept
13977,2016.0,82436.0,duplicates
59940,2021.0,5074.0,duplicates
12750,2006.0,184772.0,kept
4999,2008.0,195500.0,kept
3900,2002.0,220.0,kept
4500,2007.0,127000.0,kept
21988,2016.0,53530.0,kept
12900,1998.0,79300.0,kept
5500,2007.0,191500.0,kept
39490,2018.0,118575.0,kept
11995,2006.0,161471.0,kept
1800,1998.0,220131.0,kept
4900,2006.0,145000.0,duplicates
18590,2018.0,24703.0,duplicates
2995,2006.0,194009.0,kept
8995,2007.0,102951.0,duplicates
8995,2008.0,113900.0,kept
29990,2018.0,13859.0,duplicates
5500,2007.0,93819.0,kept
23998,2016.0,66058.0,kept
0,2011.0,117496.0,$0 price
55999,2017.0,28090.0,duplicates
13800,2020.0,31481.0,duplicates
21000,2019.0,7000.0,kept
6400,2010.0,128000.0,kept
12980,2013.0,114705.0,kept
26750,2006.0,50456.0,duplicates
8495,2016.0,135000.0,kept
12995,2012.0,167712.0,kept
5999,2008.0,90058.0,missing transmission
10000,2014.0,177000.0,kept
3500,2011.0,365000.0,kept
52988,2020.0,9630.0,kept
17483,2016.0,64714.0,duplicates
61995,2018.0,25782.0,duplicates
19995,2011.0,147580.0,duplicates
28590,2019.0,2907.0,duplicates
9488,2005.0,128992.0,duplicates
4950,2013.0,130000.0,kept
15590,2016.0,45387.0,duplicates
0,2019.0,27100.0,$0 price
20999,2018.0,34463.0,kept
9990,2013.0,97199.0,duplicates
39590,2020.0,16014.0,kept
21900,1991.0,64300.0,kept
8995,2011.0,109688.0,missing title
28900,2008.0,209182.0,duplicates
7495,2012.0,42034.0,duplicates
7995,2008.0,170863.0,kept
24995,2017.0,56401.0,kept
6000,2009.0,197000.0,kept
0,2008.0,,$0 price
7995,2009.0,117961.0,kept
6800,2002.0,200000.0,kept
25698,2019.0,28859.0,kept
13990,2007.0,146911.0,kept
12995,2011.0,123366.0,kept
3995,2006.0,195000.0,kept
15995,2015.0,61123.0,kept
29990,2006.0,102000.0,kept
14998,2014.0,98246.0,duplicates
24997,2005.0,109562.0,duplicates
3550,2007.0,119180.0,kept
5000,2010.0,98316.0,kept
17632,2017.0,55989.0,kept
17000,2018.0,35000.0,kept
31495,2017.0,62237.0,duplicates
43987,2018.0,63830.0,duplicates
399,2003.0,168481.0,fake price
27990,2012.0,67245.0,duplicates
6000,2003.0,139526.0,kept
7000,1968.0,45000.0,before 1980
29999,2012.0,43426.0,duplicates
31990,2017.0,26646.0,duplicates
18999,2013.0,81608.0,duplicates
3995,2004.0,135000.0,kept
36995,2012.0,41364.0,kept
0,2016.0,105559.0,$0 price
10998,2016.0,73455.0,kept
10884,2015.0,50314.0,kept
24980,2013.0,152902.0,duplicates
11750,2012.0,83324.0,kept
23995,2014.0,106319.0,kept
8990,2013.0,127100.0,duplicates
30990,2019.0,1834.0,duplicates
30990,2013.0,26474.0,duplicates
37888,2018.0,23707.0,duplicates
11409,2013.0,120058.0,kept
31999,2010.0,97265.0,kept
0,2019.0,36088.0,$0 price
9991,2006.0,119741.0,kept
42590,2020.0,13086.0,duplicates
899,2012.0,120747.0,fake price
4960,2008.0,175718.0,duplicates
31990,2017.0,891.0,duplicates
5200,2015.0,81000.0,kept
18999,2018.0,32302.0,kept
13517,2016.0,64562.0,missing title
47194,2018.0,42304.0,kept
12500,1996.0,54000.0,kept
5900,2006.0,57000.0,kept
155,2013.0,103049.0,fake price
0,2018.0,183366.0,$0 price
5950,2004.0,169019.0,duplicates
3999,2008.0,160000.0,kept
29590,2018.0,23893.0,duplicates
2550,1999.0,312000.0,kept
21995,2014.0,124390.0,kept
16500,2012.0,190149.0,kept
7900,2012.0,72000.0,kept
37990,2010.0,56302.0,duplicates
7997,2003.0,52499.0,duplicates
30590,2017.0,52924.0,duplicates
10000,2015.0,97185.0,kept
6000,2015.0,93000.0,kept
24990,2019.0,12502.0,kept
8999,2005.0,129000.0,kept
2877,2002.0,149000.0,kept
6450,2004.0,135000.0,kept
37990,2020.0,8132.0,unknown cylinders
15500,2015.0,100000.0,kept
13992,2018.0,40880.0,kept
21990,2016.0,74085.0,kept
16995,2011.0,160079.0,duplicates
29990,2012.0,40321.0,duplicates
5995,2005.0,122957.0,kept
16699,2017.0,37136.0,kept
12495,2014.0,101512.0,kept
6995,2004.0,15823.0,duplicates
24990,2018.0,28817.0,duplicates
42000,2018.0,55653.0,kept
18900,2012.0,0.0,bad odometer
5495,2005.0,127500.0,kept
10995,2005.0,82008.0,duplicates
22999,2018.0,16327.0,kept
8900,2007.0,206373.0,kept
4300,2012.0,174053.0,duplicates
35999,2012.0,124398.0,duplicates
35999,2015.0,96500.0,kept
15990,2018.0,19466.0,duplicates
22000,2013.0,41117.0,kept
34990,2014.0,35788.0,duplicates
23236,2015.0,100858.0,kept
26995,2015.0,106060.0,kept
25990,2020.0,36975.0,duplicates
19988,2017.0,103053.0,kept
12495,2016.0,116883.0,kept
6999,2008.0,1.0,bad odometer
44995,2019.0,99178.0,kept
592,2020.0,11364.0,fake price
2500,2014.0,100000.0,duplicates
36590,2018.0,29158.0,duplicates
0,2019.0,19930.0,$0 price
9999,2011.0,130500.0,duplicates
16600,2016.0,68940.0,kept
51990,2016.0,36741.0,duplicates
4188,2005.0,82777.0,duplicates
0,2016.0,70069.0,$0 price
34590,2015.0,35423.0,duplicates
24991,2015.0,79272.0,duplicates
13000,2011.0,93236.0,duplicates
0,2019.0,24784.0,$0 price
3500,2000.0,164000.0,kept
29990,2018.0,34870.0,duplicates
5995,2012.0,136297.0,kept
12995,2016.0,10738.0,duplicates
0,2013.0,176953.0,$0 price
8270,2013.0,131923.0,kept
1,2016.0,48659.0,fake price
39900,1971.0,860.0,before 1980
5450,2007.0,117000.0,kept
15000,2006.0,130000.0,kept
5800,2013.0,138464.0,kept
22990,2019.0,13528.0,duplicates
12999,2013.0,86478.0,kept
6900,2000.0,293000.0,kept
5999,2010.0,125835.0,kept
6995,2016.0,69931.0,kept
32990,2017.0,24674.0,duplicates
0,2015.0,114643.0,$0 price
14995,2014.0,116114.0,kept
7490,2008.0,145000.0,kept
13900,2014.0,,bad odometer
19990,2018.0,14063.0,duplicates
15990,2018.0,26506.0,kept
15495,2017.0,54440.0,missing title
27798,2014.0,134352.0,duplicates
17590,2013.0,33878.0,duplicates
1,2018.0,15000.0,fake price
38885,2016.0,151913.0,duplicates
23941,2019.0,28922.0,kept
13299,2013.0,139853.0,kept
27990,2008.0,83459.0,kept
7000,2012.0,74618.0,kept
15995,2017.0,73654.0,kept
4000,2002.0,121098.0,duplicates
6900,2013.0,150000.0,duplicates
2900,2001.0,158000.0,kept
2950,2007.0,196.0,duplicates
0,2016.0,93195.0,$0 price
7150,2010.0,118000.0,duplicates
34590,2018.0,41295.0,kept
20998,2016.0,123825.0,duplicates
6300,2008.0,132556.0,kept
7990,2004.0,168660.0,duplicates
21867,2016.0,42000.0,kept
32995,2017.0,64684.0,duplicates
35995,2013.0,65275.0,duplicates
5999,2005.0,103000.0,kept
21500,2013.0,71232.0,kept
9995,2014.0,215132.0,duplicates
0,2003.0,128358.0,$0 price
39990,2019.0,7256.0,duplicates
17590,2012.0,84239.0,kept
4000,2007.0,194200.0,kept
9975,2011.0,130342.0,duplicates
0,2014.0,183264.0,$0 price
0,2014.0,94010.0,$0 price
23998,2021.0,10.0,kept
125998,2016.0,,bad odometer
8998,2010.0,136638.0,kept
20889,2013.0,69124.0,kept
14995,2003.0,44000.0,kept
18990,2017.0,21488.0,kept
21995,2012.0,149746.0,duplicates
6750,1995.0,142000.0,kept
10500,2018.0,68000.0,kept
10999,2014.0,46081.0,kept
9250,2011.0,64830.0,kept
40990,2019.0,27597.0,duplicates
11995,2012.0,95955.0,kept
21900,2017.0,41254.0,kept
3200,2006.0,214.0,kept
39990,2018.0,24582.0,duplicates
30900,2015.0,113000.0,duplicates
6900,2012.0,137000.0,kept
27900,2017.0,63486.0,kept
15995,2011.0,115549.0,duplicates
23987,2018.0,87288.0,missing title
21499,2019.0,71741.0,kept
29981,2016.0,114980.0,kept
4000,2008.0,123000.0,kept
26990,2014.0,76000.0,kept
11999,2013.0,91000.0,kept
521,2017.0,17831.0,fake price
0,2017.0,98801.0,$0 price
8999,2002.0,54687.0,duplicates
5400,2007.0,153000.0,kept
11995,2010.0,91034.0,kept
34590,2016.0,49798.0,duplicates
25000,2008.0,56870.0,kept
10999,2001.0,202500.0,duplicates
0,2021.0,5115.0,$0 price
2488,2005.0,119155.0,duplicates
1200,1997.0,200000.0,kept
34990,2014.0,1112.0,duplicates
7500,1969.0,100000.0,before 1980
39995,2018.0,54644.0,kept
20999,2019.0,39778.0,kept
354,2018.0,31300.0,fake price
10900,2006.0,235000.0,kept
5450,2002.0,141420.0,kept
243,2017.0,47685.0,fake price
7000,2012.0,116000.0,kept
49000,1965.0,5000.0,before 1980
11999,2008.0,152833.0,duplicates
24990,2018.0,70471.0,duplicates
9399,2010.0,60050.0,duplicates
10988,2015.0,80981.0,duplicates
34999,2014.0,75204.0,kept
35888,2016.0,43125.0,duplicates
34999,2018.0,24742.0,duplicates
7990,2014.0,92968.0,duplicates
17500,2001.0,178000.0,kept
31995,2016.0,106875.0,kept
3500,2003.0,241000.0,duplicates
45900,2018.0,21494.0,missing title
27980,2014.0,55600.0,duplicates
2000,2007.0,200000.0,duplicates
9250,2012.0,44900.0,kept
5500,2003.0,161000.0,duplicates
15990,2013.0,36382.0,duplicates
6495,2008.0,105328.0,kept
1,2014.0,81855.0,fake price
11995,2013.0,92896.0,missing title
9988,2011.0,168532.0,kept
40967,2017.0,118463.0,duplicates
2600,2008.0,139000.0,kept
3300,2004.0,160000.0,kept
2999,2004.0,200000.0,kept
1,2007.0,150000.0,fake price
1995,2000.0,336835.0,duplicates
3800,2004.0,125000.0,kept
37590,2019.0,8663.0,duplicates
4000,2007.0,172957.0,kept
24950,2012.0,83257.0,kept
8000,2008.0,60000.0,kept
44988,2015.0,165000.0,kept
8450,2012.0,103097.0,duplicates
12000,2013.0,99094.0,kept
3600,2004.0,154497.0,kept
62995,2017.0,74015.0,duplicates
38995,2013.0,137000.0,duplicates
3500,2013.0,68464.0,kept
9995,2014.0,80000.0,kept
27000,2015.0,130000.0,kept
500,2018.0,500.0,fake price
15500,1985.0,113000.0,kept
52990,2014.0,54814.0,duplicates
17995,2013.0,165934.0,duplicates
32991,2013.0,56777.0,kept
31590,2019.0,12102.0,duplicates
19590,2012.0,63904.0,kept
12300,2000.0,142000.0,duplicates
29995,2015.0,120920.0,kept
48590,2014.0,26723.0,duplicates
1500,2000.0,148000.0,kept
0,1996.0,324000.0,$0 price
4988,2009.0,148605.0,duplicates
12000,1981.0,51000.0,kept
24700,2006.0,141000.0,kept
12825,2016.0,130412.0,missing title
33990,2020.0,13385.0,unknown cylinders
0,2019.0,33004.0,$0 price
38590,2020.0,1772.0,duplicates
0,2019.0,49091.0,$0 price
8650,2004.0,245830.0,duplicates
6995,2012.0,91070.0,kept
8900,2014.0,159000.0,duplicates
18990,2017.0,41634.0,kept
6700,2008.0,169649.0,kept
32500,1963.0,74300.0,before 1980
42433,2019.0,15000.0,kept
13850,2012.0,71000.0,kept
17990,2014.0,39725.0,kept
15300,2003.0,198337.0,kept
28590,2017.0,65817.0,duplicates
11000,2012.0,203000.0,kept
7000,1990.0,180000.0,kept
2000,1998.0,344200.0,kept
5800,2010.0,186000.0,kept
50880,,13930.0,before 1980
9995,2010.0,104723.0,duplicates
199999,2017.0,15189.0,duplicates
41975,2019.0,32583.0,kept
7950,2012.0,150804.0,duplicates
38590,2020.0,875.0,unknown cylinders
0,2020.0,27340.0,$0 price
0,2017.0,45151.0,$0 price
28998,2014.0,77934.0,kept
36900,2009.0,29984.0,duplicates
6000,1950.0,83000.0,before 1980
399,2010.0,125608.0,fake price
13994,2011.0,112693.0,kept
10999,2010.0,65841.0,kept
6495,2007.0,107000.0,kept
7600,2014.0,69117.0,kept
1200,1996.0,205000.0,kept
15499,2016.0,94983.0,kept
16900,2007.0,155613.0,kept
20451,2016.0,29823.0,kept
0,2015.0,45000.0,$0 price
0,2018.0,55015.0,$0 price
6700,2013.0,115170.0,kept
2800,2005.0,131000.0,kept
0,2013.0,21661.0,$0 price
32499,2018.0,20018.0,kept
2800,2006.0,188581.0,kept
0,2019.0,9546.0,$0 price
0,2014.0,81384.0,$0 price
0,2019.0,14783.0,$0 price
3500,2011.0,1.0,bad odometer
28990,2019.0,8256.0,duplicates
6488,2014.0,193990.0,duplicates
4550,2011.0,74321.0,duplicates
3654,2007.0,178020.0,missing title
9950,2004.0,225000.0,kept
14999,1998.0,156623.0,duplicates
23900,2016.0,60412.0,duplicates
17995,2018.0,18720.0,kept
11985,2016.0,88000.0,duplicates
8500,2011.0,162000.0,kept
24491,2019.0,4255.0,kept
20990,2017.0,32293.0,duplicates
23995,2017.0,31851.0,kept
26499,2019.0,12733.0,duplicates
0,2015.0,126716.0,$0 price
34990,2020.0,12562.0,duplicates
13000,2014.0,110339.0,kept
21000,1941.0,55467.0,before 1980
42990,2017.0,52111.0,kept
16500,2015.0,68000.0,duplicates
5900,2008.0,167128.0,kept
24990,2019.0,29732.0,duplicates
35395,2018.0,21026.0,duplicates
21900,2018.0,15609.0,kept
21891,2019.0,51115.0,kept
33590,2014.0,55251.0,duplicates
21990,2020.0,12069.0,kept
37990,2015.0,32395.0,duplicates
17999,2015.0,86000.0,kept
2995,1997.0,118000.0,duplicates
25995,2020.0,15564.0,duplicates
5300,2012.0,135000.0,kept
6995,2005.0,188208.0,duplicates
30590,2019.0,23645.0,duplicates
14990,2016.0,65203.0,duplicates
36590,2018.0,21015.0,duplicates
4995,2008.0,163602.0,unknown cylinders
5895,2006.0,174435.0,duplicates
23989,2013.0,152046.0,kept
6500,2007.0,169600.0,kept
2500,1984.0,131000.0,kept
21831,2016.0,38561.0,duplicates
32649,2011.0,127450.0,duplicates
0,2013.0,78000.0,$0 price
20990,2008.0,107040.0,duplicates
0,2014.0,142950.0,$0 price
37873,2020.0,10834.0,kept
17995,2006.0,85200.0,kept
13995,2013.0,89555.0,kept
39590,2019.0,25399.0,duplicates
40998,2017.0,70435.0,duplicates
10995,2010.0,165378.0,duplicates
23750,2015.0,66385.0,kept
4995,2010.0,135675.0,kept
25900,2013.0,,bad odometer
11800,2014.0,200000.0,kept
43590,2020.0,9454.0,duplicates
38990,2015.0,47518.0,duplicates
14500,2009.0,106500.0,kept
32590,2015.0,34811.0,duplicates
19998,2006.0,134617.0,kept
10500,2013.0,54728.0,kept
0,2014.0,91269.0,$0 price
21997,2013.0,87072.0,kept
5500,2003.0,110618.0,duplicates
32900,2019.0,40155.0,missing title
61987,2019.0,11486.0,missing title
5500,2003.0,273000.0,kept
4600,2013.0,126344.0,kept
2900,1999.0,100000.0,kept
18950,2010.0,83000.0,kept
7990,2013.0,147636.0,kept
29999,2007.0,225473.0,kept
10995,2011.0,134000.0,kept
2700,1994.0,200000.0,kept
22995,2016.0,130000.0,duplicates
2650,2005.0,210000.0,duplicates
14990,2014.0,112244.0,kept
10903,2013.0,147988.0,kept
0,2016.0,45286.0,$0 price
9999,2007.0,118188.0,kept
0,2020.0,3815.0,$0 price
35990,2019.0,9508.0,duplicates
3995,2009.0,169000.0,kept
25500,2012.0,108000.0,kept
25995,2017.0,29995.0,kept
13900,2011.0,113500.0,kept
22590,2013.0,14169.0,duplicates
26500,2015.0,44000.0,duplicates
2395,2004.0,188287.0,kept
16950,2012.0,136826.0,kept
9995,2009.0,163439.0,duplicates
4951,2007.0,190500.0,duplicates
38999,2015.0,84457.0,duplicates
32991,2020.0,12279.0,kept
38553,2017.0,43876.0,duplicates
1000,2016.0,92000.0,duplicates
30000,1934.0,10380.0,before 1980
21980,2017.0,63505.0,duplicates
3995,2008.0,119000.0,kept
41990,2020.0,12880.0,duplicates
19000,2016.0,21112.0,kept
9988,2012.0,86415.0,kept
32900,2019.0,15294.0,duplicates
31995,2019.0,34524.0,kept
31990,2018.0,19179.0,duplicates
27990,2012.0,68696.0,duplicates
25990,2019.0,12302.0,duplicates
15200,2015.0,88300.0,kept
51999,2019.0,42207.0,duplicates
19999,2007.0,105000.0,duplicates
3500,2004.0,183212.0,kept
5998,2008.0,178376.0,kept
4600,2003.0,172.0,kept
0,2014.0,65551.0,$0 price
20995,2011.0,112744.0,kept
10990,2011.0,190836.0,duplicates
29999,2014.0,79645.0,kept
0,2005.0,181738.0,$0 price
35590,2014.0,36284.0,duplicates
3900,2008.0,160875.0,kept
5000,2005.0,190000.0,kept
4995,2007.0,124638.0,kept
12500,1968.0,1111.0,before 1980
89995,2020.0,570.0,kept
7400,2005.0,155000.0,missing title
5699,2000.0,87000.0,kept
12900,2017.0,73000.0,kept
49990,2016.0,45188.0,duplicates
1992,2002.0,211309.0,kept
15990,2017.0,48195.0,duplicates
28991,2020.0,25367.0,duplicates
0,2015.0,58908.0,$0 price
4000,2004.0,139000.0,kept
4999,2010.0,154205.0,kept
9997,2003.0,82841.0,duplicates
25590,2019.0,34346.0,duplicates
12995,1949.0,69420.0,before 1980
24000,2004.0,133000.0,kept
0,2000.0,95470.0,$0 price
0,2014.0,100601.0,$0 price
3500,1971.0,74000.0,before 1980
5400,1998.0,63000.0,kept
23989,2016.0,103176.0,duplicates
10395,2008.0,157778.0,duplicates
11995,2015.0,100016.0,duplicates
0,2015.0,81111.0,$0 price
2950,2001.0,258000.0,duplicates
9900,2017.0,7332.0,kept
2650,1995.0,80000.0,kept
25500,2017.0,66974.0,kept
0,2004.0,130157.0,$0 price
49998,2017.0,160867.0,duplicates
38590,2011.0,30237.0,duplicates
8500,2009.0,186700.0,kept
20000,2004.0,98912.0,kept
1500,1989.0,120000.0,kept
7500,2009.0,154000.0,kept
7500,2015.0,166666.0,kept
25990,2014.0,15575.0,duplicates
5000,1976.0,82000.0,before 1980
28500,2015.0,99500.0,kept
0,2015.0,14238.0,$0 price
0,2006.0,0.0,$0 price
36868,2018.0,51000.0,kept
19000,2019.0,27.0,bad odometer
6500,2009.0,159000.0,kept
12950,2014.0,47428.0,kept
0,2013.0,1111111.0,$0 price
25590,2018.0,25384.0,duplicates
10900,2007.0,75000.0,kept
4500,2004.0,173000.0,kept
19590,2015.0,13895.0,duplicates
13990,2011.0,93900.0,kept
21550,2014.0,144549.0,kept
21950,2003.0,202537.0,duplicates
400,2012.0,99898.0,fake price
14995,2017.0,65538.0,kept
34872,2017.0,10868.0,kept
39590,2019.0,19722.0,duplicates
20990,2018.0,18972.0,duplicates
27988,2017.0,79696.0,duplicates
30000,2003.0,17000.0,duplicates
2900,2003.0,165000.0,kept
6950,2004.0,174000.0,kept
35590,2013.0,24471.0,duplicates
29990,2014.0,26129.0,duplicates
22900,2017.0,24000.0,kept
32990,2018.0,41131.0,duplicates
6900,2008.0,131800.0,kept
43500,1968.0,43320.0,before 1980
13995,2016.0,106923.0,duplicates
1,2008.0,225000.0,fake price
7950,2006.0,153401.0,duplicates
19500,1999.0,46274.0,kept
30590,2020.0,17084.0,duplicates
12500,1998.0,66100.0,kept
8995,2013.0,94851.0,kept
6000,2006.0,150226.0,kept
14995,2004.0,98872.0,kept
0,2016.0,35618.0,$0 price
27990,2018.0,30791.0,duplicates
23590,2017.0,27382.0,duplicates
51180,2018.0,19711.0,duplicates
52990,2020.0,79.0,duplicates
16900,2011.0,51582.0,kept
16990,2007.0,125002.0,duplicates
6200,2010.0,168722.0,duplicates
28590,2013.0,69535.0,duplicates
32900,2019.0,40155.0,missing title
7951,2009.0,115641.0,duplicates
10500,2012.0,73321.0,kept
22990,2019.0,13732.0,kept
28500,1932.0,9500.0,before 1980
15980,2016.0,85403.0,kept
1850,1994.0,207585.0,kept
13895,2013.0,98836.0,duplicates
49990,2013.0,98689.0,duplicates
541,2011.0,62711.0,fake price
39900,2015.0,30063.0,duplicates
28800,2006.0,31852.0,kept
269,2014.0,111090.0,fake price
25995,2015.0,151681.0,missing fuel
47995,2013.0,76278.0,duplicates
26990,2008.0,100921.0,duplicates
53333,1968.0,34260.0,before 1980
2950,2006.0,230000.0,kept
7500,2010.0,115000.0,kept
5600,2005.0,133970.0,duplicates
115990,2021.0,218.0,duplicates
2200,1988.0,155000.0,kept
38990,2013.0,51525.0,duplicates
5500,2008.0,140620.0,duplicates
3500,2001.0,174000.0,kept
24990,2020.0,8921.0,kept
2650,2007.0,192720.0,kept
5950,2007.0,163080.0,kept
30995,2018.0,45793.0,duplicates
24990,2018.0,12928.0,duplicates
2650,2003.0,208623.0,kept
9999,2010.0,131000.0,kept
12999,2013.0,91533.0,kept
19995,2020.0,10501.0,kept
11988,2012.0,139646.0,duplicates
0,2010.0,88289.0,$0 price
5500,1990.0,30000.0,kept
16990,2015.0,47974.0,duplicates
19999,2007.0,15385.0,kept
16650,2015.0,168444.0,kept
6900,2011.0,175598.0,duplicates
0,2008.0,1.0,$0 price
13950,2007.0,193121.0,kept
3495,2004.0,209957.0,duplicates
8000,2004.0,123000.0,kept
37990,2016.0,12193.0,duplicates
31995,2010.0,92667.0,kept
32990,2015.0,65329.0,duplicates
6971,2010.0,165215.0,kept
1000,2003.0,192000.0,kept
10743,2010.0,81302.0,duplicates
27990,2012.0,67245.0,duplicates
5700,2009.0,114000.0,duplicates
17900,2019.0,50000.0,duplicates
43995,2020.0,6712.0,kept
17998,2011.0,992661.0,bad odometer
12995,2016.0,88192.0,kept
2700,2005.0,170000.0,missing title
42115,2021.0,3035.0,missing title
40568,2018.0,58082.0,kept
13999,2004.0,159015.0,duplicates
10999,2010.0,124230.0,kept
2500,2005.0,105000.0,kept
32990,2018.0,29979.0,duplicates
5997,2004.0,139000.0,duplicates
39590,2017.0,10496.0,duplicates
4100,2008.0,151392.0,kept
13457,2017.0,45123.0,kept
17500,2008.0,132000.0,kept
0,2011.0,145040.0,$0 price
27990,2020.0,10688.0,duplicates
47837,2016.0,68053.0,kept
25900,2003.0,108471.0,kept
0,2017.0,46453.0,$0 price
17298,2018.0,12948.0,kept
7900,2012.0,97875.0,kept
18995,2018.0,22188.0,duplicates
7995,2009.0,115652.0,kept
6000,2010.0,96821.0,kept
662,2020.0,15191.0,fake price
39990,2018.0,44054.0,duplicates
4500,2007.0,183365.0,kept
32412,2017.0,61913.0,kept
7900,1997.0,60703.0,kept
11995,2011.0,103000.0,kept
9295,2011.0,92342.0,kept
24990,2015.0,64000.0,duplicates
29990,2008.0,65073.0,duplicates
18997,2013.0,178474.0,kept
4595,2005.0,257708.0,duplicates
29900,1999.0,113000.0,duplicates
30998,2016.0,77801.0,duplicates
3999,2008.0,111000.0,duplicates
32999,2011.0,186786.0,kept
853,2021.0,0.0,fake price
4990,2009.0,81388.0,kept
14997,2014.0,82147.0,kept
6500,2009.0,135000.0,kept
0,2002.0,228136.0,$0 price
6500,2009.0,129454.0,kept
6995,2007.0,171429.0,duplicates
7800,2013.0,99500.0,kept
8999,2015.0,18825.0,kept
36590,2019.0,14222.0,duplicates
312,2016.0,27075.0,fake price
10500,2014.0,93120.0,duplicates
36990,2016.0,75570.0,kept
34590,2020.0,3542.0,duplicates
20990,2018.0,39420.0,duplicates
0,2020.0,4187.0,$0 price
14499,2016.0,116004.0,duplicates
58995,2017.0,99470.0,duplicates
19999,2017.0,77459.0,duplicates
2900,2008.0,180000.0,kept
14790,2014.0,135655.0,kept
33488,2019.0,21787.0,duplicates
3499,2007.0,144000.0,kept
5990,2006.0,128000.0,kept
5500,2009.0,193000.0,kept
8495,2017.0,,bad odometer
8900,2013.0,162563.0,kept
2999,2001.0,160000.0,kept
800,2003.0,180000.0,kept
38490,2016.0,201166.0,kept
28995,2018.0,50400.0,kept
18300,2019.0,22920.0,kept
18500,2005.0,210000.0,duplicates
19990,2017.0,10309.0,duplicates
4999,2009.0,102495.0,kept
48988,2017.0,76753.0,duplicates
4990,2010.0,129817.0,kept
5975,2011.0,145797.0,kept
12690,2013.0,51669.0,kept
0,2015.0,100836.0,$0 price
3500,2006.0,189000.0,kept
0,2014.0,66143.0,$0 price
9600,2012.0,95000.0,kept
22590,2020.0,3722.0,duplicates
1,2012.0,3400.0,fake price
25990,2015.0,70069.0,duplicates
32000,2013.0,250000.0,duplicates
3800,2006.0,72000.0,kept
17900,2013.0,162000.0,kept
11500,2014.0,115000.0,kept
27590,2013.0,43937.0,duplicates
2650,2001.0,2000.0,kept
41961,2020.0,17.0,kept
18999,2019.0,10871.0,duplicates
80,2004.0,94009.0,fake price
16995,2018.0,8764.0,missing title
29999,2017.0,112000.0,kept
29988,2019.0,40624.0,duplicates
21900,2017.0,74369.0,kept
12500,2004.0,109000.0,kept
21990,2020.0,2515.0,duplicates
6199,2010.0,143456.0,kept
43275,2018.0,62892.0,duplicates
26000,2005.0,101395.0,kept
309,2014.0,60000.0,fake price
4000,2004.0,136000.0,kept
11288,2005.0,201995.0,duplicates
1200,1999.0,200000.0,kept
39990,2019.0,8573.0,duplicates
12990,2013.0,70825.0,duplicates
511,2020.0,14501.0,fake price
86999,2020.0,5873.0,duplicates
9999,2015.0,145737.0,kept
42980,2018.0,159850.0,duplicates
25990,2019.0,12302.0,duplicates
14590,2012.0,80465.0,duplicates
59999,2014.0,99622.0,duplicates
4995,2002.0,106181.0,kept
21000,2014.0,80400.0,kept
43988,2020.0,17301.0,duplicates
6990,2013.0,102891.0,duplicates
14995,2012.0,97000.0,kept
8995,2013.0,108703.0,duplicates
20000,1958.0,86000.0,before 1980
3899,2008.0,161000.0,kept
7273,2010.0,141828.0,duplicates
24995,2016.0,54117.0,duplicates
7450,2001.0,167000.0,duplicates
13995,2015.0,73697.0,kept
9850,2007.0,171519.0,kept
4800,2010.0,138000.0,kept
18488,2018.0,25312.0,kept
22990,2018.0,35782.0,duplicates
6495,2012.0,131975.0,kept
34980,2018.0,32890.0,kept
6900,2005.0,180000.0,kept
2000,2006.0,1.0,bad odometer
34995,2017.0,53690.0,duplicates
32990,2020.0,5424.0,duplicates
10900,2013.0,93853.0,kept
37990,2019.0,11145.0,kept
35990,2018.0,29245.0,duplicates
2700,2001.0,250000.0,kept
28990,2019.0,13259.0,kept
17990,2008.0,86585.0,kept
20988,2015.0,78815.0,duplicates
6495,2011.0,168.0,duplicates
53000,2015.0,88688.0,kept
52000,1962.0,999999.0,before 1980
12977,2017.0,42300.0,kept
7400,2013.0,123000.0,kept
36995,2017.0,43553.0,kept
45889,2019.0,16451.0,kept
4800,2004.0,133000.0,kept
0,2010.0,165535.0,$0 price
357,2014.0,98790.0,fake price
19990,2017.0,29254.0,duplicates
7795,2009.0,155837.0,kept
31000,2009.0,7400.0,kept
7841,2012.0,130094.0,duplicates
39990,2020.0,1237.0,duplicates
8999,2011.0,120000.0,kept
15000,2006.0,24000.0,kept
9890,2014.0,81299.0,kept
36535,2021.0,1.0,kept
24995,2015.0,31818.0,duplicates
23590,2016.0,43562.0,duplicates
23592,2015.0,71504.0,duplicates
12999,2015.0,94000.0,kept
25990,2016.0,79393.0,duplicates
0,2018.0,28487.0,$0 price
22995,2016.0,66700.0,duplicates
11995,2005.0,57602.0,kept
8650,2004.0,245830.0,kept
40000,2013.0,72000.0,kept
38990,2013.0,27610.0,duplicates
10500,2016.0,171000.0,kept
15750,2013.0,120000.0,kept
7999,2010.0,119000.0,duplicates
11987,2014.0,118427.0,kept
3999,2006.0,118019.0,kept
12997,2014.0,84848.0,duplicates
4500,2006.0,150000.0,duplicates
35590,2017.0,76216.0,duplicates
19000,2015.0,81980.0,kept
13995,2014.0,140679.0,kept
23000,2006.0,17100.0,kept
1900,1973.0,10.0,before 1980
11991,2012.0,132499.0,missing title
11699,2013.0,99218.0,kept
39590,2018.0,34199.0,duplicates
12991,2013.0,99098.0,duplicates
31590,2017.0,28185.0,duplicates
6997,2006.0,114876.0,duplicates
30990,2017.0,41124.0,duplicates
20872,2017.0,63583.0,duplicates
28990,2018.0,26585.0,duplicates
24990,2016.0,45682.0,duplicates
35995,2019.0,15910.0,kept
19999,2013.0,62322.0,duplicates
15590,2012.0,101213.0,duplicates
54900,2019.0,2169.0,missing title
15991,2017.0,32705.0,kept
11995,2016.0,131000.0,duplicates
0,2019.0,20531.0,$0 price
4995,2006.0,2006330.0,bad odometer
1200,2012.0,150000.0,kept
5900,1978.0,47000.0,before 1980
4999,2005.0,268226.0,kept
32590,2015.0,34811.0,duplicates
22500,2016.0,71488.0,kept
21991,2019.0,46219.0,duplicates
23990,2011.0,108670.0,duplicates
39990,2020.0,1237.0,duplicates
29990,2018.0,23559.0,duplicates
40950,2019.0,33006.0,duplicates
5000,2008.0,149250.0,kept
30539,2021.0,3917.0,duplicates
19995,2016.0,106637.0,duplicates
0,2008.0,149000.0,$0 price
17287,2018.0,20227.0,kept
10990,2012.0,123560.0,kept
15000,1980.0,68000.0,kept
28990,2019.0,8256.0,duplicates
0,2019.0,37686.0,$0 price
46995,2019.0,12606.0,kept
12500,1999.0,124000.0,kept
7995,2009.0,118418.0,missing transmission
28981,2020.0,4884.0,duplicates
1999,2011.0,152000.0,kept
23500,2008.0,220000.0,kept
18990,2019.0,2387.0,duplicates
26995,2009.0,128701.0,missing transmission
16997,2016.0,43000.0,duplicates
38990,2020.0,14028.0,duplicates
45000,2019.0,18883.0,kept
12995,1984.0,100000.0,kept
7500,2014.0,93000.0,kept
29590,2017.0,15530.0,duplicates
27995,2018.0,18969.0,kept
19995,2014.0,102074.0,duplicates
3550,2004.0,110000.0,kept
31990,2016.0,34729.0,duplicates
0,2015.0,83750.0,$0 price
52590,2019.0,18933.0,duplicates
27990,2012.0,68696.0,duplicates
11995,2008.0,158000.0,kept
12995,2008.0,93146.0,duplicates
14850,2016.0,38447.0,kept
16500,2007.0,31000.0,kept
26950,2013.0,69094.0,duplicates
30995,2013.0,57567.0,duplicates
21800,2014.0,67300.0,duplicates
29612,2018.0,23081.0,kept
2200,1999.0,98511.0,kept
33590,2020.0,786.0,duplicates
300,2012.0,100000.0,fake price
24950,2018.0,104218.0,duplicates
24590,2013.0,80318.0,duplicates
43590,2020.0,7652.0,duplicates
6900,2010.0,185000.0,kept
31973,2015.0,124582.0,kept
3999,2008.0,223529.0,kept
8800,2015.0,125000.0,kept
13900,2012.0,94000.0,kept
11990,2015.0,64391.0,duplicates
0,2011.0,94328.0,$0 price
4000,2006.0,93078.0,kept
15900,2006.0,235295.0,kept
8000,2006.0,139000.0,duplicates
8500,2009.0,117936.0,kept
1500,2014.0,1000.0,duplicates
7500,2008.0,207799.0,kept
4153,2008.0,174102.0,missing title
6995,2009.0,165733.0,kept
33000,2019.0,28675.0,kept
4995,2001.0,172355.0,kept
16998,2013.0,162017.0,duplicates
6575,2011.0,145000.0,kept
3995,2005.0,142040.0,duplicates
24800,1997.0,60922.0,duplicates
3000,2013.0,115000.0,kept
43590,2020.0,12012.0,duplicates
20990,2011.0,78712.0,duplicates
8995,2014.0,85843.0,kept
9299,2012.0,163000.0,kept
5495,2013.0,153453.0,duplicates
29990,2016.0,17302.0,duplicates
17350,2016.0,171562.0,kept
22990,2012.0,37725.0,duplicates
24495,2015.0,62365.0,duplicates
1995,1999.0,155000.0,kept
23000,1956.0,70000.0,before 1980
5500,1997.0,154000.0,kept
6997,2001.0,89491.0,kept
33990,2016.0,33408.0,duplicates
19998,2016.0,52776.0,duplicates
13995,2014.0,116593.0,duplicates
7977,2009.0,142868.0,duplicates
4900,2007.0,116250.0,kept
46590,2018.0,13492.0,duplicates
7500,1997.0,192454.0,duplicates
9750,2013.0,62000.0,duplicates
427,2018.0,15202.0,fake price
48900,2018.0,28402.0,kept
9999,2017.0,40992.0,kept
3500,2008.0,159977.0,kept
500,2006.0,1.0,bad odometer
45500,2017.0,12987.0,missing title
29900,2016.0,64980.0,kept
4999,2010.0,124231.0,kept
8900,2015.0,63168.0,duplicates
13995,2014.0,110697.0,duplicates
14991,2014.0,94590.0,kept
20590,2017.0,7486.0,duplicates
3300,2005.0,180213.0,kept
14999,2015.0,63988.0,kept
22900,2013.0,177000.0,kept
11250,2003.0,158263.0,kept
19590,2013.0,83600.0,duplicates
17995,2017.0,147064.0,duplicates
24950,2016.0,116000.0,kept
41990,2019.0,9345.0,duplicates
99,2018.0,43088.0,fake price
608,2015.0,45251.0,fake price
499,2007.0,248.0,fake price
17999,2014.0,120872.0,duplicates
23990,2015.0,31870.0,duplicates
4500,2005.0,170000.0,kept
16495,2017.0,29223.0,kept
1500,2016.0,61123.0,kept
38999,2019.0,41106.0,kept
7200,2006.0,172000.0,kept
51325,2020.0,5503.0,kept
3600,2013.0,122698.0,kept
3495,2001.0,151169.0,kept
7821,2013.0,29530.0,kept
10980,2010.0,109413.0,kept
35590,2010.0,31879.0,duplicates
17300,2015.0,78589.0,kept
33900,,49943.0,before 1980
6565,2011.0,100307.0,duplicates
14995,2001.0,45000.0,kept
316,2018.0,68848.0,fake price
4495,2010.0,143616.0,duplicates
49995,2015.0,92178.0,duplicates
14750,2010.0,116107.0,duplicates
45999,2018.0,11871.0,duplicates
9985,2006.0,83360.0,kept
1,1900.0,2300.0,before 1980
13222,2018.0,79999.0,kept
18950,2017.0,18000.0,duplicates
6500,2010.0,158000.0,kept
1750,2002.0,134098.0,kept
3995,2005.0,129685.0,kept
29990,2016.0,144817.0,kept
17995,2017.0,25362.0,kept
0,2016.0,125103.0,$0 price
16995,2014.0,79828.0,kept
1995,2006.0,156072.0,duplicates
6995,2009.0,210300.0,kept
35990,2017.0,44481.0,duplicates
23990,2016.0,15915.0,duplicates
11995,2005.0,110231.0,kept
6500,2009.0,129745.0,kept
10000,1973.0,84000.0,before 1980
7650,1986.0,124600.0,kept
4300,2008.0,165000.0,kept
7250,2009.0,132811.0,kept
7950,2012.0,127888.0,kept
8955,2014.0,99094.0,kept
1490,2017.0,46651.0,kept
26900,2013.0,68330.0,duplicates
42999,2012.0,146938.0,duplicates
1,1966.0,1000.0,before 1980
6900,1981.0,143199.0,kept
29990,2017.0,31408.0,kept
34990,2020.0,18318.0,duplicates
31000,2017.0,56000.0,kept
21590,2019.0,37880.0,kept
16990,2014.0,13956.0,duplicates
1300,2000.0,1.0,bad odometer
37770,2018.0,40632.0,missing title
66747,2016.0,24062.0,duplicates
39995,2016.0,77052.0,duplicates
10200,2008.0,81000.0,kept
20590,2019.0,19900.0,kept
12995,2012.0,116654.0,kept
0,2015.0,46656.0,$0 price
50100,2018.0,8977.0,duplicates
335,2016.0,94407.0,fake price
25590,2015.0,35290.0,duplicates
5500,2004.0,79030.0,duplicates
0,2017.0,48112.0,$0 price
3500,2012.0,152000.0,duplicates
18998,2016.0,75890.0,duplicates
15995,2008.0,214821.0,kept
12000,2008.0,340000.0,kept
18995,2010.0,123536.0,duplicates
39990,2020.0,8820.0,duplicates
10995,2011.0,184419.0,kept
8500,2013.0,153300.0,kept
34990,2017.0,30559.0,duplicates
13995,2010.0,162269.0,kept
13500,2016.0,39000.0,duplicates
6500,2012.0,111000.0,duplicates
37999,2017.0,61643.0,kept
32990,2017.0,96246.0,duplicates
2650,2008.0,195000.0,kept
0,2017.0,,$0 price
4650,2002.0,90000.0,kept
4500,2003.0,161000.0,kept
8750,1959.0,799999.0,before 1980
16990,2018.0,19613.0,kept
4991,2008.0,96000.0,kept
22999,2014.0,82806.0,missing title
32995,2014.0,171175.0,kept
32000,1968.0,95000.0,before 1980
5295,2013.0,163000.0,kept
30998,2018.0,57728.0,duplicates
51792,2018.0,19711.0,duplicates
36590,2020.0,33026.0,duplicates
7690,2014.0,86759.0,duplicates
8890,2008.0,85545.0,kept
25590,2017.0,11325.0,duplicates
3300,2006.0,152435.0,kept
11988,2009.0,75695.0,duplicates
4399,2006.0,154345.0,kept
16795,2009.0,152696.0,duplicates
33590,2014.0,57923.0,duplicates
2600,2001.0,250000.0,duplicates
3500,2004.0,156000.0,kept
32995,2015.0,96319.0,duplicates
9000,2011.0,140000.0,kept
14500,2015.0,,bad odometer
7000,2015.0,95000.0,kept
52499,2021.0,3.0,duplicates
30930,2017.0,63905.0,kept
8495,2012.0,184230.0,duplicates
350,2018.0,11665.0,fake price
0,2019.0,16706.0,$0 price
9990,2018.0,20002.0,duplicates
26998,2015.0,139413.0,duplicates
38999,2017.0,24192.0,kept
0,2019.0,9699.0,$0 price
1234,1986.0,67890.0,kept
6498,2006.0,149200.0,duplicates
28997,2017.0,64089.0,duplicates
19900,2013.0,68439.0,duplicates
27988,2015.0,1.0,bad odometer
41999,2014.0,161533.0,duplicates
5995,2004.0,182000.0,kept
45500,2016.0,68221.0,kept
6500,2012.0,123000.0,kept
16995,2009.0,127000.0,duplicates
27899,2020.0,4549.0,kept
20990,2019.0,15230.0,kept
1000,2002.0,124000.0,kept
65000,1966.0,4000.0,before 1980
2000,1998.0,174000.0,kept
36900,2018.0,112793.0,duplicates
36590,2020.0,16887.0,duplicates
0,2013.0,74315.0,$0 price
16990,2008.0,147476.0,duplicates
28657,2016.0,80251.0,duplicates
26488,2017.0,48943.0,missing fuel
14995,2009.0,88000.0,duplicates
7950,2016.0,63368.0,duplicates
4600,2013.0,132350.0,kept
8995,2010.0,138532.0,duplicates
44999,2019.0,29017.0,duplicates
7200,2010.0,131660.0,duplicates
23400,2014.0,101188.0,duplicates
3900,2007.0,172145.0,missing title
38590,2019.0,11599.0,duplicates
214,2014.0,92619.0,fake price
29853,2013.0,87289.0,duplicates
16995,2013.0,69709.0,kept
16590,2009.0,81993.0,duplicates
16788,2018.0,37149.0,kept
9999,2006.0,88000.0,kept
18999,2015.0,122121.0,kept
11674,2018.0,81792.0,kept
38000,2015.0,92000.0,kept
20410,2014.0,92596.0,kept
4850,1973.0,42000.0,before 1980
10000,2010.0,155000.0,kept
14988,2011.0,126677.0,kept
9995,2014.0,71705.0,kept
37998,2016.0,23230.0,duplicates
7000,2012.0,85000.0,kept
22990,2014.0,53050.0,duplicates
10995,2003.0,244471.0,duplicates
0,2018.0,35324.0,$0 price
23000,2020.0,24505.0,duplicates
39999,2012.0,123396.0,duplicates
31590,2018.0,62604.0,duplicates
14940,2015.0,66804.0,kept
24995,2019.0,15055.0,duplicates
5500,2012.0,95000.0,kept
0,2011.0,133829.0,$0 price
14950,2006.0,65000.0,duplicates
13000,2018.0,43995.0,duplicates
13995,2013.0,89555.0,duplicates
8000,2014.0,96423.0,kept
50,2017.0,100000.0,fake price
5499,2005.0,151903.0,duplicates
15397,2012.0,116699.0,duplicates
0,2016.0,84523.0,$0 price
0,2019.0,11276.0,$0 price
83880,2016.0,13131.0,duplicates
50700,2019.0,25528.0,duplicates
1900,2000.0,178000.0,kept
7899,2011.0,120000.0,duplicates
7995,2006.0,128405.0,duplicates
8100,2013.0,127840.0,kept
6995,2013.0,80568.0,kept
26990,2013.0,97280.0,duplicates
19995,2013.0,74879.0,duplicates
0,2017.0,39119.0,$0 price
37400,2015.0,163868.0,duplicates
16999,2016.0,33500.0,kept
3850,2008.0,158.0,kept
19900,2018.0,7800.0,duplicates
8000,2003.0,170000.0,kept
27990,2018.0,20420.0,duplicates
32590,2020.0,4100.0,duplicates
2000,2005.0,140000.0,kept
1500,2000.0,152000.0,kept
18888,2009.0,96636.0,duplicates
29000,1982.0,179000.0,kept
225,2017.0,85724.0,fake price
10632,2007.0,151444.0,kept
16999,2013.0,75002.0,duplicates
1000,2002.0,140000.0,kept
750,1985.0,100000.0,kept
9995,2014.0,72885.0,duplicates
23990,2007.0,32853.0,duplicates
1650,2004.0,183200.0,kept
18500,2018.0,17827.0,duplicates
0,2015.0,131020.0,$0 price
19998,2017.0,40710.0,duplicates
6750,2003.0,164617.0,kept
33990,2018.0,26732.0,duplicates
19590,2017.0,50522.0,duplicates
4995,2008.0,146464.0,kept
36999,2015.0,69549.0,kept
24990,2019.0,28068.0,duplicates
3500,1999.0,210000.0,kept
15995,2005.0,273223.0,kept
9990,2013.0,142674.0,kept
37190,2014.0,73065.0,duplicates
42990,2014.0,134571.0,duplicates
3495,2009.0,144000.0,kept
0,2014.0,47287.0,$0 price
5995,2010.0,173000.0,duplicates
12000,2015.0,98000.0,duplicates
13590,2015.0,41899.0,duplicates
19978,2017.0,33052.0,kept
0,2019.0,84531.0,$0 price
46995,2014.0,125743.0,duplicates
17888,2008.0,80592.0,kept
27990,2020.0,10688.0,duplicates
0,2010.0,147886.0,$0 price
29990,2018.0,20624.0,duplicates
2500,1987.0,109000.0,kept
1500,2012.0,123000.0,kept
38995,2015.0,92159.0,duplicates
33990,2007.0,77581.0,duplicates
12995,2017.0,67653.0,kept
2350,2005.0,209500.0,duplicates
24990,2018.0,70471.0,duplicates
10000,2002.0,175000.0,kept
12990,2014.0,58500.0,kept
40990,2017.0,18336.0,duplicates
32995,2014.0,97866.0,duplicates
30990,2019.0,5468.0,duplicates
4995,2002.0,234000.0,kept
6995,2009.0,178128.0,kept
22590,2013.0,14169.0,duplicates
12500,2012.0,149600.0,duplicates
12954,2018.0,64733.0,duplicates
23997,2015.0,96860.0,duplicates
35590,2011.0,16796.0,duplicates
18998,2014.0,110482.0,duplicates
17999,2009.0,86700.0,kept
10990,2007.0,112258.0,kept
19488,2017.0,45709.0,kept
507,2011.0,127690.0,fake price
0,2014.0,80248.0,$0 price
35590,2017.0,36536.0,duplicates
3000,2009.0,170042.0,kept
8791,2014.0,84500.0,kept
15995,2015.0,117000.0,duplicates
40991,2019.0,1722.0,duplicates
6800,2011.0,105681.0,duplicates
95000,2020.0,400.0,kept
22998,2017.0,62852.0,kept
3990,2009.0,145794.0,kept
0,2012.0,33000.0,$0 price
43500,2015.0,67600.0,kept
13900,2010.0,172303.0,kept
3500,2014.0,172261.0,duplicates
2500,1999.0,169980.0,kept
31903,2016.0,18299.0,kept
2200,2009.0,84679.0,kept
17999,2015.0,49655.0,duplicates
0,2017.0,68084.0,$0 price
30990,2019.0,5468.0,duplicates
19500,1988.0,162000.0,kept
21995,2014.0,38000.0,kept
31590,2013.0,68089.0,duplicates
49988,2016.0,95000.0,kept
39590,2018.0,45676.0,duplicates
5500,2015.0,55000.0,duplicates
8294,2013.0,162000.0,duplicates
40990,2020.0,12272.0,duplicates
12700,2007.0,450428.0,kept
31590,2020.0,2195.0,duplicates
3500,2007.0,143000.0,kept
0,2018.0,49772.0,$0 price
31990,2017.0,15498.0,duplicates
10500,2006.0,144000.0,kept
28999,2015.0,48892.0,kept
0,1999.0,149430.0,$0 price
13590,2012.0,92242.0,kept
3499,2007.0,136000.0,kept
210,2016.0,,fake price
26388,2016.0,88488.0,kept
0,2018.0,97256.0,$0 price
23950,2010.0,53861.0,kept
14499,2016.0,144920.0,duplicates
5477,2005.0,397250.0,kept
7995,2014.0,135000.0,kept
39990,2019.0,11717.0,duplicates
4850,2002.0,220000.0,kept
4495,2005.0,123000.0,duplicates
37990,2018.0,22869.0,duplicates
4477,1995.0,180100.0,kept
19990,2015.0,53715.0,kept
12542,2015.0,56058.0,missing fuel
7997,2012.0,179710.0,kept
9950,2005.0,158000.0,kept
18995,2007.0,72755.0,duplicates
5000,2007.0,109241.0,kept
9900,1996.0,89000.0,duplicates
29990,2016.0,17302.0,duplicates
18999,2012.0,159258.0,duplicates
32590,2015.0,34811.0,duplicates
26997,2017.0,43834.0,duplicates
32990,2016.0,55612.0,duplicates
38990,2017.0,20676.0,duplicates
10500,2016.0,61469.0,kept
21888,2017.0,63845.0,missing title
0,2013.0,,$0 price
37250,2020.0,11296.0,kept
59975,2019.0,31200.0,kept
0,2014.0,138650.0,$0 price
37888,2015.0,84437.0,duplicates
10500,2006.0,189688.0,duplicates
22590,2013.0,14169.0,duplicates
23995,2011.0,102804.0,kept
5300,2004.0,225000.0,kept
24990,2012.0,49214.0,duplicates
33480,2018.0,35050.0,duplicates
1500,1980.0,155000.0,unknown cylinders
56998,2020.0,20040.0,kept
10995,2013.0,102941.0,kept
28590,2017.0,74108.0,duplicates
16990,2014.0,65175.0,duplicates
33590,2017.0,14318.0,duplicates
6900,2007.0,168000.0,kept
1795,1991.0,191000.0,kept
8550,2012.0,105553.0,duplicates
38990,2016.0,72410.0,duplicates
8200,2011.0,112090.0,kept
17590,2015.0,34545.0,kept
17000,2019.0,54000.0,kept
6995,2011.0,125000.0,kept
4500,1971.0,210000.0,before 1980
5695,2010.0,90000.0,kept
2750,2006.0,225000.0,kept
15978,2017.0,59889.0,kept
38590,2018.0,20448.0,duplicates
29990,2014.0,65460.0,kept
39900,2018.0,22048.0,kept
13800,2014.0,201000.0,kept
4995,2009.0,170000.0,duplicates
33000,2017.0,59500.0,kept
21225,2019.0,25971.0,kept
10000,2008.0,189000.0,kept
10900,2014.0,121000.0,kept
26995,2013.0,134617.0,duplicates
27990,2018.0,37073.0,duplicates
29998,1995.0,100.0,duplicates
23590,2020.0,7399.0,kept
13900,2015.0,133854.0,kept
31916,2017.0,56212.0,duplicates
42250,2019.0,12400.0,duplicates
13495,2016.0,30.0,bad odometer
5499,2003.0,195184.0,duplicates
13590,2009.0,77034.0,duplicates
2000,2010.0,111111.0,kept
11499,2008.0,99000.0,kept
7995,2017.0,40491.0,kept
0,2014.0,105674.0,$0 price
8500,2007.0,220000.0,kept
9995,2015.0,97571.0,kept
7995,2011.0,82490.0,kept
11497,2015.0,73123.0,kept
12950,2012.0,84783.0,duplicates
4495,2001.0,150000.0,kept
17750,2015.0,62255.0,kept
34490,2015.0,82025.0,kept
49999,2018.0,27588.0,duplicates
0,2015.0,53444.0,$0 price
6000,2001.0,204000.0,kept
23980,2016.0,127241.0,duplicates
0,2018.0,68050.0,$0 price
32990,2011.0,45858.0,duplicates
26991,2017.0,69362.0,kept
25000,2014.0,800000.0,bad odometer
0,2008.0,114081.0,$0 price
7200,2006.0,166700.0,kept
3300,2005.0,161021.0,kept
21000,2018.0,18767.0,kept
17790,2017.0,107426.0,duplicates
7995,2011.0,182065.0,kept
31995,2015.0,106152.0,kept
6995,1999.0,74908.0,kept
1500,2007.0,197568.0,kept
31995,2012.0,67580.0,duplicates
37995,2018.0,10571.0,duplicates
9000,2007.0,200573.0,kept
24975,2011.0,94546.0,kept
7995,2009.0,155097.0,duplicates
30990,2015.0,44830.0,duplicates
12000,2005.0,127000.0,kept
0,2020.0,1450.0,$0 price
23950,2015.0,124635.0,duplicates
43990,2017.0,24024.0,duplicates
15488,2009.0,81648.0,missing title
19777,2013.0,128417.0,kept
21990,2003.0,176522.0,kept
0,2013.0,67000.0,$0 price
7500,2010.0,177000.0,duplicates
0,2021.0,10.0,$0 price
31990,2017.0,19366.0,duplicates
9498,2012.0,81446.0,kept
29800,2014.0,99388.0,kept
13995,2016.0,93599.0,kept
37696,2017.0,55254.0,duplicates
47990,2019.0,71908.0,kept
39950,2017.0,42185.0,kept
0,2017.0,31606.0,$0 price
0,2020.0,1746.0,$0 price
8500,1938.0,42759.0,before 1980
3500,2002.0,255000.0,kept
7995,2002.0,120000.0,kept
28995,2014.0,22929.0,duplicates
2900,2007.0,213000.0,kept
30590,2020.0,10267.0,duplicates
232,2017.0,11948.0,fake price
29500,2016.0,81300.0,kept
9950,1965.0,59878.0,before 1980
3500,1983.0,148000.0,kept
8995,2006.0,202264.0,duplicates
24990,2013.0,27287.0,duplicates
24990,2018.0,44611.0,kept
0,2013.0,0.0,$0 price
27500,1997.0,205888.0,kept
24995,2019.0,55556.0,kept
6500,2005.0,170000.0,kept
14749,2017.0,73510.0,duplicates
13990,2016.0,61401.0,duplicates
33590,2020.0,8990.0,kept
16590,2013.0,81552.0,duplicates
65000,2017.0,2651.0,duplicates
0,2006.0,154946.0,$0 price
20499,2012.0,70496.0,duplicates
0,2013.0,119976.0,$0 price
170,2008.0,145160.0,fake price
39990,2018.0,28456.0,duplicates
38990,2017.0,20676.0,duplicates
1450,1997.0,144000.0,kept
34999,2019.0,21675.0,duplicates
16950,1966.0,87931.0,before 1980
1,2015.0,84570.0,fake price
30990,2018.0,27205.0,duplicates
6900,2001.0,144445.0,kept
35000,2017.0,35363.0,kept
35590,2019.0,8218.0,duplicates
0,2013.0,222143.0,$0 price
21988,2019.0,42300.0,kept
36590,2018.0,29995.0,kept
46990,2019.0,28266.0,kept
17995,2018.0,92780.0,kept
40000,1965.0,111111.0,before 1980
5950,2000.0,126400.0,kept
28490,2008.0,70643.0,duplicates
0,2019.0,27992.0,$0 price
0,2014.0,71000.0,$0 price
0,2004.0,129666.0,$0 price
11999,2006.0,67781.0,kept
22800,2015.0,82000.0,kept
32995,2012.0,88485.0,duplicates
15000,2015.0,67333.0,kept
5500,2010.0,109668.0,kept
0,2018.0,73897.0,$0 price
13995,2013.0,79322.0,duplicates
15600,2013.0,108000.0,duplicates
28999,2014.0,120718.0,kept
33393,2019.0,25048.0,duplicates
50495,2015.0,50882.0,duplicates
26990,2014.0,96454.0,duplicates
18990,2017.0,31488.0,duplicates
2000,2006.0,107000.0,kept
7600,2008.0,234000.0,kept
7777,2001.0,82473.0,kept
5999,2012.0,96055.0,kept
0,2019.0,,$0 price
7950,2016.0,127107.0,kept
11395,2012.0,95079.0,duplicates
43988,2018.0,44318.0,kept
3200,1969.0,100000.0,before 1980
28995,2020.0,23500.0,duplicates
0,2016.0,0.0,$0 price
3500,1966.0,52901.0,before 1980
59980,2019.0,19595.0,kept
29400,2015.0,146071.0,kept
40590,2019.0,16931.0,duplicates
30990,2018.0,27005.0,kept
41990,2012.0,9169.0,duplicates
15000,2014.0,70000.0,duplicates
5995,2013.0,147718.0,duplicates
8500,2012.0,175250.0,kept
13000,2008.0,93000.0,kept
14495,2013.0,94346.0,duplicates
0,2016.0,63961.0,$0 price
6000,2005.0,98000.0,kept
28980,2015.0,101964.0,kept
7700,2016.0,95658.0,kept
2000,2008.0,270000.0,kept
11000,2008.0,132963.0,kept
9900,2014.0,218279.0,duplicates
7495,2011.0,80665.0,duplicates
5500,2013.0,122362.0,duplicates
14950,2016.0,56194.0,kept
0,1993.0,74000.0,$0 price
0,2013.0,100061.0,$0 price
0,2013.0,84108.0,$0 price
22991,2017.0,33678.0,kept
13999,2005.0,202000.0,kept
0,2010.0,,$0 price
2350,2001.0,250000.0,kept
33990,2020.0,5329.0,duplicates
9000,2012.0,169521.0,kept
13999,2016.0,86601.0,kept
6995,2008.0,114000.0,kept
12000,1990.0,61000.0,kept
32995,2013.0,73074.0,duplicates
28999,2018.0,22687.0,kept
42000,2010.0,44000.0,kept
48590,2017.0,59331.0,duplicates
30990,2019.0,4833.0,kept
4999,2009.0,90000.0,kept
30590,2020.0,10005.0,kept
47400,2017.0,28155.0,duplicates
0,2012.0,147183.0,$0 price
34980,2016.0,93218.0,duplicates
33891,2019.0,28246.0,duplicates
12455,2014.0,152509.0,duplicates
8750,2013.0,110312.0,kept
7995,2011.0,98216.0,duplicates
32990,2018.0,42631.0,kept
37981,2017.0,71944.0,duplicates
3200,1989.0,167000.0,kept
7000,2000.0,84500.0,kept
33999,2012.0,203110.0,duplicates
2700,2007.0,164000.0,duplicates
999,2005.0,152856.0,duplicates
0,2010.0,129900.0,$0 price
3800,2009.0,192000.0,kept
45000,2020.0,3900.0,kept
22898,2018.0,39046.0,kept
16500,2006.0,130082.0,kept
4995,2012.0,148590.0,kept
99,2017.0,46903.0,fake price
9995,2009.0,96958.0,kept
1,1990.0,208000.0,fake price
27590,2015.0,48652.0,duplicates
24990,2019.0,29732.0,duplicates
7991,2009.0,84313.0,kept
19950,2002.0,39950.0,duplicates
3600,2009.0,103000.0,kept
0,2000.0,129395.0,$0 price
5800,2009.0,192000.0,kept
34999,2020.0,27140.0,kept
9900,2000.0,91710.0,kept
27990,2017.0,22120.0,duplicates
17998,2016.0,102645.0,kept
20000,2019.0,9200.0,kept
31590,2020.0,2195.0,duplicates
22995,2014.0,101719.0,duplicates
8988,2015.0,109568.0,kept
34990,2020.0,5189.0,duplicates
4995,2009.0,171000.0,kept
10990,2018.0,26000.0,kept
55000,2017.0,6600.0,kept
23795,2010.0,50820.0,kept
14500,2012.0,97450.0,kept
3500,1973.0,123456.0,before 1980
23990,2014.0,191139.0,duplicates
8999,2014.0,76167.0,kept
32995,2010.0,139797.0,duplicates
10500,1967.0,68802.0,before 1980
9995,2011.0,181898.0,kept
7795,2009.0,94000.0,kept
26500,2016.0,6600.0,kept
12995,2011.0,120070.0,kept
14990,2016.0,24437.0,kept
0,2010.0,,$0 price
0,2018.0,22695.0,$0 price
13000,2003.0,219.0,kept
8995,2011.0,88410.0,kept
24990,2019.0,14043.0,duplicates
1550,1999.0,180000.0,kept
16990,2016.0,17631.0,duplicates
16793,2018.0,80702.0,kept
6900,2011.0,140000.0,kept
18691,2018.0,32594.0,duplicates
37875,2017.0,88671.0,kept
12950,2012.0,86122.0,kept
43995,2015.0,50260.0,kept
16000,2016.0,61000.0,kept
4400,2006.0,124201.0,kept
16995,2017.0,61619.0,duplicates
1800,1991.0,85273.0,kept
15999,2013.0,81878.0,duplicates
15400,2016.0,103000.0,kept
32995,2016.0,83116.0,duplicates
24000,2015.0,26600.0,kept
15995,2017.0,70025.0,kept
5995,2005.0,189423.0,kept
24900,2013.0,159134.0,kept
13500,2008.0,150480.0,kept
10995,2011.0,119356.0,duplicates
1,2017.0,61649.0,fake price
27500,2020.0,16755.0,kept
65999,2017.0,73000.0,duplicates
35990,2020.0,4719.0,duplicates
1100,1999.0,190000.0,kept
18000,2012.0,142702.0,kept
11495,2013.0,141776.0,kept
8000,1977.0,34359.0,before 1980
3750,2009.0,157000.0,kept
0,2017.0,78000.0,$0 price
69988,2018.0,18335.0,kept
42997,2015.0,79355.0,duplicates
40590,2019.0,16931.0,duplicates
16590,2015.0,39649.0,duplicates
29999,2017.0,39800.0,duplicates
17990,2018.0,64230.0,kept
25944,2014.0,86421.0,duplicates
11000,2016.0,91256.0,kept
39999,2007.0,145737.0,duplicates
5600,2015.0,59460.0,kept
6995,2003.0,171382.0,kept
11490,2007.0,85179.0,kept
13995,2010.0,158615.0,duplicates
500,2014.0,50000.0,fake price
13995,2013.0,59420.0,kept
15990,2013.0,105598.0,duplicates
0,1955.0,44840.0,$0 price
24888,2017.0,27917.0,kept
8500,2016.0,48000.0,duplicates
21000,2010.0,70000.0,kept
9500,2016.0,303000.0,kept
8750,2011.0,136742.0,duplicates
25990,2017.0,22820.0,duplicates
36197,2019.0,13829.0,duplicates
11900,2011.0,167549.0,kept
27254,2018.0,27668.0,kept
99,2018.0,47477.0,fake price
6998,2009.0,138485.0,kept
2500,2006.0,2322706.0,bad odometer
40963,2017.0,83066.0,duplicates
6395,2011.0,133413.0,duplicates
36000,2018.0,24300.0,kept
34998,2017.0,204358.0,duplicates
8995,2010.0,122545.0,duplicates
10495,2011.0,102000.0,kept
49995,2015.0,111600.0,duplicates
20000,2010.0,225483.0,kept
9388,2009.0,86440.0,kept
15590,2015.0,97261.0,kept
31590,2018.0,62496.0,duplicates
6500,2012.0,160000.0,kept
6500,2003.0,88000.0,kept
0,2020.0,31910.0,$0 price
4995,2005.0,160000.0,kept
16990,2017.0,91008.0,duplicates
5995,2005.0,110610.0,kept
32999,2012.0,128000.0,duplicates
36995,2018.0,45827.0,kept
30998,2016.0,,bad odometer
39700,2017.0,31220.0,duplicates
62000,2019.0,27000.0,kept
23990,2016.0,41568.0,duplicates
5950,2010.0,152800.0,kept
15999,2013.0,133692.0,kept
9000,2011.0,81580.0,kept
6895,2005.0,60781.0,kept
14989,,,before 1980
3950,2004.0,205000.0,kept
9495,2016.0,21820.0,missing fuel
31990,2018.0,19179.0,kept
26590,2017.0,47267.0,duplicates
61995,2018.0,76151.0,kept
9980,2011.0,131239.0,duplicates
41000,2019.0,29288.0,duplicates
3990,2003.0,195000.0,kept
28163,2018.0,35248.0,kept
19888,2013.0,92685.0,missing fuel
6975,2006.0,142000.0,duplicates
1800,2005.0,1.0,bad odometer
22389,2017.0,40003.0,duplicates
15990,2012.0,71937.0,duplicates
36995,2017.0,43553.0,duplicates
6500,1973.0,124000.0,before 1980
9500,2005.0,178000.0,kept
53025,2014.0,4668.0,duplicates
5998,2000.0,176146.0,duplicates
11500,2013.0,121000.0,kept
16999,2014.0,135206.0,kept
1200,2002.0,192631.0,kept
8500,2000.0,230000.0,duplicates
72995,2020.0,23265.0,kept
21590,2017.0,22556.0,duplicates
14888,2013.0,72587.0,duplicates
0,2020.0,9143.0,$0 price
14995,2016.0,59000.0,duplicates
6500,2007.0,118000.0,kept
19995,2015.0,87274.0,kept
3000,2010.0,290000.0,kept
20998,2017.0,73135.0,duplicates
5399,2012.0,141880.0,kept
3400,2005.0,120000.0,kept
8500,2005.0,114000.0,kept
19485,2017.0,106091.0,duplicates
34785,2014.0,205730.0,duplicates
4000,2000.0,289135.0,kept
0,2011.0,89505.0,$0 price
25000,2016.0,91000.0,kept
27990,2020.0,26570.0,duplicates
11997,2015.0,113268.0,kept
0,2017.0,111470.0,$0 price
10950,2012.0,128181.0,kept
16995,2008.0,202435.0,kept
5950,1995.0,211126.0,kept
33988,2020.0,8934.0,kept
21590,2015.0,7555.0,duplicates
4300,2006.0,144567.0,duplicates
9867,2010.0,121183.0,kept
9995,2007.0,185000.0,kept
27990,2017.0,22120.0,duplicates
13214,2016.0,82192.0,kept
5350,2007.0,159654.0,kept
0,2019.0,15572.0,$0 price
2995,2002.0,206000.0,duplicates
35990,2018.0,8490.0,duplicates
45950,2019.0,42750.0,kept
10990,2013.0,125000.0,duplicates
0,2017.0,14682.0,$0 price
64990,2019.0,1.0,bad odometer
34999,2018.0,31678.0,kept
33590,2019.0,10742.0,duplicates
26990,2017.0,11094.0,duplicates
3000,2003.0,174845.0,kept
22590,2012.0,56075.0,duplicates
6495,2008.0,179032.0,kept
0,2017.0,72000.0,$0 price
6995,2008.0,215000.0,kept
34990,2020.0,7974.0,duplicates
23990,2015.0,42327.0,kept
13990,2016.0,56900.0,kept
8900,2013.0,150000.0,kept
27990,2017.0,19215.0,duplicates
46990,2019.0,14900.0,duplicates
24995,2012.0,52377.0,duplicates
8995,2015.0,104000.0,kept
14060,2014.0,97293.0,duplicates
3500,2002.0,178746.0,kept
24988,2014.0,1.0,bad odometer
0,2011.0,98826.0,$0 price
6950,2015.0,86000.0,kept
29997,2011.0,119654.0,kept
4500,2005.0,183000.0,kept
17900,2016.0,45000.0,duplicates
13990,2017.0,86402.0,missing fuel
37995,2019.0,36000.0,kept
7999,2014.0,106074.0,kept
4500,1993.0,105800.0,kept
7317,2006.0,160845.0,missing title
13500,2005.0,147000.0,kept
100,2011.0,100000.0,fake price
39998,2020.0,14134.0,duplicates
1,2020.0,16000.0,fake price
17981,2019.0,70303.0,kept
30990,2014.0,87922.0,kept
54400,2019.0,41145.0,kept
21995,2017.0,64431.0,duplicates
3999,2007.0,163614.0,kept
5495,2007.0,144100.0,kept
3500,1969.0,111111.0,before 1980
9500,2011.0,103000.0,duplicates
14222,2016.0,50070.0,kept
19995,2012.0,137576.0,kept
5495,2008.0,93814.0,kept
8900,2008.0,91000.0,kept
24999,2017.0,66655.0,kept
0,2017.0,,$0 price
2950,2001.0,0.0,bad odometer
19995,2018.0,45650.0,kept
22029,2021.0,6463.0,duplicates
39990,2020.0,7469.0,duplicates
8995,2006.0,177000.0,duplicates
22500,2009.0,68000.0,kept
6800,2006.0,94500.0,kept
13500,2012.0,112000.0,kept
35990,2019.0,34627.0,duplicates
3999,2006.0,135139.0,kept
10980,2014.0,70491.0,kept
12900,2013.0,159693.0,kept
13990,2010.0,87506.0,duplicates
25590,2019.0,8841.0,kept
30590,2019.0,21246.0,duplicates
3600,2009.0,113847.0,kept
9995,2008.0,169501.0,duplicates
319,2017.0,72442.0,fake price
17599,2015.0,74387.0,kept
9800,2004.0,97000.0,kept
3381,2010.0,186187.0,missing title
34775,2018.0,52150.0,kept
17800,2017.0,48996.0,kept
26990,2018.0,11007.0,duplicates
69300,2014.0,190700.0,kept
5995,2011.0,135000.0,kept
5950,2004.0,166000.0,kept
15990,2010.0,81220.0,duplicates
5995,2007.0,104809.0,duplicates
16000,1991.0,129000.0,kept
24995,2017.0,88000.0,kept
22990,2009.0,255563.0,kept
85440,2019.0,22706.0,duplicates
14995,2011.0,23819.0,duplicates
3200,2003.0,128678.0,kept
3900,2005.0,188000.0,kept
31990,2013.0,101335.0,duplicates
18000,2012.0,24408.0,duplicates
32990,2020.0,5424.0,duplicates
8495,2008.0,73446.0,duplicates
25989,2013.0,84103.0,duplicates
26990,2015.0,110363.0,missing title
7900,2013.0,108600.0,kept
38900,2018.0,53974.0,kept
16450,2012.0,215000.0,kept
9995,2015.0,64041.0,duplicates
21991,2019.0,17206.0,missing fuel
19999,1999.0,118242.0,kept
34868,2016.0,1.0,bad odometer
12900,1968.0,99999.0,before 1980
26988,2018.0,68085.0,missing transmission
23990,2018.0,20829.0,kept
2200,1996.0,190000.0,kept
10200,2013.0,120700.0,kept
9500,2012.0,115335.0,kept
10495,2012.0,114989.0,kept
30990,2017.0,31095.0,duplicates
0,2003.0,133837.0,$0 price
26500,2006.0,111013.0,kept
6999,2009.0,104932.0,kept
8495,2007.0,143152.0,duplicates
18999,2010.0,119351.0,kept
8950,2010.0,138677.0,duplicates
9900,2011.0,109000.0,kept
12600,2011.0,113450.0,kept
10000,1986.0,41888.0,kept
26995,2014.0,119981.0,missing fuel
34999,2014.0,88497.0,duplicates
30990,2018.0,22821.0,duplicates
18500,2019.0,13292.0,kept
0,2016.0,97390.0,$0 price
3600,2008.0,150694.0,duplicates
59995,,920.0,before 1980
14944,2011.0,165668.0,kept
5750,2007.0,15000.0,duplicates
36990,2019.0,15898.0,kept
24995,2017.0,56512.0,duplicates
16995,2007.0,225451.0,duplicates
6995,2012.0,123265.0,duplicates
9500,1982.0,137100.0,kept
22000,2018.0,12000.0,kept
6800,2013.0,110000.0,kept
6900,2007.0,136000.0,kept
0,2021.0,189.0,$0 price
15590,2015.0,60291.0,duplicates
0,2016.0,106299.0,$0 price
27900,2008.0,80929.0,kept
8990,2008.0,116487.0,kept
21999,2011.0,83440.0,duplicates
33990,2018.0,27459.0,duplicates
22995,2018.0,9116.0,kept
8150,2012.0,73938.0,kept
21895,2013.0,86000.0,duplicates
9648,2011.0,139883.0,kept
33590,2017.0,28891.0,duplicates
37988,2014.0,86834.0,kept
7500,2011.0,143000.0,kept
7450,2017.0,,bad odometer
30988,2017.0,91345.0,duplicates
32999,2015.0,40035.0,kept
4000,2000.0,0.0,bad odometer
18990,2015.0,68183.0,duplicates
29846,2016.0,54584.0,duplicates
3900,1998.0,177000.0,duplicates
3497,2003.0,204092.0,duplicates
24590,2013.0,80318.0,duplicates
44950,2014.0,113058.0,kept
36990,2015.0,51677.0,duplicates
830,2000.0,96000.0,kept
8900,2013.0,116000.0,kept
5995,2007.0,99639.0,kept
17798,2015.0,73008.0,duplicates
18995,2012.0,145892.0,duplicates
5995,2015.0,202681.0,duplicates
4600,2008.0,223000.0,kept
10000,2005.0,357548.0,duplicates
30990,2014.0,48315.0,duplicates
32442,2020.0,1124.0,duplicates
22977,2008.0,104657.0,kept
18500,2011.0,315000.0,kept
10995,2014.0,120561.0,kept
2999,1996.0,236802.0,kept
27995,2015.0,142797.0,kept
16989,2018.0,29865.0,kept
14000,2013.0,78000.0,kept
29990,2016.0,17302.0,duplicates
29980,2012.0,59452.0,kept
13990,2013.0,112000.0,kept
32500,2017.0,161499.0,kept
53800,2018.0,23000.0,kept
26400,2015.0,56117.0,kept
21881,2019.0,16483.0,kept
0,2016.0,9999999.0,$0 price
0,2011.0,167982.0,$0 price
8990,2004.0,123372.0,kept
35590,2011.0,16796.0,duplicates
22990,2018.0,39322.0,duplicates
0,2016.0,74700.0,$0 price
38963,2015.0,141942.0,duplicates
38990,2019.0,15512.0,duplicates
21990,2005.0,71536.0,kept
33295,2017.0,33499.0,kept
0,2013.0,67000.0,$0 price
4800,2006.0,185112.0,kept
13988,2013.0,,bad odometer
23990,2015.0,30255.0,kept
32000,2017.0,0.0,bad odometer
0,2008.0,,$0 price
6000,1955.0,111111.0,before 1980
21977,2019.0,45835.0,kept
0,2015.0,53444.0,$0 price
1500,2014.0,1000.0,duplicates
27000,2015.0,84600.0,kept
30990,2015.0,44830.0,duplicates
20800,2014.0,70300.0,duplicates
18900,2016.0,149875.0,duplicates
0,2018.0,37318.0,$0 price
2000,1994.0,180000.0,kept
35990,2019.0,9508.0,duplicates
43990,2019.0,4362.0,duplicates
14900,2014.0,170000.0,kept
11900,2011.0,126720.0,kept
8999,2012.0,99458.0,duplicates
9688,2015.0,126396.0,duplicates
49999,2014.0,117000.0,kept
69850,2017.0,2813.0,duplicates
19495,2019.0,18479.0,kept
14500,2018.0,60750.0,kept
37990,2019.0,337.0,duplicates
11900,2004.0,194819.0,kept
24999,2010.0,157524.0,duplicates
13958,2018.0,22978.0,missing fuel
5850,2011.0,0.0,bad odometer
41590,2020.0,29010.0,duplicates
18990,2018.0,16789.0,duplicates
9995,2013.0,88961.0,kept
500,2014.0,10000.0,fake price
750,1996.0,96000.0,kept
21990,2013.0,26375.0,kept
6200,2006.0,125000.0,kept
47990,2018.0,96075.0,duplicates
25990,2018.0,15759.0,duplicates
5700,2007.0,137000.0,kept
37900,2019.0,17000.0,duplicates
33885,2013.0,208295.0,duplicates
20000,2011.0,127000.0,kept
800,2005.0,168201.0,kept
26990,2018.0,57480.0,duplicates
0,2016.0,59945.0,$0 price
6699,2013.0,152967.0,missing title
65590,2018.0,15003.0,duplicates
28995,2015.0,165262.0,duplicates
4200,2006.0,157700.0,kept
6200,2013.0,100125.0,kept
13999,2009.0,162990.0,duplicates
33000,1936.0,44000.0,before 1980
26590,2020.0,9954.0,duplicates
29500,2016.0,73061.0,kept
6450,2011.0,166000.0,kept
32590,2020.0,21229.0,duplicates
18400,2012.0,159936.0,duplicates
20990,2010.0,121850.0,duplicates
2499,2003.0,100000.0,kept
38000,1982.0,100000.0,kept
27990,2014.0,17805.0,duplicates
8973,2014.0,100551.0,kept
23000,2010.0,112000.0,kept
19500,1988.0,49288.0,duplicates
32500,2016.0,33600.0,kept
5475,2004.0,107477.0,duplicates
33998,2007.0,137455.0,duplicates
0,2015.0,104502.0,$0 price
5900,2007.0,139129.0,kept
17890,2010.0,132405.0,kept
5499,2016.0,108000.0,kept
19985,2021.0,1150.0,kept
5900,2006.0,98000.0,kept
34590,2014.0,15242.0,duplicates
39500,2015.0,110441.0,kept
35990,2018.0,8490.0,duplicates
25999,2013.0,146536.0,duplicates
12980,2014.0,84000.0,duplicates
1250,2006.0,200000.0,kept
39995,2018.0,36277.0,kept
9999,2007.0,108996.0,duplicates
39997,2007.0,73098.0,missing fuel
5450,2008.0,167619.0,kept
1500,2009.0,168.0,kept
0,2012.0,129896.0,$0 price
1500,2003.0,40446.0,kept
15900,2003.0,259000.0,kept
19995,2018.0,25000.0,kept
10999,2014.0,27635.0,kept
12900,2009.0,137682.0,duplicates
32995,,22105.0,before 1980
31000,2015.0,44507.0,kept
12990,2012.0,94988.0,duplicates
15995,1999.0,206518.0,kept
26895,2011.0,200968.0,duplicates
14995,2016.0,96170.0,kept
11995,2006.0,155694.0,duplicates
17500,1979.0,43695.0,before 1980
7191,2014.0,200907.0,kept
29995,2014.0,101702.0,kept
27298,2018.0,41993.0,kept
32990,2019.0,3896.0,duplicates
34990,2020.0,13272.0,unknown cylinders
11000,2013.0,111111.0,kept
11000,2003.0,93250.0,kept
36590,2019.0,14222.0,duplicates
0,2019.0,16193.0,$0 price
9999,2009.0,113077.0,duplicates
14000,2013.0,82000.0,kept
4500,1998.0,201000.0,kept
2900,2006.0,253000.0,kept
19500,2012.0,57000.0,kept
18500,2018.0,20500.0,kept
0,2016.0,60329.0,$0 price
6800,2006.0,200443.0,kept
26982,2014.0,78069.0,kept
22590,2020.0,4106.0,duplicates
5995,2003.0,182786.0,kept
57995,2012.0,36683.0,kept
13995,2013.0,105875.0,duplicates
17958,2020.0,28679.0,kept
5477,2008.0,193342.0,duplicates
30833,2019.0,26049.0,duplicates
34990,2018.0,34081.0,duplicates
30445,2022.0,10.0,kept
14000,1999.0,307000.0,kept
0,2014.0,74449.0,$0 price
2999,2000.0,200000.0,kept
16999,2016.0,0.0,bad odometer
4998,2006.0,164000.0,duplicates
6969,2008.0,155982.0,duplicates
7699,2012.0,150000.0,kept
7990,2015.0,204256.0,kept
4990,2011.0,226000.0,kept
23995,2015.0,113039.0,kept
8995,2010.0,115264.0,duplicates
19988,2016.0,103340.0,kept
0,2020.0,13856.0,$0 price
16188,2018.0,39998.0,duplicates
16999,2006.0,182424.0,kept
24590,2018.0,33036.0,duplicates
10500,2010.0,112183.0,kept
55191,2018.0,55800.0,duplicates
25000,2013.0,13000.0,kept
49895,,26985.0,before 1980
14500,2007.0,89356.0,kept
8500,2003.0,72000.0,duplicates
24999,2003.0,60000.0,kept
12500,2014.0,126890.0,missing title
15850,2015.0,108000.0,kept
27590,2014.0,47811.0,duplicates
7495,2008.0,127347.0,duplicates
4500,2007.0,140874.0,kept
7500,2000.0,70000.0,kept
20995,2009.0,143661.0,duplicates
34990,2020.0,12562.0,duplicates
36990,2017.0,38094.0,kept
9900,2010.0,188000.0,duplicates
15999,2013.0,81878.0,duplicates
38590,2017.0,26539.0,duplicates
12995,2016.0,61127.0,kept
4400,2012.0,220000.0,kept
500,2012.0,80000.0,fake price
41590,2020.0,27160.0,duplicates
3800,2003.0,213000.0,kept
35995,2018.0,93000.0,kept
7400,2003.0,164191.0,kept
1,2014.0,60528.0,fake price
18981,2018.0,34324.0,kept
6495,2008.0,134705.0,kept
8999,2004.0,147599.0,kept
13980,2012.0,114031.0,duplicates
0,2017.0,63554.0,$0 price
4600,2009.0,183000.0,kept
6999,2011.0,96000.0,kept
300,2010.0,100000.0,fake price
20183,2018.0,54029.0,duplicates
114,2012.0,102710.0,fake price
15900,2015.0,131685.0,kept
1550,2002.0,196212.0,kept
29950,2012.0,107730.0,duplicates
2995,2011.0,169020.0,kept
14500,2017.0,79000.0,kept
7500,2012.0,150659.0,kept
2200,2003.0,191000.0,duplicates
4500,1997.0,147200.0,kept
39990,2020.0,1237.0,duplicates
26293,2017.0,30634.0,kept
0,2013.0,90613.0,$0 price
6990,2010.0,78700.0,kept
4200,2001.0,80000.0,kept
7995,2007.0,148090.0,kept
10400,2011.0,69000.0,kept
22990,2018.0,14566.0,duplicates
12500,2007.0,131700.0,kept
0,2018.0,19978.0,$0 price
49995,2016.0,75588.0,duplicates
99,2018.0,42236.0,fake price
5500,2004.0,210000.0,kept
49998,2017.0,160867.0,duplicates
25990,2013.0,98879.0,duplicates
16000,2011.0,64000.0,kept
6995,2014.0,102565.0,kept
750,2003.0,1.0,bad odometer
30590,2017.0,34415.0,duplicates
3800,2008.0,86000.0,kept
11995,2009.0,131271.0,duplicates
3850,1995.0,269300.0,kept
18590,2018.0,19427.0,kept
10500,2010.0,79000.0,kept
8995,2010.0,216502.0,kept
7999,2019.0,20583.0,duplicates
9600,2007.0,64100.0,kept
29495,2011.0,67521.0,kept
4300,2002.0,53000.0,kept
24900,2014.0,108775.0,duplicates
30000,2016.0,47000.0,kept
29998,2019.0,37165.0,kept
32500,1995.0,14240.0,kept
38885,2016.0,151913.0,duplicates
16995,2009.0,128464.0,duplicates
39517,2018.0,48568.0,kept
9995,2013.0,122295.0,duplicates
6500,2003.0,66471.0,kept
3000,2005.0,219476.0,duplicates
23999,2020.0,48261.0,duplicates
25500,2019.0,19800.0,kept
34988,2019.0,27506.0,kept
9495,2007.0,180877.0,duplicates
6499,2002.0,94206.0,kept
8495,2007.0,226864.0,duplicates
5495,2010.0,202813.0,duplicates
54995,2001.0,48000.0,kept
13999,2008.0,209.0,kept
8595,2010.0,93550.0,kept
7985,2017.0,78000.0,kept
2800,2002.0,161000.0,kept
0,2017.0,42860.0,$0 price
15590,2010.0,70955.0,duplicates
5000,2002.0,162000.0,kept
33590,2020.0,786.0,duplicates
1895,2003.0,200000.0,kept
11995,2017.0,35848.0,duplicates
110995,2021.0,6203.0,kept
9400,2013.0,78980.0,kept
58995,2019.0,21046.0,duplicates
7500,2012.0,176000.0,kept
2400,2002.0,324000.0,kept
26414,2018.0,34657.0,kept
0,2012.0,1111111.0,$0 price
9488,2012.0,111983.0,kept
58999,2020.0,41178.0,duplicates
29990,2012.0,75755.0,duplicates
7900,2001.0,218482.0,kept
10500,2003.0,140000.0,kept
0,2013.0,200000.0,$0 price
0,2014.0,87352.0,$0 price
33888,2012.0,151851.0,duplicates
11899,2013.0,116893.0,duplicates
31999,2015.0,128106.0,kept
8990,2013.0,59072.0,duplicates
17590,2015.0,63512.0,duplicates
0,2011.0,104136.0,$0 price
10500,1976.0,25.0,before 1980
5850,2001.0,138000.0,kept
9999,2015.0,99111.0,kept
2895,2001.0,186920.0,kept
8500,2005.0,110000.0,kept
0,2021.0,10.0,$0 price
33990,2018.0,42966.0,kept
13980,2016.0,31600.0,kept
2500,2008.0,1.0,bad odometer
7800,2008.0,135000.0,kept
195,2017.0,54848.0,fake price
0,2017.0,79929.0,$0 price
10995,2013.0,159167.0,duplicates
12997,2015.0,70335.0,kept
5300,2009.0,70231.0,duplicates
16497,2014.0,98703.0,kept
5995,2012.0,120220.0,duplicates
34590,2017.0,20097.0,duplicates
34950,2018.0,42351.0,duplicates
18990,2015.0,37238.0,duplicates
17590,2018.0,38426.0,duplicates
55410,2019.0,33914.0,duplicates
15999,2013.0,88078.0,kept
27990,2012.0,68696.0,duplicates
5950,2004.0,127739.0,kept
6495,2009.0,105000.0,kept
0,2014.0,74695.0,$0 price
7500,2008.0,265000.0,kept
8900,2007.0,70500.0,kept
0,2016.0,92858.0,$0 price
33999,2017.0,49263.0,duplicates
33598,2013.0,37182.0,kept
23999,2014.0,177473.0,duplicates
29590,2019.0,60984.0,duplicates
69999,2017.0,36995.0,kept
0,2004.0,130000.0,$0 price
26990,2016.0,14230.0,duplicates
27998,2018.0,15164.0,kept
8900,2008.0,90139.0,kept
12990,2016.0,56000.0,kept
28990,2018.0,34666.0,kept
15000,2008.0,175000.0,kept
12500,2010.0,194500.0,kept
17995,2013.0,114188.0,kept
11888,2007.0,132251.0,missing fuel
16000,2013.0,103000.0,kept
26590,2018.0,19506.0,duplicates
36488,2013.0,126115.0,duplicates
0,2011.0,77953.0,$0 price
43990,2019.0,17352.0,duplicates
1995,2003.0,174000.0,kept
8995,2014.0,102910.0,duplicates
13500,2015.0,111000.0,kept
15990,2017.0,20667.0,duplicates
44990,2018.0,33089.0,kept
4000,2005.0,132000.0,kept
20900,2015.0,70167.0,kept
36998,2015.0,76868.0,duplicates
10000,2007.0,91800.0,kept
6995,2009.0,173000.0,kept
6900,2007.0,97000.0,duplicates
19590,2017.0,60860.0,kept
6999,2003.0,104650.0,duplicates
29590,2017.0,70760.0,duplicates
14999,2011.0,220062.0,kept
19990,2020.0,13896.0,duplicates
14618,2013.0,126599.0,missing title
3995,2001.0,156835.0,kept
24590,2014.0,18632.0,duplicates
5995,2003.0,230600.0,kept
41995,2016.0,148813.0,duplicates
4500,2012.0,151000.0,kept
14500,2017.0,75995.0,kept
29999,2016.0,119106.0,kept
5800,1999.0,250613.0,duplicates
3250,2001.0,217000.0,kept
40400,2018.0,53362.0,kept
0,2018.0,34099.0,$0 price
22590,2014.0,66685.0,duplicates
12999,2000.0,40000.0,kept
33990,2017.0,9788.0,duplicates
6900,2012.0,141019.0,kept
39888,2019.0,9528.0,kept
11899,2014.0,100000.0,kept
34999,2019.0,39622.0,duplicates
451,2018.0,36920.0,fake price
11500,2013.0,140321.0,kept
29999,2019.0,10994.0,kept
3800,2012.0,215000.0,kept
1,2015.0,1.0,fake price
26590,2018.0,37791.0,duplicates
16990,2019.0,65080.0,duplicates
18995,2017.0,114189.0,kept
6500,2011.0,106063.0,kept
5498,2008.0,128000.0,kept
28985,2017.0,46345.0,duplicates
619,2017.0,44875.0,fake price
36590,2013.0,79156.0,duplicates
28988,2017.0,61600.0,duplicates
4750,2009.0,117500.0,kept
15387,2015.0,49609.0,kept
41590,2017.0,23253.0,duplicates
25995,2015.0,73774.0,kept
4000,2010.0,292000.0,kept
39999,2019.0,32791.0,kept
28990,2017.0,20155.0,duplicates
0,2003.0,176080.0,$0 price
17990,2015.0,51482.0,duplicates
61995,2019.0,53011.0,kept
36990,2016.0,23190.0,duplicates
20590,2014.0,47059.0,duplicates
0,2011.0,127875.0,$0 price
16990,2016.0,17631.0,duplicates
900,1995.0,200000.0,kept
13995,2013.0,32101.0,duplicates
199,2008.0,180000.0,fake price
36000,2017.0,36990.0,missing title
26995,2017.0,40564.0,kept
6995,2011.0,411.0,duplicates
9999,2012.0,119063.0,kept
5400,2006.0,113707.0,kept
33995,2010.0,22500.0,duplicates
2700,1996.0,173000.0,kept
37990,2016.0,22870.0,duplicates
8999,2011.0,89469.0,duplicates
35900,2015.0,199549.0,duplicates
11990,2010.0,83002.0,kept
0,2021.0,2.0,$0 price
33999,2013.0,121444.0,kept
3995,2006.0,119183.0,kept
0,2013.0,,$0 price
578,2017.0,41754.0,fake price
12895,2012.0,121250.0,duplicates
35995,2013.0,94575.0,kept
0,2018.0,120345.0,$0 price
27900,2014.0,286011.0,duplicates
5999,2009.0,190000.0,kept
0,2017.0,76522.0,$0 price
8995,2009.0,97722.0,kept
7950,2011.0,96000.0,kept
19990,2015.0,24930.0,kept
0,2015.0,95900.0,$0 price
32000,2015.0,160000.0,kept
8990,2011.0,,bad odometer
16900,2013.0,68650.0,kept
32995,2017.0,120235.0,kept
31590,2017.0,30577.0,duplicates
11977,2010.0,143467.0,duplicates
28978,2016.0,4885.0,kept
1500,2002.0,2479997.0,bad odometer
26400,2018.0,20893.0,kept
35990,2018.0,19988.0,duplicates
9192,2011.0,146316.0,kept
34990,2019.0,34139.0,duplicates
7995,2012.0,160440.0,duplicates
3495,2006.0,126910.0,kept
18900,2016.0,83297.0,duplicates
29990,2018.0,26978.0,duplicates
4495,2008.0,141568.0,duplicates
43500,1968.0,43320.0,before 1980
665,2020.0,20318.0,fake price
26000,2010.0,70100.0,kept
0,2015.0,17100.0,$0 price
14990,2013.0,85339.0,duplicates
4900,2008.0,152747.0,kept
27787,2017.0,42424.0,kept
6395,2011.0,128000.0,kept
29000,1969.0,591903.0,before 1980
1900,2005.0,1.0,bad odometer
13998,2010.0,149486.0,duplicates
0,2011.0,149855.0,$0 price
27990,2014.0,50221.0,kept
0,2008.0,197813.0,$0 price
27500,1999.0,43000.0,kept
5995,2012.0,120293.0,kept
22590,2016.0,22420.0,kept
13050,2014.0,70300.0,kept
17500,2017.0,60339.0,duplicates
11900,2009.0,166000.0,kept
4995,2008.0,144836.0,kept
43950,2019.0,18850.0,kept
18900,2017.0,29212.0,kept
12995,2014.0,60174.0,kept
9990,2007.0,151451.0,duplicates
3995,1998.0,74698.0,kept
9500,1999.0,104567.0,kept
45999,2013.0,130251.0,duplicates
4000,2010.0,154496.0,kept
12995,2013.0,101121.0,kept
15843,2018.0,30029.0,duplicates
30590,2019.0,40251.0,kept
44999,2018.0,24577.0,duplicates
37990,2020.0,9800.0,duplicates
8199,2011.0,141490.0,kept
16900,1962.0,76420.0,before 1980
1,2015.0,438800.0,fake price
1500,2017.0,79090.0,duplicates
9998,2015.0,52044.0,kept
13900,2015.0,107561.0,duplicates
14990,2013.0,73750.0,duplicates
8997,2011.0,137000.0,kept
89900,2020.0,15070.0,kept
30990,2014.0,87922.0,duplicates
6800,2012.0,140000.0,kept
5995,2003.0,189000.0,kept
14995,2018.0,32894.0,duplicates
21590,2018.0,46574.0,duplicates
16912,2017.0,63970.0,kept
16995,2014.0,90764.0,duplicates
12995,2018.0,61278.0,kept
41995,2017.0,117005.0,kept
11995,2012.0,83540.0,duplicates
6500,2009.0,138239.0,kept
5870,2002.0,133420.0,kept
32990,2020.0,20205.0,kept
12899,2012.0,90673.0,duplicates
19590,2013.0,83600.0,duplicates
15500,2016.0,94000.0,kept
24990,2020.0,28945.0,duplicates
11000,2016.0,80000.0,kept
9995,2007.0,176359.0,duplicates
1200,1990.0,200000.0,kept
0,2018.0,59325.0,$0 price
68999,2019.0,13813.0,kept
16495,2013.0,10948.0,kept
27990,2017.0,26355.0,duplicates
14875,2013.0,58506.0,duplicates
8000,2006.0,174328.0,kept
31900,2012.0,268000.0,duplicates
1234567,1955.0,99999.0,before 1980
6400,2006.0,216000.0,kept
45590,2020.0,21711.0,duplicates
13250,2002.0,159117.0,kept
13990,2015.0,108066.0,duplicates
15590,2018.0,20616.0,kept
34255,2018.0,24497.0,kept
2988,2006.0,191442.0,duplicates
5995,2007.0,148000.0,kept
0,2012.0,110003.0,$0 price
30995,2013.0,93000.0,duplicates
24975,2015.0,172232.0,duplicates
23999,2007.0,113000.0,duplicates
7999,2009.0,241023.0,duplicates
18990,2016.0,36358.0,kept
0,2014.0,109480.0,$0 price
4750,2013.0,155750.0,kept
15997,2013.0,87302.0,kept
99,2020.0,26263.0,fake price
38900,2017.0,73000.0,duplicates
0,2017.0,49297.0,$0 price
5475,2004.0,107477.0,duplicates
1,2015.0,100000.0,fake price
16300,2014.0,86181.0,missing title
36590,2018.0,29158.0,duplicates
32699,,36890.0,before 1980
1,2017.0,61649.0,fake price
33779,2017.0,14031.0,kept
31590,2018.0,62496.0,duplicates
15995,2012.0,165007.0,duplicates
6499,2012.0,138556.0,kept
39900,2009.0,18605.0,kept
6700,2014.0,95000.0,kept
340,2021.0,11.0,fake price
65000,2018.0,22361.0,duplicates
7900,2014.0,142688.0,kept
16000,2008.0,185000.0,kept
1800,1993.0,135000.0,kept
12500,1977.0,55000.0,before 1980
8299,2014.0,94828.0,duplicates
15995,2019.0,11959.0,kept
8900,1994.0,118274.0,kept
9600,2015.0,83500.0,kept
24990,2017.0,30836.0,kept
15900,2018.0,23185.0,duplicates
45998,2018.0,35661.0,duplicates
25990,2019.0,15000.0,kept
6495,2001.0,280555.0,duplicates
19900,2018.0,55271.0,kept
9899,2012.0,102758.0,kept
12000,2012.0,46070.0,duplicates
25590,2019.0,19524.0,kept
1600,2010.0,161657.0,kept
37590,2012.0,30323.0,duplicates
30990,2018.0,38332.0,kept
14000,2008.0,94000.0,duplicates
32651,2016.0,62314.0,duplicates
27990,2013.0,73160.0,duplicates
18950,2015.0,100750.0,kept
6988,2012.0,110129.0,duplicates
12500,1980.0,75000.0,kept
25590,2017.0,31315.0,duplicates
40995,2018.0,45104.0,kept
5900,2009.0,143553.0,kept
34995,2017.0,108650.0,duplicates
28990,2020.0,7245.0,duplicates
35990,2019.0,34627.0,duplicates
12500,1970.0,53000.0,before 1980
6949,2006.0,162000.0,kept
22000,2017.0,58319.0,kept
5500,2006.0,220000.0,kept
13500,2013.0,97086.0,kept
27990,2016.0,46057.0,duplicates
7500,2008.0,190800.0,kept
4200,2004.0,155000.0,kept
11700,2017.0,47648.0,kept
6500,2004.0,170000.0,kept
19990,2018.0,30934.0,kept
6800,1980.0,44754.0,kept
19999,2017.0,61000.0,kept
3395,2007.0,125000.0,kept
5999,2009.0,198901.0,kept
4998,2008.0,162000.0,duplicates
28900,2011.0,245000.0,duplicates
16260,2013.0,64000.0,kept
3900,1999.0,138000.0,kept
15999,2016.0,147338.0,kept
51910,2020.0,15168.0,duplicates
10600,2015.0,87021.0,duplicates
16995,2012.0,168500.0,duplicates
1500,1997.0,175000.0,kept
38590,2017.0,26539.0,duplicates
20995,2014.0,70772.0,duplicates
11999,2007.0,17489.0,duplicates
5400,2008.0,142358.0,duplicates
14995,2013.0,93248.0,duplicates
19000,1983.0,68000.0,kept
21850,2016.0,125350.0,kept
32000,2015.0,72982.0,duplicates
19995,2018.0,73543.0,kept
8995,2003.0,151954.0,kept
30990,2019.0,15785.0,duplicates
6995,2001.0,51998.0,duplicates
28590,2015.0,33174.0,duplicates
13995,2012.0,119231.0,kept
0,2019.0,15709.0,$0 price
39990,2019.0,8373.0,duplicates
24995,2015.0,140000.0,kept
4500,2010.0,183000.0,kept
15500,2013.0,299200.0,kept
46000,2017.0,35000.0,kept
13990,2014.0,87713.0,kept
23988,2017.0,25039.0,duplicates
37998,2017.0,73858.0,duplicates
3500,2008.0,182772.0,kept
14987,2013.0,62781.0,duplicates
14590,2012.0,80465.0,duplicates
1800,2006.0,295000.0,kept
25995,2015.0,167117.0,duplicates
8500,2013.0,114217.0,kept
3900,2006.0,171000.0,kept
1488,1999.0,255083.0,kept
11185,2012.0,99458.0,kept
28990,2017.0,45787.0,duplicates
45995,2020.0,6671.0,duplicates
17995,2013.0,75.0,bad odometer
14990,2013.0,178366.0,duplicates
33999,2012.0,67512.0,kept
16977,2014.0,96025.0,kept
5488,2010.0,126166.0,duplicates
8500,2011.0,90500.0,kept
13995,2007.0,49739.0,kept
3900,2007.0,166500.0,kept
16990,2004.0,213563.0,duplicates
2950,2001.0,103500.0,kept
41590,2019.0,4212.0,duplicates
33895,2020.0,20638.0,kept
17900,2017.0,44974.0,duplicates
0,2017.0,42648.0,$0 price
35995,2012.0,79887.0,kept
26499,2016.0,49492.0,kept
34590,2015.0,30970.0,duplicates
10500,2015.0,118444.0,kept
10,2011.0,149295.0,fake price
36990,2016.0,23190.0,duplicates
4000,2007.0,175875.0,kept
18590,2012.0,86356.0,duplicates
1,1972.0,42323.0,before 1980
30800,2007.0,19428.0,duplicates
8000,2017.0,34548.0,duplicates
4450,2003.0,76000.0,duplicates
39500,1971.0,16130.0,before 1980
0,2012.0,173360.0,$0 price
27500,1998.0,139448.0,kept
46969,2020.0,27130.0,duplicates
8999,2013.0,88470.0,kept
13963,2017.0,60740.0,kept
5999,2011.0,141200.0,kept
39590,2018.0,48640.0,duplicates
17990,2015.0,51482.0,duplicates
483,2015.0,58608.0,fake price
15000,2016.0,64000.0,kept
49998,2017.0,160867.0,duplicates
11995,2015.0,95901.0,missing transmission
24999,2016.0,78000.0,kept
6994,2005.0,153484.0,kept
20999,2014.0,37154.0,kept
24990,2017.0,40338.0,kept
1000,2010.0,123456.0,kept
16000,1982.0,50014.0,kept
4200,2012.0,91303.0,kept
19995,2012.0,149062.0,duplicates
0,2016.0,44689.0,$0 price
5780,2005.0,224532.0,kept
1850,1999.0,240.0,kept
16500,2012.0,125000.0,kept
15990,2012.0,53270.0,duplicates
6495,2004.0,117793.0,kept
27770,2020.0,39380.0,missing fuel
13900,2011.0,166102.0,duplicates
28900,2013.0,87839.0,kept
0,2020.0,32372.0,$0 price
0,2018.0,32940.0,$0 price
19990,2019.0,19956.0,duplicates
12999,2018.0,57428.0,kept
5500,2013.0,1.0,bad odometer
26590,2017.0,47267.0,duplicates
27900,2017.0,59155.0,kept
12000,2004.0,285406.0,kept
16990,2018.0,18805.0,duplicates
0,2014.0,70000.0,$0 price
11800,1965.0,37000.0,before 1980
0,2002.0,187176.0,$0 price
26995,2020.0,31252.0,duplicates
17995,2011.0,176226.0,duplicates
0,2020.0,23528.0,$0 price
2999,2013.0,203000.0,kept
3900,2011.0,175000.0,kept
22590,2019.0,4657.0,duplicates
7997,2014.0,106000.0,duplicates
1500,1982.0,206000.0,kept
4950,2005.0,166555.0,kept
0,2016.0,58031.0,$0 price
16495,2016.0,72583.0,kept
10900,2013.0,54600.0,kept
19999,2000.0,203095.0,kept
0,2013.0,116723.0,$0 price
0,2013.0,74315.0,$0 price
31988,2020.0,8863.0,kept
5500,1999.0,200000.0,kept
0,2016.0,97492.0,$0 price
16995,2008.0,128282.0,missing title
49995,2014.0,85404.0,duplicates
8750,2011.0,136742.0,kept
0,2018.0,61556.0,$0 price
15000,2016.0,58147.0,kept
31600,2019.0,32037.0,kept
30495,2016.0,61245.0,kept
2150,2008.0,120000.0,kept
435,2013.0,106093.0,fake price
25999,2014.0,79000.0,kept
0,2010.0,187300.0,$0 price
1800,1989.0,100000.0,kept
20949,2013.0,88890.0,duplicates
34590,2015.0,36240.0,duplicates
9000,2013.0,77224.0,kept
28000,2018.0,24700.0,kept
3995,2006.0,166075.0,kept
0,2017.0,29454.0,$0 price
3500,2001.0,76000.0,duplicates
34685,2021.0,3451.0,duplicates
20990,2019.0,29139.0,kept
1,2016.0,32673.0,fake price
14995,2006.0,172894.0,duplicates
3900,2003.0,188529.0,kept
0,2013.0,,$0 price
18950,2016.0,47130.0,kept
12500,1975.0,43000.0,before 1980
12899,2015.0,113828.0,kept
51999,2018.0,10125.0,duplicates
8900,2015.0,125000.0,duplicates
13000,2002.0,216000.0,kept
17590,2011.0,69457.0,duplicates
10999,2017.0,51000.0,kept
0,2017.0,54047.0,$0 price
4500,2003.0,197300.0,kept
25590,2017.0,27662.0,duplicates
31999,2015.0,77296.0,kept
10000,1970.0,72245.0,before 1980
8995,2013.0,94262.0,duplicates
38590,2018.0,41846.0,duplicates
23990,2018.0,25794.0,duplicates
3000,2017.0,8000.0,kept
10990,2005.0,138325.0,duplicates
29990,2018.0,33602.0,duplicates
19999,2007.0,33000.0,duplicates
26995,2014.0,72349.0,duplicates
14995,2008.0,155707.0,kept
17000,2007.0,231577.0,kept
500,2017.0,36734.0,fake price
15990,2018.0,14178.0,duplicates
11900,2011.0,0.0,bad odometer
5800,2014.0,143000.0,duplicates
22000,2014.0,92000.0,kept
29990,2003.0,188030.0,duplicates
17990,2015.0,51482.0,duplicates
4950,1997.0,114268.0,kept
9900,2013.0,148285.0,duplicates
321,2017.0,62112.0,fake price
17990,2019.0,20295.0,duplicates
5999,2006.0,94970.0,duplicates
27990,2011.0,123622.0,duplicates
27995,2017.0,31002.0,kept
6200,2000.0,280000.0,kept
34999,2011.0,174729.0,kept
5500,2006.0,108000.0,kept
25995,2016.0,32944.0,duplicates
23381,2014.0,98977.0,duplicates
23995,2014.0,85319.0,duplicates
17492,2015.0,97907.0,kept
34474,2019.0,23068.0,kept
6500,2012.0,78000.0,kept
14800,2019.0,38189.0,duplicates
31988,2018.0,32949.0,missing title
37990,2020.0,3525.0,kept
41999,2018.0,34000.0,kept
0,2009.0,94000.0,$0 price
2600,2005.0,114283.0,duplicates
33995,2006.0,21427.0,kept
4600,2005.0,56000.0,kept
8000,2002.0,176204.0,kept
36419,2018.0,107965.0,kept
4500,2009.0,189187.0,duplicates
39990,2018.0,44054.0,duplicates
32590,2016.0,20877.0,kept
10590,2018.0,70000.0,kept
14873,2017.0,24686.0,kept
8500,2010.0,159224.0,kept
2000,2017.0,69000.0,kept
14500,2014.0,111000.0,kept
13999,2012.0,95000.0,kept
7975,2012.0,185000.0,kept
0,2012.0,150995.0,$0 price
14897,2012.0,112510.0,kept
15000,2016.0,123000.0,kept
22991,2005.0,175645.0,missing title
4900,2006.0,151370.0,duplicates
2195,2007.0,134000.0,kept
15657,2014.0,80316.0,duplicates
18900,2016.0,53000.0,kept
10500,2013.0,69500.0,kept
10999,2011.0,191631.0,kept
4995,2008.0,1111111.0,bad odometer
21995,2012.0,149746.0,duplicates
6995,2008.0,77000.0,duplicates
1700,2009.0,1.0,bad odometer
9700,2010.0,102000.0,kept
16598,2016.0,84760.0,missing fuel
0,2018.0,71190.0,$0 price
28590,2017.0,102.0,duplicates
25998,2019.0,17829.0,duplicates
10800,2016.0,100000.0,kept
13450,2016.0,54101.0,duplicates
10700,2013.0,61800.0,kept
6950,2008.0,74500.0,kept
18999,2017.0,80000.0,kept
3500,1999.0,142689.0,kept
6495,2004.0,66287.0,kept
31998,2012.0,26845.0,duplicates
7975,2012.0,83943.0,kept
32590,2020.0,23440.0,duplicates
15499,2013.0,80591.0,duplicates
11990,2015.0,67575.0,duplicates
0,2013.0,121188.0,$0 price
4900,2005.0,130000.0,kept
10900,2011.0,48831.0,duplicates
3900,2002.0,125587.0,missing title
9588,2011.0,96000.0,kept
24590,2019.0,20094.0,duplicates
6300,1997.0,84600.0,kept
9000,2013.0,93000.0,kept
38990,2017.0,20676.0,duplicates
1,1990.0,1230.0,fake price
51693,2021.0,2890.0,duplicates
14500,2005.0,71911.0,kept
21990,2020.0,2515.0,duplicates
8995,2011.0,106161.0,kept
33995,2019.0,22060.0,duplicates
71245,2020.0,2.0,missing title
9995,2008.0,89899.0,kept
38995,2015.0,66909.0,kept
41590,2018.0,25708.0,kept
39788,2019.0,58566.0,kept
25590,2015.0,35290.0,duplicates
11999,2014.0,120979.0,kept
36990,2017.0,17326.0,duplicates
29999,2021.0,1980.0,duplicates
4300,2011.0,181835.0,duplicates
3750,2004.0,97149.0,kept
39900,2012.0,118401.0,duplicates
3000,2008.0,112618.0,kept
3500,2003.0,156000.0,kept
15950,2013.0,184003.0,duplicates
0,2003.0,67840.0,$0 price
22590,2020.0,29610.0,kept
17998,2013.0,127051.0,duplicates
1699,2021.0,500.0,fake price
11997,2005.0,76286.0,duplicates
7995,2012.0,120000.0,kept
41999,2016.0,59162.0,duplicates
3500,2000.0,152000.0,kept
335,2018.0,47111.0,fake price
3295,2005.0,122526.0,kept
38999,1997.0,113591.0,kept
0,2020.0,15983.0,$0 price
31500,2018.0,29866.0,kept
28995,2014.0,82611.0,kept
19990,2017.0,29254.0,duplicates
24990,2016.0,6218.0,duplicates
0,2019.0,42631.0,$0 price
8700,2013.0,56019.0,kept
3900,2007.0,121078.0,duplicates
41995,2017.0,167672.0,kept
6995,2004.0,147067.0,duplicates
500,2017.0,42000.0,fake price
21998,2009.0,92518.0,duplicates
6500,2007.0,157035.0,kept
7695,2009.0,91442.0,kept
17000,2011.0,723000.0,bad odometer
8950,2010.0,119000.0,kept
24500,2002.0,72486.0,kept
33991,2015.0,141075.0,duplicates
17875,1995.0,85970.0,duplicates
0,2003.0,231256.0,$0 price
24478,2016.0,12525.0,kept
67900,2021.0,2000.0,kept
18921,2016.0,102133.0,kept
22590,2015.0,61446.0,duplicates
0,2017.0,8659.0,$0 price
7900,2004.0,145000.0,kept
1150,1998.0,170000.0,kept
2995,2008.0,180000.0,kept
10000,2005.0,224000.0,kept
22995,2016.0,45604.0,kept
12800,2011.0,211000.0,duplicates
17999,2016.0,,bad odometer
9900,2010.0,137000.0,kept
4750,2008.0,128000.0,duplicates
4500,1976.0,0.0,before 1980
33988,2017.0,17825.0,kept
7995,2008.0,189993.0,duplicates
50000,2020.0,7426.0,kept
18999,2018.0,15560.0,duplicates
8995,2015.0,94953.0,duplicates
9988,2017.0,104255.0,duplicates
11697,2014.0,115641.0,kept
2500,2005.0,225000.0,kept
32995,2016.0,53962.0,duplicates
27990,2018.0,17288.0,duplicates
9800,2008.0,93000.0,kept
9495,2012.0,162120.0,kept
27000,2017.0,40045.0,kept
43000,2015.0,39800.0,kept
20998,2016.0,123825.0,duplicates
1,2019.0,80545.0,fake price
11995,2009.0,195366.0,kept
26900,2018.0,46000.0,duplicates
35910,2016.0,19984.0,kept
7600,2009.0,105321.0,kept
7500,1998.0,164000.0,kept
8900,2007.0,113000.0,kept
19991,2015.0,74157.0,duplicates
31590,2014.0,74333.0,duplicates
99,2018.0,33850.0,fake price
28999,2011.0,45000.0,kept
0,2011.0,150000.0,$0 price
7000,1976.0,100000.0,before 1980
5995,2005.0,124269.0,kept
6300,2002.0,180000.0,kept
32999,2012.0,186676.0,duplicates
4800,2008.0,101000.0,kept
12900,1947.0,1.0,before 1980
28998,2018.0,22604.0,duplicates
21989,2013.0,143101.0,kept
43900,2019.0,27434.0,kept
74500,1991.0,144000.0,kept
32990,2017.0,24674.0,duplicates
16997,2012.0,80863.0,duplicates
0,2014.0,1.0,$0 price
28500,2019.0,41100.0,kept
8500,2002.0,224500.0,kept
0,2014.0,29572.0,$0 price
3200,2010.0,262736.0,kept
6995,2003.0,170284.0,duplicates
0,2017.0,51367.0,$0 price
8472,2015.0,126650.0,kept
13995,2006.0,106865.0,duplicates
3900,2012.0,147000.0,kept
8999,2014.0,173000.0,kept
4799,2004.0,221286.0,kept
6299,2006.0,83000.0,kept
22326,2014.0,134499.0,kept
15999,2014.0,128380.0,missing title
6900,2008.0,88570.0,kept
2999,2002.0,94361.0,kept
14388,2018.0,84478.0,duplicates
27590,2017.0,21360.0,duplicates
26990,2015.0,64139.0,kept
15990,2014.0,43715.0,duplicates
9900,2009.0,134000.0,duplicates
61590,2019.0,7218.0,duplicates
12345,2015.0,67443.0,duplicates
26000,2015.0,70000.0,kept
53999,2020.0,15181.0,duplicates
38590,2019.0,12992.0,duplicates
21995,2013.0,139020.0,kept
20000,2014.0,71000.0,kept
0,2009.0,,$0 price
9994,2007.0,107496.0,kept
16995,2009.0,128464.0,duplicates
21995,2015.0,78000.0,kept
28995,2019.0,72797.0,kept
0,2019.0,22429.0,$0 price
36995,2005.0,66394.0,unknown cylinders
34990,2019.0,12312.0,kept
26990,2015.0,64139.0,duplicates
9995,2007.0,129964.0,kept
12500,1963.0,96500.0,before 1980
12900,2014.0,130840.0,kept
500,2019.0,1000.0,fake price
12500,2017.0,73057.0,kept
23990,2014.0,84674.0,duplicates
12700,2013.0,54730.0,kept
2500,2005.0,150000.0,kept
21500,2013.0,215300.0,kept
22000,1924.0,23480.0,before 1980
43850,2016.0,79295.0,duplicates
12999,2010.0,102400.0,duplicates
1250,2005.0,195000.0,kept
2900,1999.0,162472.0,kept
21995,2018.0,78084.0,duplicates
31990,2018.0,27426.0,duplicates
3995,2011.0,139827.0,kept
15000,2017.0,29982.0,missing fuel
0,2018.0,54925.0,$0 price
10295,2013.0,64993.0,kept
14000,2016.0,76000.0,kept
20500,2019.0,24000.0,kept
2995,2008.0,125000.0,duplicates
16990,2015.0,47974.0,duplicates
19999,2011.0,120648.0,kept
8000,2013.0,91383.0,kept
13999,2008.0,244502.0,duplicates
3599,2005.0,118498.0,kept
34995,2016.0,64823.0,kept
22590,2018.0,19064.0,kept
8800,2014.0,125000.0,kept
28500,2012.0,41780.0,kept
33990,2019.0,23588.0,duplicates
5500,1998.0,181000.0,kept
2200,2008.0,219000.0,kept
18999,2010.0,88149.0,kept
24990,2020.0,5670.0,duplicates
20551,2015.0,44848.0,missing transmission
9995,2011.0,97656.0,kept
11987,2014.0,87641.0,kept
21990,2019.0,12172.0,duplicates
26000,1978.0,56000.0,before 1980
6197,2013.0,162108.0,duplicates
2500,2007.0,123041.0,duplicates
27590,2018.0,20845.0,duplicates
27990,2014.0,145257.0,duplicates
26999,2012.0,174732.0,kept
10991,2014.0,64042.0,missing transmission
28900,1965.0,106000.0,before 1980
5500,1992.0,3000.0,kept
33590,2018.0,63911.0,kept
27990,1999.0,122463.0,duplicates
25990,2013.0,42045.0,duplicates
8988,2012.0,103677.0,kept
49900,2019.0,1900.0,duplicates
99,2014.0,66660.0,fake price
28990,2020.0,19978.0,kept
52988,2020.0,13293.0,duplicates
6999,2006.0,163000.0,kept
7450,2013.0,117956.0,duplicates
1000,2018.0,123456.0,duplicates
16406,2017.0,77304.0,duplicates
12495,2014.0,81771.0,duplicates
3890,2010.0,142000.0,kept
10995,2014.0,123940.0,kept
10000,2016.0,99728.0,duplicates
19995,2010.0,113957.0,kept
14295,2017.0,59133.0,kept
6995,2010.0,152123.0,kept
10950,2014.0,52093.0,kept
17000,2018.0,14404.0,kept
30590,2020.0,2060.0,duplicates
38960,2017.0,67493.0,kept
23590,2016.0,66123.0,duplicates
8500,2010.0,154992.0,kept
16859,2017.0,131000.0,duplicates
37495,1941.0,0.0,before 1980
2695,2006.0,186200.0,duplicates
19500,1999.0,74324.0,kept
9497,2011.0,96134.0,kept
0,2014.0,112516.0,$0 price
10995,2011.0,119356.0,duplicates
24495,2016.0,63714.0,kept
7900,1983.0,70495.0,kept
7200,2011.0,87000.0,kept
29920,2017.0,60496.0,kept
8900,2009.0,106029.0,kept
26498,2012.0,,bad odometer
8500,2010.0,48995.0,kept
43990,2020.0,31609.0,duplicates
16999,2018.0,48492.0,duplicates
2800,2007.0,180000.0,kept
6500,2002.0,211000.0,kept
10122,2018.0,41966.0,duplicates
0,2019.0,68679.0,$0 price
38590,2011.0,23471.0,duplicates
6495,2007.0,125324.0,duplicates
1500,2014.0,222000.0,kept
2700,2010.0,,bad odometer
24500,2013.0,53800.0,duplicates
5999,2010.0,134014.0,kept
14995,2011.0,106578.0,kept
4400,2003.0,210520.0,kept
6900,2000.0,168000.0,kept
17841,2006.0,73156.0,kept
13995,2013.0,70776.0,kept
6650,2009.0,150000.0,kept
2000,1998.0,206000.0,kept
35000,2014.0,87500.0,kept
14999,2018.0,83533.0,duplicates
4999,2012.0,90209.0,duplicates
7854,2007.0,189000.0,duplicates
17895,2018.0,65476.0,kept
2600,1994.0,91000.0,kept
6995,2006.0,112266.0,kept
14177,2017.0,47842.0,kept
23995,2012.0,23662.0,duplicates
3000,2000.0,160000.0,duplicates
33500,2020.0,12120.0,kept
62279,2020.0,11913.0,duplicates
15000,2017.0,43000.0,kept
20590,2013.0,57181.0,duplicates
6995,2012.0,206000.0,kept
20999,2017.0,34014.0,kept
11000,2008.0,102586.0,kept
11995,2008.0,122450.0,kept
57988,2019.0,17215.0,missing title
1500,2000.0,146024.0,kept
29990,2012.0,39013.0,duplicates
0,2014.0,0.0,$0 price
15988,2015.0,90033.0,kept
11995,2013.0,87300.0,kept
203,2017.0,60974.0,fake price
14450,2010.0,120708.0,duplicates
18300,2018.0,63427.0,kept
6800,2009.0,159000.0,kept
5400,2006.0,152107.0,kept
18499,2017.0,85597.0,kept
20000,2019.0,34278.0,duplicates
0,2017.0,51972.0,$0 price
7500,1970.0,346665.0,before 1980
6595,2006.0,220609.0,duplicates
21990,2018.0,12436.0,kept
3200,2010.0,147031.0,kept
17980,2015.0,68965.0,duplicates
9995,2011.0,97847.0,kept
175,2019.0,500.0,fake price
26590,2013.0,38468.0,duplicates
54,2001.0,122803.0,fake price
0,2017.0,73984.0,$0 price
4500,2003.0,239000.0,kept
1500,2012.0,100000.0,kept
23980,2013.0,42505.0,kept
26590,2020.0,9661.0,unknown cylinders
39998,2018.0,34462.0,duplicates
14990,2006.0,127280.0,duplicates
13990,2012.0,60367.0,kept
57993,2019.0,112446.0,duplicates
18900,1956.0,10.0,before 1980
16995,2014.0,154916.0,kept
14500,2018.0,26694.0,duplicates
29990,2016.0,44339.0,duplicates
28590,2013.0,46469.0,duplicates
14885,2019.0,24966.0,kept
23990,2020.0,9763.0,duplicates
3900,2003.0,131502.0,kept
9350,2011.0,120672.0,kept
40990,2019.0,12046.0,duplicates
33590,2014.0,55251.0,duplicates
15795,2014.0,76098.0,kept
26997,2015.0,81705.0,kept
35590,2013.0,24471.0,duplicates
10304,2017.0,88297.0,kept
16995,2015.0,86241.0,duplicates
8500,2009.0,60000.0,kept
5500,2008.0,141500.0,kept
0,2014.0,112516.0,$0 price
49998,2017.0,160867.0,duplicates
35590,2019.0,13299.0,kept
15991,2011.0,104161.0,kept
38990,2019.0,11877.0,duplicates
1800,2007.0,280000.0,kept
49999,2020.0,4758.0,duplicates
26900,2013.0,108578.0,duplicates
3995,2006.0,226702.0,kept
2750,2006.0,230000.0,kept
3995,1996.0,158303.0,duplicates
5300,1970.0,1000.0,before 1980
0,2019.0,28123.0,$0 price
22499,2018.0,50000.0,kept
1,2015.0,100000.0,fake price
42500,2020.0,34291.0,duplicates
20990,2015.0,51742.0,duplicates
28590,2016.0,57707.0,duplicates
10988,2004.0,114491.0,duplicates
0,2011.0,127776.0,$0 price
15990,2012.0,75779.0,duplicates
12500,1957.0,999999.0,before 1980
9100,2012.0,106210.0,kept
32590,2015.0,34811.0,duplicates
17995,2011.0,140952.0,kept
64499,2020.0,22749.0,kept
5000,2014.0,1000.0,kept
16999,2017.0,65523.0,duplicates
3200,2008.0,180000.0,kept
18792,2019.0,18880.0,kept
31590,2019.0,12102.0,duplicates
16981,2018.0,94912.0,duplicates
19900,2011.0,115202.0,kept
24988,2017.0,34495.0,kept
0,2011.0,,$0 price
4995,2010.0,213464.0,kept
19990,2015.0,96003.0,duplicates
0,2007.0,129216.0,$0 price
8900,2012.0,154201.0,kept
22990,2020.0,3592.0,duplicates
56818,2019.0,23636.0,duplicates
9995,2012.0,115803.0,kept
4500,2003.0,200220.0,kept
17450,2019.0,44000.0,kept
14000,2014.0,97000.0,kept
19590,2017.0,31592.0,duplicates
9999,2005.0,120123.0,kept
42995,2019.0,33078.0,duplicates
348,2015.0,84486.0,fake price
2800,2002.0,158000.0,kept
30990,2019.0,7256.0,duplicates
8995,2006.0,114494.0,duplicates
6600,2013.0,130370.0,kept
43995,2017.0,78252.0,duplicates
29590,2017.0,70760.0,duplicates
0,2014.0,98000.0,$0 price
30000,2008.0,143000.0,kept
4500,2002.0,135250.0,kept
1000,2013.0,154633.0,duplicates
4900,2008.0,192787.0,duplicates
8300,1996.0,9781.0,kept
6500,2007.0,126000.0,duplicates
14995,2013.0,76640.0,duplicates
38998,2017.0,43643.0,duplicates
4900,2002.0,218024.0,kept
24990,2018.0,40958.0,kept
8500,2008.0,116000.0,kept
38590,2020.0,1372.0,duplicates
33590,2020.0,15050.0,unknown cylinders
16884,2015.0,78442.0,missing transmission
27900,2015.0,190000.0,duplicates
21980,2013.0,120061.0,duplicates
21590,2020.0,5678.0,duplicates
12345,2003.0,161000.0,kept
22990,2017.0,34443.0,duplicates
24950,2011.0,90000.0,kept
22998,2017.0,60587.0,duplicates
18949,2018.0,91011.0,missing title
90,2001.0,139582.0,fake price
19590,2017.0,26806.0,kept
7900,2003.0,183708.0,kept
17900,2019.0,10000.0,kept
27990,2017.0,48955.0,kept
13970,2010.0,275000.0,kept
29952,2018.0,36017.0,kept
5500,1989.0,73000.0,kept
46969,2012.0,69412.0,duplicates
29590,2015.0,43874.0,duplicates
149,2014.0,54690.0,fake price
16590,2018.0,35776.0,duplicates
23500,2017.0,45066.0,kept
10995,2018.0,102804.0,kept
13999,2012.0,78037.0,kept
35900,2019.0,19315.0,duplicates
52990,2020.0,79.0,duplicates
18950,2008.0,126000.0,kept
7500,1964.0,76000.0,before 1980
17999,2012.0,59782.0,missing title
2999,2000.0,254708.0,kept
0,2014.0,94100.0,$0 price
14995,2012.0,94805.0,kept
5495,2015.0,145506.0,duplicates
11299,2012.0,132330.0,missing transmission
13995,2005.0,105179.0,kept
59950,2008.0,4354.0,kept
3200,2003.0,253000.0,kept
23590,2020.0,7399.0,duplicates
29500,2015.0,17722.0,kept
11995,2011.0,98104.0,kept
29590,2017.0,70760.0,duplicates
28223,2021.0,2022.0,kept
4250,2008.0,115273.0,kept
12495,2012.0,139185.0,kept
7500,2007.0,183100.0,kept
5500,2006.0,121000.0,kept
19998,2019.0,48812.0,duplicates
17850,2010.0,129673.0,kept
32590,2015.0,34811.0,duplicates
20590,2017.0,7486.0,duplicates
36988,2016.0,87638.0,duplicates
10997,2005.0,134000.0,kept
8000,2007.0,180000.0,kept
5992,2005.0,,bad odometer
1,2019.0,34000.0,fake price
900,1994.0,86000.0,kept
0,2012.0,186025.0,$0 price
3500,1984.0,319000.0,kept
31590,2018.0,62496.0,duplicates
6499,2009.0,146000.0,kept
35000,2017.0,72000.0,kept
5800,2011.0,137101.0,duplicates
35590,2015.0,40626.0,duplicates
29590,2018.0,33047.0,duplicates
8995,2011.0,122000.0,duplicates
12900,2017.0,49564.0,duplicates
26999,2015.0,121721.0,kept
34998,2018.0,48014.0,duplicates
15985,2012.0,88236.0,duplicates
25990,2020.0,29987.0,kept
2200,2007.0,186000.0,kept
30590,2019.0,23645.0,duplicates
1300,2004.0,160000.0,kept
6500,2012.0,123200.0,kept
7988,2004.0,141294.0,missing fuel
6999,2010.0,156.0,kept
3995,2008.0,200520.0,kept
3500,2000.0,118146.0,duplicates
45995,2018.0,27331.0,kept
26352,2018.0,23056.0,kept
3600,2009.0,107000.0,kept
4800,2000.0,167000.0,kept
21900,2005.0,88500.0,kept
31990,2006.0,59429.0,duplicates
37990,2020.0,25908.0,duplicates
0,2016.0,75119.0,$0 price
1500,1993.0,181819.0,kept
14933,2017.0,56939.0,kept
15990,2016.0,24057.0,kept
6000,1963.0,85000.0,before 1980
9995,1989.0,250000.0,kept
4795,2006.0,118488.0,kept
44999,2020.0,27627.0,kept
31966,2019.0,31810.0,kept
6999,2013.0,98956.0,duplicates
52990,2020.0,79.0,duplicates
10990,2012.0,135001.0,kept
4500,2015.0,50280.0,duplicates
3990,2002.0,214737.0,kept
8900,2000.0,29000.0,kept
5000,1994.0,120000.0,kept
26900,2006.0,177001.0,missing fuel
145,2015.0,142667.0,fake price
5995,2005.0,133531.0,kept
12500,2010.0,151000.0,duplicates
34990,2020.0,1722.0,duplicates
0,2015.0,104152.0,$0 price
17590,2015.0,80556.0,duplicates
9000,2000.0,204000.0,kept
9495,2009.0,79000.0,kept
32590,2018.0,17300.0,duplicates
9999,2013.0,132176.0,kept
3000,2012.0,133212.0,kept
0,2008.0,128739.0,$0 price
600,2009.0,160000.0,kept
17900,2019.0,50000.0,kept
27999,2014.0,82223.0,kept
20590,2015.0,33799.0,duplicates
3000,1997.0,196000.0,kept
11900,2012.0,173400.0,kept
16999,2016.0,91299.0,kept
50,2021.0,8675309.0,fake price
0,2019.0,40428.0,$0 price
23974,2017.0,13481.0,kept
20995,2014.0,171379.0,kept
9900,2007.0,81543.0,duplicates
29500,2019.0,31916.0,duplicates
4550,2006.0,156000.0,kept
32990,2011.0,45858.0,duplicates
31999,2015.0,93903.0,duplicates
500,2012.0,50000.0,fake price
6995,2015.0,65425.0,kept
11000,2009.0,138640.0,kept
7850,2010.0,113000.0,kept
13997,2015.0,53204.0,duplicates
30990,2015.0,44830.0,duplicates
43995,2014.0,192762.0,duplicates
19500,2017.0,10700.0,kept
34990,2018.0,23.0,bad odometer
7900,2007.0,126226.0,duplicates
3995,2008.0,166327.0,kept
15747,2019.0,85232.0,kept
2500,2001.0,278000.0,kept
24995,2014.0,63898.0,missing fuel
43500,2017.0,36682.0,kept
16000,2012.0,103000.0,kept
16981,2015.0,79375.0,missing title
28850,2002.0,46053.0,kept
49998,2017.0,160867.0,duplicates
0,2017.0,41349.0,$0 price
2900,2000.0,140000.0,kept
32998,2018.0,,bad odometer
64999,2019.0,16757.0,duplicates
3400,2007.0,207000.0,kept
35590,2011.0,16796.0,duplicates
24195,2021.0,10.0,kept
1500,2012.0,181000.0,kept
29980,2015.0,117014.0,duplicates
59999,2019.0,30282.0,kept
0,2006.0,260393.0,$0 price
1250,1998.0,212000.0,kept
14800,2015.0,79000.0,kept
799,2011.0,134982.0,fake price
6000,2004.0,196000.0,kept
10995,2011.0,186000.0,kept
12997,2010.0,182496.0,duplicates
29997,2015.0,144071.0,duplicates
15590,2016.0,7076.0,duplicates
12990,2015.0,77919.0,duplicates
66500,2019.0,45452.0,kept
0,2017.0,21122.0,$0 price
16999,2017.0,60624.0,duplicates
7995,2015.0,96052.0,missing title
29980,2012.0,59452.0,duplicates
9500,2011.0,165000.0,kept
388,2002.0,150000.0,fake price
31590,2020.0,2195.0,duplicates
4750,2004.0,123234.0,kept
15100,2016.0,51286.0,kept
29990,2018.0,15923.0,duplicates
48914,2019.0,21236.0,kept
17495,2014.0,,bad odometer
0,2019.0,4243.0,$0 price
0,2008.0,179650.0,$0 price
30990,2016.0,51605.0,duplicates
0,2021.0,2499.0,$0 price
10999,2006.0,97977.0,duplicates
44997,2018.0,25053.0,duplicates
39999,2019.0,21001.0,duplicates
19999,2017.0,177462.0,kept
36590,2019.0,14222.0,duplicates
15995,2010.0,159719.0,kept
444,2016.0,67480.0,fake price
741,2018.0,80739.0,fake price
42590,2020.0,1134.0,duplicates
11500,2007.0,214000.0,kept
14750,2019.0,55000.0,kept
19500,1973.0,38000.0,before 1980
6900,2006.0,154128.0,kept
33488,2013.0,37645.0,duplicates
13990,2010.0,87506.0,duplicates
0,2016.0,48238.0,$0 price
19999,2014.0,154701.0,kept
15903,2014.0,104491.0,kept
4900,2008.0,207000.0,kept
15000,2016.0,86000.0,kept
8998,2009.0,117320.0,kept
0,2004.0,101795.0,$0 price
0,2020.0,23960.0,$0 price
25975,,6960.0,before 1980
3750,2007.0,184750.0,kept
38991,2020.0,10554.0,duplicates
63205,2020.0,2.0,missing title
1400,2002.0,226000.0,kept
7500,1989.0,123000.0,kept
5975,2006.0,140433.0,kept
7000,2003.0,86421.0,kept
6500,2007.0,130000.0,kept
12995,2010.0,230990.0,missing title
27987,2016.0,62725.0,duplicates
11025,2014.0,104435.0,kept
8997,2008.0,219071.0,kept
0,2016.0,48000.0,$0 price
23311,2020.0,33853.0,kept
16497,2015.0,106851.0,kept
39995,2020.0,36375.0,missing title
29590,2017.0,70760.0,duplicates
18000,2017.0,53611.0,kept
11995,2012.0,83590.0,kept
0,2012.0,96564.0,$0 price
10900,2007.0,160000.0,kept
0,2019.0,49907.0,$0 price
0,2013.0,112000.0,$0 price
5000,2000.0,225000.0,kept
0,2016.0,38339.0,$0 price
31500,2017.0,42851.0,kept
19988,2016.0,99144.0,duplicates
39990,2020.0,6500.0,duplicates
15500,2007.0,142812.0,kept
24250,1996.0,106000.0,kept
34777,2016.0,78000.0,duplicates
6999,2014.0,79000.0,kept
10899,2010.0,172034.0,duplicates
28000,2017.0,32286.0,duplicates
1500,2014.0,1000.0,duplicates
0,2014.0,117257.0,$0 price
6270,2011.0,271300.0,kept
50000,2018.0,46000.0,kept
0,2017.0,43167.0,$0 price
74999,2018.0,35382.0,kept
8900,2011.0,119000.0,kept
26990,2017.0,27044.0,duplicates
0,2018.0,87153.0,$0 price
0,2017.0,55737.0,$0 price
10800,2012.0,125364.0,kept
8650,2012.0,121000.0,kept
0,2014.0,46999.0,$0 price
32990,2017.0,10193.0,duplicates
16495,2012.0,152381.0,duplicates
5200,1973.0,50000.0,before 1980
7495,2010.0,123580.0,duplicates
39500,2007.0,8447.0,duplicates
3900,2011.0,120000.0,kept
26494,,28855.0,before 1980
41990,2016.0,157856.0,duplicates
24989,2018.0,19803.0,duplicates
19193,2017.0,42652.0,kept
8995,2015.0,120231.0,kept
22500,2011.0,154000.0,kept
1900,2008.0,1.0,bad odometer
5950,2003.0,202000.0,duplicates
6999,2014.0,96826.0,duplicates
35900,2012.0,163000.0,duplicates
30990,2018.0,34605.0,duplicates
18995,2011.0,117046.0,kept
5800,2011.0,160000.0,kept
12990,2015.0,139000.0,kept
32590,2015.0,34811.0,duplicates
10500,2013.0,104352.0,kept
13900,2011.0,168000.0,kept
15991,2016.0,41006.0,kept
1,2017.0,34873.0,fake price
23244,2020.0,10683.0,duplicates
28999,2017.0,29655.0,missing title
34990,2002.0,138409.0,duplicates
39000,2014.0,134000.0,kept
25000,1999.0,72000.0,kept
13945,2014.0,80100.0,duplicates
800,1997.0,150000.0,kept
5995,2013.0,123857.0,duplicates
8295,2010.0,96511.0,kept
7900,2007.0,144811.0,kept
9877,2010.0,113096.0,kept
18495,2015.0,108546.0,duplicates
11990,2014.0,45308.0,duplicates
0,2014.0,131920.0,$0 price
8900,1982.0,228112.0,kept
0,2017.0,48112.0,$0 price
59700,2016.0,2522.0,duplicates
23980,2010.0,88664.0,duplicates
9500,2014.0,94000.0,duplicates
8999,2006.0,131822.0,duplicates
77999,2019.0,9069.0,kept
11499,2012.0,129644.0,kept
20500,2015.0,59972.0,duplicates
18995,2016.0,113470.0,duplicates
15900,2003.0,45000.0,kept
16661,2016.0,130135.0,duplicates
17250,2021.0,170000.0,kept
0,2015.0,116955.0,$0 price
14500,2015.0,83117.0,missing title
17990,2013.0,113651.0,duplicates
1500,1927.0,28000.0,before 1980
44990,2012.0,52307.0,duplicates
0,2007.0,50633.0,$0 price
6989,2010.0,128456.0,kept
33990,2017.0,9788.0,duplicates
27995,2019.0,51994.0,kept
32995,2016.0,11523.0,kept
6000,2002.0,190000.0,duplicates
45995,2013.0,135068.0,duplicates
11999,2018.0,11000.0,kept
2000,2003.0,187000.0,kept
7995,2010.0,84933.0,duplicates
14833,2016.0,108628.0,duplicates
3500,2010.0,91605.0,kept
5899,2008.0,149909.0,kept
12600,2008.0,97268.0,duplicates
0,2017.0,82254.0,$0 price
4200,2010.0,234489.0,kept
37590,2012.0,65130.0,duplicates
17995,2017.0,62880.0,kept
24995,2006.0,112939.0,missing transmission
52498,2021.0,610.0,duplicates
23988,2013.0,104482.0,duplicates
11500,1994.0,61489.0,kept
5250,2009.0,138000.0,kept
7900,2007.0,197046.0,duplicates
5600,2006.0,82000.0,kept
23777,2017.0,60587.0,duplicates
10900,1997.0,68000.0,kept
11994,1996.0,56132.0,kept
0,2014.0,78451.0,$0 price
2000,2020.0,27444.0,kept
3800,2004.0,172000.0,kept
12500,1990.0,116266.0,kept
65000,2017.0,2651.0,duplicates
6500,1980.0,98000.0,duplicates
6250,2006.0,150000.0,kept
10895,2012.0,128004.0,kept
46991,2019.0,7854.0,missing title
4900,2008.0,266124.0,kept
30981,2018.0,55691.0,kept
60900,,6110.0,before 1980
41999,2018.0,24792.0,duplicates
9992,2014.0,124966.0,kept
38990,2018.0,60598.0,duplicates
9981,2015.0,71435.0,missing title
8995,2007.0,138441.0,kept
40998,2018.0,42391.0,kept
16995,2000.0,40000.0,kept
0,2014.0,168799.0,$0 price
23058,2021.0,1.0,kept
15995,2008.0,144392.0,kept
0,2015.0,80277.0,$0 price
11900,2012.0,182000.0,kept
43990,2020.0,10613.0,kept
0,2016.0,68271.0,$0 price
21900,2013.0,181000.0,duplicates
15000,1999.0,170000.0,kept
7950,2016.0,78500.0,duplicates
16588,2011.0,79238.0,kept
10000,2014.0,15000.0,duplicates
9950,2013.0,111000.0,duplicates
4000,2008.0,4000.0,kept
3995,2011.0,207000.0,duplicates
3700,2011.0,197.0,kept
16987,2020.0,41365.0,kept
30990,2014.0,87922.0,duplicates
3500,1997.0,147000.0,kept
11995,2007.0,125000.0,duplicates
11200,2014.0,124983.0,duplicates
12900,2015.0,69000.0,duplicates
22990,2017.0,40602.0,duplicates
28900,2007.0,120000.0,duplicates
27995,2018.0,82163.0,duplicates
15688,2013.0,60657.0,kept
19995,2013.0,93652.0,kept
18990,2015.0,64616.0,duplicates
43789,2020.0,29806.0,missing title
0,2008.0,112000.0,$0 price
35738,2015.0,73102.0,duplicates
4400,2006.0,124201.0,duplicates
36900,2014.0,43702.0,duplicates
14990,2014.0,140818.0,kept
0,2014.0,103038.0,$0 price
36488,2017.0,29802.0,duplicates
15500,2012.0,26000.0,kept
51180,2018.0,19711.0,duplicates
3700,2000.0,134000.0,kept
29999,2016.0,66213.0,kept
23988,2013.0,104482.0,duplicates
25900,2010.0,258000.0,duplicates
126995,2021.0,50.0,kept
71999,2017.0,16617.0,duplicates
1,2020.0,15.0,fake price
13995,2017.0,42119.0,kept
41999,2019.0,85059.0,kept
6900,2014.0,148640.0,duplicates
31995,2012.0,24692.0,duplicates
15746,2013.0,66331.0,kept
21980,2015.0,93100.0,duplicates
0,2012.0,35376.0,$0 price
25990,2020.0,21938.0,duplicates
563,2017.0,32619.0,fake price
38990,2020.0,14028.0,duplicates
5900,2011.0,120769.0,kept
24590,2018.0,36065.0,kept
18999,2016.0,90175.0,missing title
9705,2006.0,213044.0,kept
9999,2013.0,56677.0,kept
27999,2017.0,39485.0,duplicates
0,2015.0,53674.0,$0 price
23990,2018.0,40291.0,kept
1,2009.0,112000.0,fake price
4395,2003.0,98112.0,duplicates
20892,2018.0,56151.0,duplicates
16999,2017.0,77200.0,kept
7999,2014.0,99000.0,duplicates
2995,2005.0,142000.0,kept
26000,2011.0,156000.0,kept
29990,2018.0,15923.0,duplicates
19799,2007.0,154864.0,kept
39999,2007.0,85134.0,duplicates
15500,2016.0,127647.0,duplicates
26950,2016.0,70899.0,kept
36949,2017.0,83988.0,duplicates
17500,2016.0,45000.0,kept
45590,2018.0,5277.0,duplicates
54999,2020.0,12870.0,duplicates
22995,2019.0,11100.0,duplicates
30995,2016.0,12841.0,kept
31990,2018.0,19179.0,duplicates
22972,2016.0,44951.0,kept
22900,2018.0,27345.0,kept
19995,2013.0,142845.0,duplicates
7895,2013.0,97897.0,kept
26990,2015.0,29738.0,duplicates
23850,2017.0,126451.0,duplicates
17111,2014.0,119691.0,duplicates
11588,2013.0,121789.0,kept
7800,2012.0,115085.0,kept
40000,2007.0,645000.0,bad odometer
5500,2010.0,188600.0,kept
38998,2018.0,36842.0,duplicates
4750,1991.0,10000.0,kept
6499,2001.0,141997.0,duplicates
21860,2017.0,44399.0,kept
11988,2013.0,45819.0,kept
38590,2016.0,27691.0,duplicates
44995,2014.0,108287.0,duplicates
0,2010.0,166000.0,$0 price
66595,2019.0,37488.0,kept
5500,2002.0,113676.0,kept
29997,2015.0,144071.0,duplicates
17499,2019.0,539.0,duplicates
25990,2019.0,12302.0,duplicates
8425,2016.0,47000.0,kept
9500,2005.0,177000.0,kept
26500,2017.0,13000.0,kept
6995,2014.0,65452.0,kept
28990,2020.0,7245.0,kept
24995,2017.0,88000.0,missing title
0,2014.0,82065.0,$0 price
38500,2019.0,19315.0,duplicates
3900,2013.0,127000.0,kept
39590,2020.0,1419.0,duplicates
0,2016.0,167674.0,$0 price
9950,2018.0,93000.0,duplicates
0,2010.0,140000.0,$0 price
34990,2019.0,34139.0,duplicates
34590,2015.0,36240.0,duplicates
2700,2003.0,170000.0,kept
8995,2010.0,122545.0,kept
4997,2003.0,203025.0,duplicates
15988,2020.0,22090.0,kept
9995,2013.0,108922.0,kept
5990,2000.0,82000.0,kept
22995,2015.0,46237.0,kept
15590,2015.0,18939.0,kept
19590,2017.0,13688.0,duplicates
33990,2016.0,18380.0,duplicates
15000,1983.0,108900.0,kept
27990,2016.0,112731.0,duplicates
33990,2015.0,68239.0,duplicates
7900,1970.0,54000.0,before 1980
199,2017.0,20120.0,fake price
16990,2016.0,17631.0,duplicates
6200,1984.0,51000.0,kept
14888,2018.0,118150.0,kept
5900,2010.0,140000.0,kept
29990,2017.0,23545.0,duplicates
425,2022.0,7.0,fake price
16488,2018.0,19813.0,missing fuel
23990,2017.0,20867.0,duplicates
29590,2018.0,34476.0,duplicates
0,2011.0,215096.0,$0 price
52995,2020.0,21878.0,kept
30495,2015.0,90662.0,duplicates
10729,2012.0,97325.0,kept
7995,2013.0,146593.0,kept
6995,2008.0,167589.0,kept
6500,2009.0,110000.0,kept
25998,2018.0,142563.0,duplicates
15590,2016.0,75799.0,kept
28988,2020.0,6360.0,kept
15590,2017.0,12434.0,duplicates
9750,2011.0,80917.0,kept
1000,2010.0,0.0,bad odometer
37990,2020.0,22244.0,duplicates
14500,2015.0,70000.0,kept
16999,2014.0,87261.0,kept
16900,2015.0,16529.0,kept
6500,2013.0,120393.0,kept
16590,2013.0,104227.0,duplicates
13995,2004.0,75358.0,kept
16900,2011.0,93000.0,kept
8915,2015.0,125437.0,duplicates
14995,2019.0,26946.0,kept
16959,2016.0,78000.0,kept
23900,2014.0,34356.0,duplicates
6995,2011.0,96706.0,kept
17998,2013.0,97420.0,duplicates
12000,2007.0,55000.0,kept
5300,2008.0,146000.0,kept
15590,2013.0,49671.0,kept
17990,2017.0,77782.0,duplicates
39990,2019.0,17961.0,duplicates
15749,2012.0,105915.0,duplicates
14990,2016.0,65203.0,duplicates
19998,2019.0,20324.0,duplicates
39995,2005.0,29588.0,kept
5595,2007.0,160500.0,kept
211,2014.0,79265.0,fake price
4500,1954.0,180000.0,before 1980
0,2018.0,36080.0,$0 price
43995,2014.0,110062.0,kept
38590,2020.0,3249.0,duplicates
5950,2008.0,152200.0,kept
3800,2005.0,230000.0,kept
34526,2018.0,11367.0,kept
5200,2008.0,264429.0,kept
14995,2011.0,106263.0,kept
11900,2019.0,3000.0,kept
31990,2017.0,891.0,duplicates
0,2017.0,42648.0,$0 price
2900,2005.0,148000.0,kept
5999,2003.0,78195.0,kept
16995,2018.0,36314.0,kept
34990,2018.0,18650.0,duplicates
7865,2014.0,166000.0,kept
9988,2004.0,138268.0,duplicates
16590,2015.0,39649.0,duplicates
5300,2007.0,140000.0,kept
21590,2015.0,37503.0,kept
19999,2012.0,135897.0,duplicates
20987,2016.0,78829.0,kept
5500,2005.0,125452.0,kept
25995,2018.0,18156.0,duplicates
10200,2015.0,106000.0,kept
3995,2007.0,160495.0,duplicates
159,2015.0,32130.0,fake price
16990,2016.0,17631.0,duplicates
9995,2013.0,86617.0,missing title
35990,2020.0,1548.0,duplicates
15999,2018.0,131287.0,kept
2488,2004.0,164645.0,duplicates
13500,2016.0,119177.0,missing title
13995,2013.0,115159.0,kept
29990,2018.0,23559.0,duplicates
26995,2017.0,124217.0,duplicates
8995,2010.0,191814.0,duplicates
2800,2004.0,190000.0,kept
16995,2014.0,31994.0,kept
11000,2015.0,108000.0,kept
11995,2013.0,99000.0,kept
0,2017.0,22545.0,$0 price
6750,2015.0,117815.0,kept
20990,2008.0,97626.0,duplicates
28490,2020.0,6154.0,kept
17990,2004.0,59903.0,kept
8299,2014.0,94828.0,duplicates
16937,2011.0,27000.0,duplicates
3999,2007.0,208000.0,kept
5995,2010.0,140303.0,kept
14988,2007.0,178850.0,kept
6500,2004.0,158000.0,duplicates
9500,2010.0,97000.0,kept
1000,2017.0,74000.0,kept
22888,2018.0,30071.0,duplicates
36590,2019.0,4275.0,kept
0,2017.0,69762.0,$0 price
5900,2011.0,82396.0,kept
900,1999.0,134752.0,kept
37990,2016.0,9704.0,duplicates
46696,1963.0,91000.0,before 1980
17595,2013.0,75908.0,kept
20999,2008.0,132595.0,kept
0,2015.0,,$0 price
40,2021.0,42000.0,fake price
16990,2016.0,17631.0,duplicates
36683,2017.0,50612.0,duplicates
1000,2012.0,103000.0,kept
17990,2013.0,92280.0,duplicates
17500,1998.0,9802.0,kept
15950,2012.0,120545.0,kept
3500,1999.0,125000.0,kept
13625,2016.0,88219.0,duplicates
16995,2009.0,121774.0,kept
8650,2010.0,163984.0,duplicates
28082,2017.0,47596.0,duplicates
7590,2005.0,157837.0,kept
5900,2006.0,100000.0,kept
7500,2008.0,68766.0,duplicates
3200,2005.0,156000.0,kept
6995,2010.0,126100.0,kept
0,2012.0,25904.0,$0 price
35900,2012.0,150000.0,kept
40590,2018.0,9173.0,duplicates
13500,2011.0,95600.0,kept
15999,2012.0,66609.0,kept
12900,2018.0,20272.0,duplicates
56991,2018.0,21578.0,kept
33990,2016.0,12398.0,duplicates
37995,2016.0,121721.0,kept
12995,2016.0,40360.0,missing title
43499,2015.0,112139.0,kept
35000,2015.0,64289.0,duplicates
8000,1996.0,58000.0,kept
30990,2014.0,48315.0,duplicates
9999,2008.0,82483.0,duplicates
21995,2013.0,117500.0,kept
9500,1976.0,48880.0,before 1980
22500,2013.0,84050.0,kept
23990,2008.0,147774.0,kept
11900,2011.0,137887.0,kept
7500,2008.0,91053.0,duplicates
21990,2017.0,30639.0,duplicates
43970,2020.0,9111.0,duplicates
62900,2021.0,4796.0,duplicates
3500,2004.0,118000.0,kept
28590,2019.0,2907.0,duplicates
10298,2016.0,95953.0,duplicates
21590,2016.0,37793.0,duplicates
37990,2016.0,9704.0,duplicates
9308,2012.0,198625.0,kept
6500,2008.0,135500.0,kept
0,2019.0,1.0,$0 price
16991,2015.0,28237.0,duplicates
3800,2008.0,175000.0,kept
27990,2011.0,61445.0,duplicates
22995,2012.0,74756.0,kept
900,1993.0,230000.0,kept
16590,2014.0,40364.0,duplicates
63999,2018.0,15350.0,kept
17990,2013.0,41750.0,duplicates
16990,2014.0,55000.0,duplicates
3700,2012.0,138000.0,kept
15999,2009.0,45454.0,kept
47991,2016.0,50544.0,kept
22384,2020.0,1268.0,duplicates
20990,2008.0,97626.0,duplicates
11781,2013.0,121542.0,missing title
37400,2015.0,163868.0,duplicates
35000,1951.0,3515.0,before 1980
0,2018.0,71190.0,$0 price
10500,2010.0,144000.0,kept
38990,2019.0,6000.0,duplicates
17800,1986.0,11300.0,kept
0,2013.0,54671.0,$0 price
6990,2007.0,112816.0,kept
34997,2004.0,53043.0,duplicates
30000,1971.0,79844.0,before 1980
4995,2008.0,114000.0,kept
25999,2014.0,109796.0,kept
5950,2007.0,132000.0,duplicates
30590,2020.0,10740.0,kept
9000,2000.0,151000.0,duplicates
50000,2016.0,79000.0,kept
8995,2011.0,112000.0,duplicates
31995,2014.0,126243.0,duplicates
19999,2019.0,116246.0,duplicates
25990,2020.0,18571.0,duplicates
12865,2015.0,114828.0,kept
13921,2012.0,118979.0,duplicates
10995,2011.0,105624.0,duplicates
39000,2016.0,69980.0,kept
7995,2012.0,120263.0,duplicates
23590,2020.0,2630.0,duplicates
4995,2007.0,137860.0,kept
3750,2005.0,101000.0,kept
4000,2009.0,161015.0,kept
4500,2007.0,162396.0,kept
9100,1988.0,65150.0,kept
13995,2011.0,107040.0,missing transmission
0,2014.0,128151.0,$0 price
19995,2013.0,142845.0,duplicates
5995,2011.0,133082.0,kept
14990,2015.0,23614.0,kept
2500,2005.0,195462.0,kept
6995,2016.0,146000.0,kept
5700,2011.0,190000.0,kept
4900,2000.0,157369.0,kept
5900,2002.0,180000.0,kept
23989,2018.0,5929.0,kept
44999,2017.0,15406.0,kept
2700,1999.0,216000.0,kept
4200,2000.0,187500.0,kept
15995,2014.0,105749.0,duplicates
25500,2019.0,,bad odometer
19995,2019.0,21551.0,kept
33590,2019.0,33424.0,duplicates
42990,2018.0,37948.0,kept
2499,2002.0,110886.0,kept
12900,2010.0,122000.0,kept
19995,2011.0,43850.0,kept
70694,2019.0,17549.0,kept
15590,2013.0,99728.0,duplicates
4450,2007.0,132000.0,kept
27990,2012.0,68696.0,duplicates
8900,1998.0,86000.0,kept
19500,2015.0,80527.0,kept
99,2015.0,92653.0,fake price
3500,2002.0,51000.0,kept
24990,2017.0,40338.0,duplicates
0,2014.0,76753.0,$0 price
13990,2012.0,70508.0,kept
5900,1999.0,123000.0,duplicates
7999,2011.0,89219.0,kept
18900,2014.0,143832.0,duplicates
10999,2012.0,153750.0,duplicates
1700,2006.0,177000.0,kept
7500,1995.0,250000.0,kept
9000,2016.0,110275.0,kept
6495,2011.0,136000.0,duplicates
13500,2013.0,145000.0,duplicates
4000,2014.0,333.0,kept
0,2014.0,78451.0,$0 price
26990,2002.0,187404.0,duplicates
22500,2002.0,98368.0,duplicates
0,2012.0,72500.0,$0 price
33990,2019.0,23963.0,duplicates
44200,2020.0,7476.0,kept
9950,2015.0,73922.0,kept
7200,2008.0,155.0,kept
268,2017.0,62495.0,fake price
27990,2014.0,145257.0,duplicates
7998,2006.0,102798.0,kept
5000,2008.0,215000.0,duplicates
8995,2011.0,82076.0,missing title
31590,2020.0,16279.0,duplicates
34999,2015.0,40703.0,kept
23998,2014.0,141483.0,kept
7000,2000.0,180000.0,kept
0,2018.0,,$0 price
20990,2020.0,1668.0,duplicates
12994,2011.0,148463.0,kept
18690,2013.0,109123.0,kept
16500,2006.0,145000.0,kept
31590,2017.0,30577.0,duplicates
37990,2020.0,43097.0,duplicates
13500,1999.0,110000.0,kept
8900,2012.0,,bad odometer
43991,2016.0,9257.0,kept
13946,2016.0,46797.0,kept
9789,2010.0,115900.0,kept
14995,2007.0,166000.0,kept
35590,2017.0,76216.0,duplicates
6499,2004.0,110647.0,kept
28590,2017.0,102.0,duplicates
